#ifndef BIONOVA_EMBEDDED_SCRIPT_H
#define BIONOVA_EMBEDDED_SCRIPT_H
#include <stddef.h>
static const unsigned char embedded_script[] = {
    0x23, 0x21, 0x2f, 0x75, 0x73, 0x72, 0x2f, 0x62, 0x69, 0x6e, 0x2f, 0x65, 0x6e, 0x76, 0x20, 0x62,
    0x61, 0x73, 0x68, 0x0a, 0x73, 0x65, 0x74, 0x20, 0x2d, 0x45, 0x65, 0x75, 0x6f, 0x20, 0x70, 0x69,
    0x70, 0x65, 0x66, 0x61, 0x69, 0x6c, 0x0a, 0x0a, 0x23, 0x20, 0x42, 0x69, 0x6f, 0x69, 0x6e, 0x66,
    0x6f, 0x72, 0x6d, 0x61, 0x74, 0x69, 0x63, 0x73, 0x20, 0x73, 0x65, 0x72, 0x76, 0x65, 0x72, 0x20,
    0x62, 0x6f, 0x6f, 0x74, 0x73, 0x74, 0x72, 0x61, 0x70, 0x20, 0x68, 0x65, 0x6c, 0x70, 0x65, 0x72,
    0x20, 0x66, 0x6f, 0x72, 0x20, 0x55, 0x62, 0x75, 0x6e, 0x74, 0x75, 0x20, 0x32, 0x32, 0x2e, 0x30,
    0x34, 0x2f, 0x32, 0x34, 0x2e, 0x30, 0x34, 0x2e, 0x0a, 0x23, 0x20, 0x43, 0x6f, 0x6e, 0x73, 0x6f,
    0x6c, 0x69, 0x64, 0x61, 0x74, 0x65, 0x64, 0x20, 0x66, 0x72, 0x6f, 0x6d, 0x20, 0x74, 0x68, 0x65,
    0x20, 0x68, 0x69, 0x73, 0x74, 0x6f, 0x72, 0x69, 0x63, 0x61, 0x6c, 0x20, 0x73, 0x65, 0x74, 0x75,
    0x70, 0x2f, 0x61, 0x63, 0x63, 0x6f, 0x75, 0x6e, 0x74, 0x20, 0x73, 0x63, 0x72, 0x69, 0x70, 0x74,
    0x73, 0x20, 0x69, 0x6e, 0x20, 0x74, 0x68, 0x69, 0x73, 0x20, 0x64, 0x69, 0x72, 0x65, 0x63, 0x74,
    0x6f, 0x72, 0x79, 0x2e, 0x0a, 0x23, 0x0a, 0x23, 0x20, 0x55, 0x73, 0x61, 0x67, 0x65, 0x3a, 0x0a,
    0x23, 0x20, 0x20, 0x20, 0x62, 0x61, 0x73, 0x68, 0x20, 0x62, 0x69, 0x6f, 0x69, 0x6e, 0x66, 0x6f,
    0x2d, 0x73, 0x65, 0x72, 0x76, 0x65, 0x72, 0x2d, 0x69, 0x6e, 0x69, 0x74, 0x2e, 0x73, 0x68, 0x0a,
    0x23, 0x20, 0x20, 0x20, 0x62, 0x61, 0x73, 0x68, 0x20, 0x62, 0x69, 0x6f, 0x69, 0x6e, 0x66, 0x6f,
    0x2d, 0x73, 0x65, 0x72, 0x76, 0x65, 0x72, 0x2d, 0x69, 0x6e, 0x69, 0x74, 0x2e, 0x73, 0x68, 0x20,
    0x2d, 0x2d, 0x64, 0x72, 0x79, 0x2d, 0x72, 0x75, 0x6e, 0x0a, 0x23, 0x0a, 0x23, 0x20, 0x4e, 0x6f,
    0x74, 0x65, 0x73, 0x3a, 0x0a, 0x23, 0x20, 0x2d, 0x20, 0x44, 0x65, 0x73, 0x74, 0x72, 0x75, 0x63,
    0x74, 0x69, 0x76, 0x65, 0x20, 0x73, 0x74, 0x6f, 0x72, 0x61, 0x67, 0x65, 0x20, 0x66, 0x6f, 0x72,
    0x6d, 0x61, 0x74, 0x74, 0x69, 0x6e, 0x67, 0x20, 0x69, 0x73, 0x20, 0x6e, 0x65, 0x76, 0x65, 0x72,
    0x20, 0x61, 0x75, 0x74, 0x6f, 0x6d, 0x61, 0x74, 0x69, 0x63, 0x20, 0x61, 0x6e, 0x64, 0x20, 0x72,
    0x65, 0x71, 0x75, 0x69, 0x72, 0x65, 0x73, 0x20, 0x74, 0x79, 0x70, 0x69, 0x6e, 0x67, 0x20, 0x74,
    0x68, 0x65, 0x0a, 0x23, 0x20, 0x20, 0x20, 0x65, 0x78, 0x61, 0x63, 0x74, 0x20, 0x64, 0x65, 0x76,
    0x69, 0x63, 0x65, 0x20, 0x6e, 0x61, 0x6d, 0x65, 0x2e, 0x0a, 0x23, 0x20, 0x2d, 0x20, 0x45, 0x78,
    0x69, 0x73, 0x74, 0x69, 0x6e, 0x67, 0x20, 0x2f, 0x62, 0x69, 0x6e, 0x2f, 0x73, 0x68, 0x20, 0x69,
    0x73, 0x20, 0x69, 0x6e, 0x74, 0x65, 0x6e, 0x74, 0x69, 0x6f, 0x6e, 0x61, 0x6c, 0x6c, 0x79, 0x20,
    0x6c, 0x65, 0x66, 0x74, 0x20, 0x75, 0x6e, 0x74, 0x6f, 0x75, 0x63, 0x68, 0x65, 0x64, 0x2e, 0x0a,
    0x23, 0x20, 0x2d, 0x20, 0x53, 0x79, 0x73, 0x74, 0x65, 0x6d, 0x20, 0x66, 0x69, 0x6c, 0x65, 0x73,
    0x20, 0x61, 0x72, 0x65, 0x20, 0x6f, 0x6e, 0x6c, 0x79, 0x20, 0x61, 0x70, 0x70, 0x65, 0x6e, 0x64,
    0x65, 0x64, 0x20, 0x77, 0x68, 0x65, 0x6e, 0x20, 0x74, 0x68, 0x65, 0x20, 0x72, 0x65, 0x71, 0x75,
    0x65, 0x73, 0x74, 0x65, 0x64, 0x20, 0x65, 0x6e, 0x74, 0x72, 0x79, 0x20, 0x69, 0x73, 0x20, 0x6e,
    0x6f, 0x74, 0x20, 0x70, 0x72, 0x65, 0x73, 0x65, 0x6e, 0x74, 0x2e, 0x0a, 0x0a, 0x53, 0x43, 0x52,
    0x49, 0x50, 0x54, 0x5f, 0x4e, 0x41, 0x4d, 0x45, 0x3d, 0x22, 0x24, 0x28, 0x62, 0x61, 0x73, 0x65,
    0x6e, 0x61, 0x6d, 0x65, 0x20, 0x22, 0x24, 0x30, 0x22, 0x29, 0x22, 0x0a, 0x44, 0x52, 0x59, 0x5f,
    0x52, 0x55, 0x4e, 0x3d, 0x30, 0x0a, 0x54, 0x49, 0x4d, 0x45, 0x5a, 0x4f, 0x4e, 0x45, 0x5f, 0x44,
    0x45, 0x46, 0x41, 0x55, 0x4c, 0x54, 0x3d, 0x22, 0x41, 0x73, 0x69, 0x61, 0x2f, 0x53, 0x68, 0x61,
    0x6e, 0x67, 0x68, 0x61, 0x69, 0x22, 0x0a, 0x44, 0x41, 0x54, 0x41, 0x5f, 0x4d, 0x4f, 0x55, 0x4e,
    0x54, 0x5f, 0x44, 0x45, 0x46, 0x41, 0x55, 0x4c, 0x54, 0x3d, 0x22, 0x2f, 0x64, 0x61, 0x74, 0x61,
    0x5f, 0x64, 0x69, 0x73, 0x6b, 0x22, 0x0a, 0x44, 0x41, 0x54, 0x41, 0x5f, 0x44, 0x45, 0x56, 0x49,
    0x43, 0x45, 0x5f, 0x44, 0x45, 0x46, 0x41, 0x55, 0x4c, 0x54, 0x3d, 0x22, 0x2f, 0x64, 0x65, 0x76,
    0x2f, 0x73, 0x64, 0x62, 0x22, 0x0a, 0x4d, 0x49, 0x4e, 0x49, 0x46, 0x4f, 0x52, 0x47, 0x45, 0x5f,
    0x44, 0x45, 0x46, 0x41, 0x55, 0x4c, 0x54, 0x3d, 0x22, 0x2f, 0x6f, 0x70, 0x74, 0x2f, 0x6d, 0x69,
    0x6e, 0x69, 0x66, 0x6f, 0x72, 0x67, 0x65, 0x33, 0x22, 0x0a, 0x4d, 0x49, 0x4e, 0x49, 0x43, 0x4f,
    0x4e, 0x44, 0x41, 0x5f, 0x53, 0x59, 0x53, 0x54, 0x45, 0x4d, 0x5f, 0x44, 0x45, 0x46, 0x41, 0x55,
    0x4c, 0x54, 0x3d, 0x22, 0x2f, 0x6f, 0x70, 0x74, 0x2f, 0x6d, 0x69, 0x6e, 0x69, 0x63, 0x6f, 0x6e,
    0x64, 0x61, 0x33, 0x22, 0x0a, 0x4d, 0x49, 0x4e, 0x49, 0x43, 0x4f, 0x4e, 0x44, 0x41, 0x5f, 0x50,
    0x52, 0x45, 0x52, 0x45, 0x51, 0x5f, 0x42, 0x49, 0x4e, 0x3d, 0x22, 0x22, 0x0a, 0x4d, 0x49, 0x43,
    0x52, 0x4f, 0x4d, 0x41, 0x4d, 0x42, 0x41, 0x5f, 0x53, 0x59, 0x53, 0x54, 0x45, 0x4d, 0x5f, 0x42,
    0x49, 0x4e, 0x3d, 0x22, 0x2f, 0x75, 0x73, 0x72, 0x2f, 0x6c, 0x6f, 0x63, 0x61, 0x6c, 0x2f, 0x62,
    0x69, 0x6e, 0x2f, 0x6d, 0x69, 0x63, 0x72, 0x6f, 0x6d, 0x61, 0x6d, 0x62, 0x61, 0x22, 0x0a, 0x55,
    0x52, 0x53, 0x4b, 0x59, 0x5f, 0x43, 0x48, 0x41, 0x4e, 0x4e, 0x45, 0x4c, 0x3d, 0x22, 0x68, 0x74,
    0x74, 0x70, 0x73, 0x3a, 0x2f, 0x2f, 0x63, 0x6f, 0x6e, 0x64, 0x61, 0x2e, 0x61, 0x6e, 0x61, 0x63,
    0x6f, 0x6e, 0x64, 0x61, 0x2e, 0x6f, 0x72, 0x67, 0x2f, 0x75, 0x72, 0x73, 0x6b, 0x79, 0x22, 0x0a,
    0x54, 0x55, 0x4e, 0x41, 0x5f, 0x4d, 0x41, 0x49, 0x4e, 0x5f, 0x43, 0x48, 0x41, 0x4e, 0x4e, 0x45,
    0x4c, 0x3d, 0x22, 0x68, 0x74, 0x74, 0x70, 0x73, 0x3a, 0x2f, 0x2f, 0x6d, 0x69, 0x72, 0x72, 0x6f,
    0x72, 0x73, 0x2e, 0x74, 0x75, 0x6e, 0x61, 0x2e, 0x74, 0x73, 0x69, 0x6e, 0x67, 0x68, 0x75, 0x61,
    0x2e, 0x65, 0x64, 0x75, 0x2e, 0x63, 0x6e, 0x2f, 0x61, 0x6e, 0x61, 0x63, 0x6f, 0x6e, 0x64, 0x61,
    0x2f, 0x70, 0x6b, 0x67, 0x73, 0x2f, 0x6d, 0x61, 0x69, 0x6e, 0x22, 0x0a, 0x54, 0x55, 0x4e, 0x41,
    0x5f, 0x52, 0x5f, 0x43, 0x48, 0x41, 0x4e, 0x4e, 0x45, 0x4c, 0x3d, 0x22, 0x68, 0x74, 0x74, 0x70,
    0x73, 0x3a, 0x2f, 0x2f, 0x6d, 0x69, 0x72, 0x72, 0x6f, 0x72, 0x73, 0x2e, 0x74, 0x75, 0x6e, 0x61,
    0x2e, 0x74, 0x73, 0x69, 0x6e, 0x67, 0x68, 0x75, 0x61, 0x2e, 0x65, 0x64, 0x75, 0x2e, 0x63, 0x6e,
    0x2f, 0x61, 0x6e, 0x61, 0x63, 0x6f, 0x6e, 0x64, 0x61, 0x2f, 0x70, 0x6b, 0x67, 0x73, 0x2f, 0x72,
    0x22, 0x0a, 0x54, 0x55, 0x4e, 0x41, 0x5f, 0x43, 0x4f, 0x4e, 0x44, 0x41, 0x5f, 0x46, 0x4f, 0x52,
    0x47, 0x45, 0x5f, 0x43, 0x48, 0x41, 0x4e, 0x4e, 0x45, 0x4c, 0x3d, 0x22, 0x68, 0x74, 0x74, 0x70,
    0x73, 0x3a, 0x2f, 0x2f, 0x6d, 0x69, 0x72, 0x72, 0x6f, 0x72, 0x73, 0x2e, 0x74, 0x75, 0x6e, 0x61,
    0x2e, 0x74, 0x73, 0x69, 0x6e, 0x67, 0x68, 0x75, 0x61, 0x2e, 0x65, 0x64, 0x75, 0x2e, 0x63, 0x6e,
    0x2f, 0x61, 0x6e, 0x61, 0x63, 0x6f, 0x6e, 0x64, 0x61, 0x2f, 0x63, 0x6c, 0x6f, 0x75, 0x64, 0x2f,
    0x63, 0x6f, 0x6e, 0x64, 0x61, 0x2d, 0x66, 0x6f, 0x72, 0x67, 0x65, 0x22, 0x0a, 0x54, 0x55, 0x4e,
    0x41, 0x5f, 0x42, 0x49, 0x4f, 0x43, 0x4f, 0x4e, 0x44, 0x41, 0x5f, 0x43, 0x48, 0x41, 0x4e, 0x4e,
    0x45, 0x4c, 0x3d, 0x22, 0x68, 0x74, 0x74, 0x70, 0x73, 0x3a, 0x2f, 0x2f, 0x6d, 0x69, 0x72, 0x72,
    0x6f, 0x72, 0x73, 0x2e, 0x74, 0x75, 0x6e, 0x61, 0x2e, 0x74, 0x73, 0x69, 0x6e, 0x67, 0x68, 0x75,
    0x61, 0x2e, 0x65, 0x64, 0x75, 0x2e, 0x63, 0x6e, 0x2f, 0x61, 0x6e, 0x61, 0x63, 0x6f, 0x6e, 0x64,
    0x61, 0x2f, 0x63, 0x6c, 0x6f, 0x75, 0x64, 0x2f, 0x62, 0x69, 0x6f, 0x63, 0x6f, 0x6e, 0x64, 0x61,
    0x22, 0x0a, 0x4d, 0x45, 0x54, 0x41, 0x43, 0x41, 0x54, 0x5f, 0x52, 0x45, 0x4c, 0x45, 0x41, 0x53,
    0x45, 0x5f, 0x41, 0x50, 0x49, 0x3d, 0x22, 0x68, 0x74, 0x74, 0x70, 0x73, 0x3a, 0x2f, 0x2f, 0x61,
    0x70, 0x69, 0x2e, 0x67, 0x69, 0x74, 0x68, 0x75, 0x62, 0x2e, 0x63, 0x6f, 0x6d, 0x2f, 0x72, 0x65,
    0x70, 0x6f, 0x73, 0x2f, 0x6c, 0x69, 0x75, 0x2d, 0x63, 0x6f, 0x6e, 0x67, 0x63, 0x6f, 0x6e, 0x67,
    0x2f, 0x4d, 0x65, 0x74, 0x61, 0x43, 0x41, 0x54, 0x2f, 0x72, 0x65, 0x6c, 0x65, 0x61, 0x73, 0x65,
    0x73, 0x2f, 0x6c, 0x61, 0x74, 0x65, 0x73, 0x74, 0x22, 0x0a, 0x43, 0x48, 0x45, 0x43, 0x4b, 0x4d,
    0x32, 0x5f, 0x44, 0x42, 0x5f, 0x55, 0x52, 0x4c, 0x3d, 0x22, 0x68, 0x74, 0x74, 0x70, 0x73, 0x3a,
    0x2f, 0x2f, 0x7a, 0x65, 0x6e, 0x6f, 0x64, 0x6f, 0x2e, 0x6f, 0x72, 0x67, 0x2f, 0x61, 0x70, 0x69,
    0x2f, 0x72, 0x65, 0x63, 0x6f, 0x72, 0x64, 0x73, 0x2f, 0x31, 0x34, 0x38, 0x39, 0x37, 0x36, 0x32,
    0x38, 0x2f, 0x66, 0x69, 0x6c, 0x65, 0x73, 0x2f, 0x63, 0x68, 0x65, 0x63, 0x6b, 0x6d, 0x32, 0x5f,
    0x64, 0x61, 0x74, 0x61, 0x62, 0x61, 0x73, 0x65, 0x2e, 0x74, 0x61, 0x72, 0x2e, 0x67, 0x7a, 0x2f,
    0x63, 0x6f, 0x6e, 0x74, 0x65, 0x6e, 0x74, 0x22, 0x0a, 0x43, 0x48, 0x45, 0x43, 0x4b, 0x4d, 0x32,
    0x5f, 0x44, 0x42, 0x5f, 0x4d, 0x44, 0x35, 0x3d, 0x22, 0x30, 0x37, 0x63, 0x31, 0x30, 0x36, 0x35,
    0x35, 0x36, 0x32, 0x30, 0x38, 0x34, 0x33, 0x62, 0x35, 0x31, 0x37, 0x64, 0x30, 0x64, 0x66, 0x30,
    0x63, 0x31, 0x36, 0x30, 0x64, 0x39, 0x31, 0x31, 0x66, 0x22, 0x0a, 0x47, 0x54, 0x44, 0x42, 0x54,
    0x4b, 0x5f, 0x52, 0x32, 0x33, 0x32, 0x5f, 0x55, 0x52, 0x4c, 0x3d, 0x22, 0x68, 0x74, 0x74, 0x70,
    0x73, 0x3a, 0x2f, 0x2f, 0x64, 0x61, 0x74, 0x61, 0x2e, 0x67, 0x74, 0x64, 0x62, 0x2e, 0x65, 0x63,
    0x6f, 0x67, 0x65, 0x6e, 0x6f, 0x6d, 0x69, 0x63, 0x2e, 0x6f, 0x72, 0x67, 0x2f, 0x72, 0x65, 0x6c,
    0x65, 0x61, 0x73, 0x65, 0x73, 0x2f, 0x72, 0x65, 0x6c, 0x65, 0x61, 0x73, 0x65, 0x32, 0x33, 0x32,
    0x2f, 0x32, 0x33, 0x32, 0x2e, 0x30, 0x2f, 0x61, 0x75, 0x78, 0x69, 0x6c, 0x6c, 0x61, 0x72, 0x79,
    0x5f, 0x66, 0x69, 0x6c, 0x65, 0x73, 0x2f, 0x67, 0x74, 0x64, 0x62, 0x74, 0x6b, 0x5f, 0x70, 0x61,
    0x63, 0x6b, 0x61, 0x67, 0x65, 0x2f, 0x66, 0x75, 0x6c, 0x6c, 0x5f, 0x70, 0x61, 0x63, 0x6b, 0x61,
    0x67, 0x65, 0x2f, 0x67, 0x74, 0x64, 0x62, 0x74, 0x6b, 0x5f, 0x72, 0x32, 0x33, 0x32, 0x5f, 0x64,
    0x61, 0x74, 0x61, 0x2e, 0x74, 0x61, 0x72, 0x2e, 0x67, 0x7a, 0x22, 0x0a, 0x47, 0x54, 0x44, 0x42,
    0x54, 0x4b, 0x5f, 0x52, 0x32, 0x33, 0x32, 0x5f, 0x4d, 0x44, 0x35, 0x3d, 0x22, 0x32, 0x35, 0x61,
    0x35, 0x39, 0x65, 0x30, 0x33, 0x35, 0x32, 0x62, 0x31, 0x66, 0x64, 0x31, 0x35, 0x30, 0x63, 0x35,
    0x38, 0x39, 0x66, 0x35, 0x36, 0x35, 0x35, 0x39, 0x37, 0x36, 0x37, 0x64, 0x34, 0x22, 0x0a, 0x4d,
    0x45, 0x54, 0x41, 0x43, 0x41, 0x54, 0x5f, 0x4c, 0x41, 0x54, 0x45, 0x53, 0x54, 0x5f, 0x54, 0x41,
    0x47, 0x3d, 0x22, 0x22, 0x0a, 0x4d, 0x45, 0x54, 0x41, 0x43, 0x41, 0x54, 0x5f, 0x4c, 0x41, 0x54,
    0x45, 0x53, 0x54, 0x5f, 0x56, 0x45, 0x52, 0x53, 0x49, 0x4f, 0x4e, 0x3d, 0x22, 0x22, 0x0a, 0x4d,
    0x45, 0x54, 0x41, 0x43, 0x41, 0x54, 0x5f, 0x4c, 0x41, 0x54, 0x45, 0x53, 0x54, 0x5f, 0x57, 0x48,
    0x45, 0x45, 0x4c, 0x3d, 0x22, 0x22, 0x0a, 0x44, 0x45, 0x46, 0x41, 0x55, 0x4c, 0x54, 0x5f, 0x52,
    0x4f, 0x4f, 0x54, 0x5f, 0x53, 0x53, 0x48, 0x5f, 0x4b, 0x45, 0x59, 0x3d, 0x22, 0x73, 0x73, 0x68,
    0x2d, 0x65, 0x64, 0x32, 0x35, 0x35, 0x31, 0x39, 0x20, 0x41, 0x41, 0x41, 0x41, 0x43, 0x33, 0x4e,
    0x7a, 0x61, 0x43, 0x31, 0x6c, 0x5a, 0x44, 0x49, 0x31, 0x4e, 0x54, 0x45, 0x35, 0x41, 0x41, 0x41,
    0x41, 0x49, 0x4a, 0x35, 0x52, 0x6f, 0x2f, 0x44, 0x53, 0x53, 0x71, 0x70, 0x35, 0x32, 0x2b, 0x47,
    0x78, 0x58, 0x68, 0x4d, 0x63, 0x66, 0x2b, 0x33, 0x59, 0x61, 0x43, 0x4b, 0x35, 0x61, 0x6a, 0x74,
    0x2f, 0x4b, 0x71, 0x2f, 0x76, 0x69, 0x75, 0x6c, 0x4e, 0x6b, 0x68, 0x35, 0x61, 0x20, 0x61, 0x64,
    0x6d, 0x69, 0x6e, 0x40, 0x6e, 0x6f, 0x63, 0x2e, 0x69, 0x6d, 0x22, 0x0a, 0x4c, 0x4f, 0x47, 0x5f,
    0x44, 0x49, 0x52, 0x3d, 0x22, 0x2f, 0x76, 0x61, 0x72, 0x2f, 0x6c, 0x6f, 0x67, 0x2f, 0x62, 0x69,
    0x6f, 0x69, 0x6e, 0x66, 0x6f, 0x2d, 0x73, 0x65, 0x74, 0x75, 0x70, 0x22, 0x0a, 0x4c, 0x4f, 0x47,
    0x5f, 0x46, 0x49, 0x4c, 0x45, 0x3d, 0x22, 0x22, 0x0a, 0x43, 0x55, 0x52, 0x52, 0x45, 0x4e, 0x54,
    0x5f, 0x41, 0x43, 0x54, 0x49, 0x4f, 0x4e, 0x3d, 0x22, 0x73, 0x74, 0x61, 0x72, 0x74, 0x75, 0x70,
    0x22, 0x0a, 0x4c, 0x41, 0x53, 0x54, 0x5f, 0x43, 0x52, 0x45, 0x41, 0x54, 0x45, 0x44, 0x5f, 0x55,
    0x53, 0x45, 0x52, 0x3d, 0x22, 0x22, 0x0a, 0x0a, 0x69, 0x66, 0x20, 0x5b, 0x5b, 0x20, 0x22, 0x24,
    0x7b, 0x31, 0x3a, 0x2d, 0x7d, 0x22, 0x20, 0x3d, 0x3d, 0x20, 0x22, 0x2d, 0x2d, 0x64, 0x72, 0x79,
    0x2d, 0x72, 0x75, 0x6e, 0x22, 0x20, 0x5d, 0x5d, 0x3b, 0x20, 0x74, 0x68, 0x65, 0x6e, 0x0a, 0x20,
    0x20, 0x44, 0x52, 0x59, 0x5f, 0x52, 0x55, 0x4e, 0x3d, 0x31, 0x0a, 0x65, 0x6c, 0x69, 0x66, 0x20,
    0x5b, 0x5b, 0x20, 0x2d, 0x6e, 0x20, 0x22, 0x24, 0x7b, 0x31, 0x3a, 0x2d, 0x7d, 0x22, 0x20, 0x5d,
    0x5d, 0x3b, 0x20, 0x74, 0x68, 0x65, 0x6e, 0x0a, 0x20, 0x20, 0x70, 0x72, 0x69, 0x6e, 0x74, 0x66,
    0x20, 0x27, 0x55, 0x73, 0x61, 0x67, 0x65, 0x3a, 0x20, 0x25, 0x73, 0x20, 0x5b, 0x2d, 0x2d, 0x64,
    0x72, 0x79, 0x2d, 0x72, 0x75, 0x6e, 0x5d, 0x5c, 0x6e, 0x27, 0x20, 0x22, 0x24, 0x53, 0x43, 0x52,
    0x49, 0x50, 0x54, 0x5f, 0x4e, 0x41, 0x4d, 0x45, 0x22, 0x20, 0x3e, 0x26, 0x32, 0x0a, 0x20, 0x20,
    0x65, 0x78, 0x69, 0x74, 0x20, 0x32, 0x0a, 0x66, 0x69, 0x0a, 0x0a, 0x6c, 0x6f, 0x67, 0x28, 0x29,
    0x20, 0x20, 0x7b, 0x20, 0x70, 0x72, 0x69, 0x6e, 0x74, 0x66, 0x20, 0x27, 0x5c, 0x30, 0x33, 0x33,
    0x5b, 0x31, 0x3b, 0x33, 0x32, 0x6d, 0x5b, 0x2b, 0x5d, 0x5c, 0x30, 0x33, 0x33, 0x5b, 0x30, 0x6d,
    0x20, 0x25, 0x73, 0x5c, 0x6e, 0x27, 0x20, 0x22, 0x24, 0x2a, 0x22, 0x3b, 0x20, 0x7d, 0x0a, 0x69,
    0x6e, 0x66, 0x6f, 0x28, 0x29, 0x20, 0x7b, 0x20, 0x70, 0x72, 0x69, 0x6e, 0x74, 0x66, 0x20, 0x27,
    0x5c, 0x30, 0x33, 0x33, 0x5b, 0x31, 0x3b, 0x33, 0x34, 0x6d, 0x5b, 0x69, 0x5d, 0x5c, 0x30, 0x33,
    0x33, 0x5b, 0x30, 0x6d, 0x20, 0x25, 0x73, 0x5c, 0x6e, 0x27, 0x20, 0x22, 0x24, 0x2a, 0x22, 0x3b,
    0x20, 0x7d, 0x0a, 0x77, 0x61, 0x72, 0x6e, 0x28, 0x29, 0x20, 0x7b, 0x20, 0x70, 0x72, 0x69, 0x6e,
    0x74, 0x66, 0x20, 0x27, 0x5c, 0x30, 0x33, 0x33, 0x5b, 0x31, 0x3b, 0x33, 0x33, 0x6d, 0x5b, 0x21,
    0x5d, 0x5c, 0x30, 0x33, 0x33, 0x5b, 0x30, 0x6d, 0x20, 0x25, 0x73, 0x5c, 0x6e, 0x27, 0x20, 0x22,
    0x24, 0x2a, 0x22, 0x20, 0x3e, 0x26, 0x32, 0x3b, 0x20, 0x7d, 0x0a, 0x64, 0x69, 0x65, 0x28, 0x29,
    0x20, 0x20, 0x7b, 0x20, 0x70, 0x72, 0x69, 0x6e, 0x74, 0x66, 0x20, 0x27, 0x5c, 0x30, 0x33, 0x33,
    0x5b, 0x31, 0x3b, 0x33, 0x31, 0x6d, 0x5b, 0x78, 0x5d, 0x5c, 0x30, 0x33, 0x33, 0x5b, 0x30, 0x6d,
    0x20, 0x25, 0x73, 0x5c, 0x6e, 0x27, 0x20, 0x22, 0x24, 0x2a, 0x22, 0x20, 0x3e, 0x26, 0x32, 0x3b,
    0x20, 0x65, 0x78, 0x69, 0x74, 0x20, 0x31, 0x3b, 0x20, 0x7d, 0x0a, 0x0a, 0x6f, 0x6e, 0x5f, 0x65,
    0x72, 0x72, 0x6f, 0x72, 0x28, 0x29, 0x20, 0x7b, 0x0a, 0x20, 0x20, 0x6c, 0x6f, 0x63, 0x61, 0x6c,
    0x20, 0x72, 0x63, 0x3d, 0x24, 0x3f, 0x0a, 0x20, 0x20, 0x6c, 0x6f, 0x63, 0x61, 0x6c, 0x20, 0x6c,
    0x69, 0x6e, 0x65, 0x3d, 0x22, 0x24, 0x7b, 0x42, 0x41, 0x53, 0x48, 0x5f, 0x4c, 0x49, 0x4e, 0x45,
    0x4e, 0x4f, 0x5b, 0x30, 0x5d, 0x3a, 0x2d, 0x75, 0x6e, 0x6b, 0x6e, 0x6f, 0x77, 0x6e, 0x7d, 0x22,
    0x0a, 0x20, 0x20, 0x6c, 0x6f, 0x63, 0x61, 0x6c, 0x20, 0x63, 0x6d, 0x64, 0x3d, 0x22, 0x24, 0x7b,
    0x42, 0x41, 0x53, 0x48, 0x5f, 0x43, 0x4f, 0x4d, 0x4d, 0x41, 0x4e, 0x44, 0x3a, 0x2d, 0x75, 0x6e,
    0x6b, 0x6e, 0x6f, 0x77, 0x6e, 0x7d, 0x22, 0x0a, 0x20, 0x20, 0x70, 0x72, 0x69, 0x6e, 0x74, 0x66,
    0x20, 0x27, 0x5c, 0x30, 0x33, 0x33, 0x5b, 0x31, 0x3b, 0x33, 0x31, 0x6d, 0x5b, 0x78, 0x5d, 0x5c,
    0x30, 0x33, 0x33, 0x5b, 0x30, 0x6d, 0x20, 0x61, 0x63, 0x74, 0x69, 0x6f, 0x6e, 0x3d, 0x25, 0x73,
    0x20, 0x72, 0x63, 0x3d, 0x25, 0x73, 0x20, 0x6c, 0x69, 0x6e, 0x65, 0x3d, 0x25, 0x73, 0x20, 0x63,
    0x6f, 0x6d, 0x6d, 0x61, 0x6e, 0x64, 0x3d, 0x25, 0x71, 0x5c, 0x6e, 0x27, 0x20, 0x20, 0x20, 0x20,
    0x20, 0x22, 0x24, 0x7b, 0x43, 0x55, 0x52, 0x52, 0x45, 0x4e, 0x54, 0x5f, 0x41, 0x43, 0x54, 0x49,
    0x4f, 0x4e, 0x3a, 0x2d, 0x75, 0x6e, 0x6b, 0x6e, 0x6f, 0x77, 0x6e, 0x7d, 0x22, 0x20, 0x22, 0x24,
    0x72, 0x63, 0x22, 0x20, 0x22, 0x24, 0x6c, 0x69, 0x6e, 0x65, 0x22, 0x20, 0x22, 0x24, 0x63, 0x6d,
    0x64, 0x22, 0x20, 0x3e, 0x26, 0x32, 0x0a, 0x20, 0x20, 0x72, 0x65, 0x74, 0x75, 0x72, 0x6e, 0x20,
    0x22, 0x24, 0x72, 0x63, 0x22, 0x0a, 0x7d, 0x0a, 0x0a, 0x74, 0x72, 0x61, 0x70, 0x20, 0x6f, 0x6e,
    0x5f, 0x65, 0x72, 0x72, 0x6f, 0x72, 0x20, 0x45, 0x52, 0x52, 0x0a, 0x0a, 0x69, 0x6e, 0x69, 0x74,
    0x5f, 0x6c, 0x6f, 0x67, 0x67, 0x69, 0x6e, 0x67, 0x28, 0x29, 0x20, 0x7b, 0x0a, 0x20, 0x20, 0x6c,
    0x6f, 0x63, 0x61, 0x6c, 0x20, 0x75, 0x73, 0x65, 0x72, 0x0a, 0x20, 0x20, 0x75, 0x73, 0x65, 0x72,
    0x3d, 0x22, 0x24, 0x28, 0x6c, 0x6f, 0x67, 0x69, 0x6e, 0x5f, 0x75, 0x73, 0x65, 0x72, 0x29, 0x22,
    0x0a, 0x0a, 0x20, 0x20, 0x69, 0x66, 0x20, 0x28, 0x28, 0x20, 0x44, 0x52, 0x59, 0x5f, 0x52, 0x55,
    0x4e, 0x20, 0x29, 0x29, 0x3b, 0x20, 0x74, 0x68, 0x65, 0x6e, 0x0a, 0x20, 0x20, 0x20, 0x20, 0x4c,
    0x4f, 0x47, 0x5f, 0x46, 0x49, 0x4c, 0x45, 0x3d, 0x22, 0x2f, 0x74, 0x6d, 0x70, 0x2f, 0x62, 0x69,
    0x6f, 0x69, 0x6e, 0x66, 0x6f, 0x2d, 0x73, 0x65, 0x74, 0x75, 0x70, 0x2d, 0x64, 0x72, 0x79, 0x2d,
    0x72, 0x75, 0x6e, 0x2d, 0x24, 0x7b, 0x75, 0x73, 0x65, 0x72, 0x7d, 0x2d, 0x24, 0x28, 0x64, 0x61,
    0x74, 0x65, 0x20, 0x2b, 0x25, 0x59, 0x25, 0x6d, 0x25, 0x64, 0x2d, 0x25, 0x48, 0x25, 0x4d, 0x25,
    0x53, 0x29, 0x2d, 0x24, 0x24, 0x2e, 0x6c, 0x6f, 0x67, 0x22, 0x0a, 0x20, 0x20, 0x65, 0x6c, 0x73,
    0x65, 0x0a, 0x20, 0x20, 0x20, 0x20, 0x69, 0x66, 0x20, 0x28, 0x28, 0x20, 0x45, 0x55, 0x49, 0x44,
    0x20, 0x3d, 0x3d, 0x20, 0x30, 0x20, 0x29, 0x29, 0x3b, 0x20, 0x74, 0x68, 0x65, 0x6e, 0x0a, 0x20,
    0x20, 0x20, 0x20, 0x20, 0x20, 0x6d, 0x6b, 0x64, 0x69, 0x72, 0x20, 0x2d, 0x70, 0x20, 0x22, 0x24,
    0x4c, 0x4f, 0x47, 0x5f, 0x44, 0x49, 0x52, 0x22, 0x0a, 0x20, 0x20, 0x20, 0x20, 0x20, 0x20, 0x4c,
    0x4f, 0x47, 0x5f, 0x46, 0x49, 0x4c, 0x45, 0x3d, 0x22, 0x24, 0x4c, 0x4f, 0x47, 0x5f, 0x44, 0x49,
    0x52, 0x2f, 0x73, 0x65, 0x74, 0x75, 0x70, 0x2d, 0x24, 0x28, 0x64, 0x61, 0x74, 0x65, 0x20, 0x2b,
    0x25, 0x59, 0x25, 0x6d, 0x25, 0x64, 0x2d, 0x25, 0x48, 0x25, 0x4d, 0x25, 0x53, 0x29, 0x2d, 0x24,
    0x24, 0x2e, 0x6c, 0x6f, 0x67, 0x22, 0x0a, 0x20, 0x20, 0x20, 0x20, 0x20, 0x20, 0x74, 0x6f, 0x75,
    0x63, 0x68, 0x20, 0x22, 0x24, 0x4c, 0x4f, 0x47, 0x5f, 0x46, 0x49, 0x4c, 0x45, 0x22, 0x0a, 0x20,
    0x20, 0x20, 0x20, 0x65, 0x6c, 0x73, 0x65, 0x0a, 0x20, 0x20, 0x20, 0x20, 0x20, 0x20, 0x63, 0x6f,
    0x6d, 0x6d, 0x61, 0x6e, 0x64, 0x20, 0x2d, 0x76, 0x20, 0x73, 0x75, 0x64, 0x6f, 0x20, 0x3e, 0x2f,
    0x64, 0x65, 0x76, 0x2f, 0x6e, 0x75, 0x6c, 0x6c, 0x20, 0x32, 0x3e, 0x26, 0x31, 0x20, 0x7c, 0x7c,
    0x20, 0x64, 0x69, 0x65, 0x20, 0x22, 0xe9, 0x9c, 0x80, 0xe8, 0xa6, 0x81, 0x20, 0x73, 0x75, 0x64,
    0x6f, 0x20, 0xe5, 0x88, 0x9b, 0xe5, 0xbb, 0xba, 0xe6, 0x97, 0xa5, 0xe5, 0xbf, 0x97, 0xe7, 0x9b,
    0xae, 0xe5, 0xbd, 0x95, 0x20, 0x24, 0x4c, 0x4f, 0x47, 0x5f, 0x44, 0x49, 0x52, 0xe3, 0x80, 0x82,
    0x22, 0x0a, 0x20, 0x20, 0x20, 0x20, 0x20, 0x20, 0x73, 0x75, 0x64, 0x6f, 0x20, 0x6d, 0x6b, 0x64,
    0x69, 0x72, 0x20, 0x2d, 0x70, 0x20, 0x22, 0x24, 0x4c, 0x4f, 0x47, 0x5f, 0x44, 0x49, 0x52, 0x22,
    0x0a, 0x20, 0x20, 0x20, 0x20, 0x20, 0x20, 0x4c, 0x4f, 0x47, 0x5f, 0x46, 0x49, 0x4c, 0x45, 0x3d,
    0x22, 0x24, 0x4c, 0x4f, 0x47, 0x5f, 0x44, 0x49, 0x52, 0x2f, 0x73, 0x65, 0x74, 0x75, 0x70, 0x2d,
    0x24, 0x28, 0x64, 0x61, 0x74, 0x65, 0x20, 0x2b, 0x25, 0x59, 0x25, 0x6d, 0x25, 0x64, 0x2d, 0x25,
    0x48, 0x25, 0x4d, 0x25, 0x53, 0x29, 0x2d, 0x24, 0x24, 0x2e, 0x6c, 0x6f, 0x67, 0x22, 0x0a, 0x20,
    0x20, 0x20, 0x20, 0x20, 0x20, 0x73, 0x75, 0x64, 0x6f, 0x20, 0x74, 0x6f, 0x75, 0x63, 0x68, 0x20,
    0x22, 0x24, 0x4c, 0x4f, 0x47, 0x5f, 0x46, 0x49, 0x4c, 0x45, 0x22, 0x0a, 0x20, 0x20, 0x20, 0x20,
    0x20, 0x20, 0x73, 0x75, 0x64, 0x6f, 0x20, 0x63, 0x68, 0x6f, 0x77, 0x6e, 0x20, 0x22, 0x24, 0x75,
    0x73, 0x65, 0x72, 0x3a, 0x24, 0x28, 0x69, 0x64, 0x20, 0x2d, 0x67, 0x6e, 0x20, 0x22, 0x24, 0x75,
    0x73, 0x65, 0x72, 0x22, 0x29, 0x22, 0x20, 0x22, 0x24, 0x4c, 0x4f, 0x47, 0x5f, 0x46, 0x49, 0x4c,
    0x45, 0x22, 0x0a, 0x20, 0x20, 0x20, 0x20, 0x66, 0x69, 0x0a, 0x20, 0x20, 0x66, 0x69, 0x0a, 0x0a,
    0x20, 0x20, 0x5b, 0x5b, 0x20, 0x2d, 0x6e, 0x20, 0x22, 0x24, 0x4c, 0x4f, 0x47, 0x5f, 0x46, 0x49,
    0x4c, 0x45, 0x22, 0x20, 0x5d, 0x5d, 0x20, 0x7c, 0x7c, 0x20, 0x64, 0x69, 0x65, 0x20, 0x22, 0xe6,
    0x97, 0xa0, 0xe6, 0xb3, 0x95, 0xe5, 0x88, 0x9d, 0xe5, 0xa7, 0x8b, 0xe5, 0x8c, 0x96, 0xe6, 0x97,
    0xa5, 0xe5, 0xbf, 0x97, 0xe6, 0x96, 0x87, 0xe4, 0xbb, 0xb6, 0xe3, 0x80, 0x82, 0x22, 0x0a, 0x20,
    0x20, 0x65, 0x78, 0x65, 0x63, 0x20, 0x3e, 0x20, 0x3e, 0x28, 0x74, 0x65, 0x65, 0x20, 0x2d, 0x61,
    0x20, 0x22, 0x24, 0x4c, 0x4f, 0x47, 0x5f, 0x46, 0x49, 0x4c, 0x45, 0x22, 0x29, 0x20, 0x32, 0x3e,
    0x26, 0x31, 0x0a, 0x20, 0x20, 0x69, 0x6e, 0x66, 0x6f, 0x20, 0x22, 0xe6, 0x97, 0xa5, 0xe5, 0xbf,
    0x97, 0xe6, 0x96, 0x87, 0xe4, 0xbb, 0xb6, 0x3a, 0x20, 0x24, 0x4c, 0x4f, 0x47, 0x5f, 0x46, 0x49,
    0x4c, 0x45, 0x22, 0x0a, 0x7d, 0x0a, 0x0a, 0x62, 0x61, 0x63, 0x6b, 0x75, 0x70, 0x5f, 0x66, 0x69,
    0x6c, 0x65, 0x28, 0x29, 0x20, 0x7b, 0x0a, 0x20, 0x20, 0x6c, 0x6f, 0x63, 0x61, 0x6c, 0x20, 0x66,
    0x69, 0x6c, 0x65, 0x3d, 0x22, 0x24, 0x31, 0x22, 0x0a, 0x20, 0x20, 0x6c, 0x6f, 0x63, 0x61, 0x6c,
    0x20, 0x62, 0x61, 0x63, 0x6b, 0x75, 0x70, 0x0a, 0x20, 0x20, 0x5b, 0x5b, 0x20, 0x2d, 0x65, 0x20,
    0x22, 0x24, 0x66, 0x69, 0x6c, 0x65, 0x22, 0x20, 0x5d, 0x5d, 0x20, 0x7c, 0x7c, 0x20, 0x72, 0x65,
    0x74, 0x75, 0x72, 0x6e, 0x20, 0x30, 0x0a, 0x20, 0x20, 0x62, 0x61, 0x63, 0x6b, 0x75, 0x70, 0x3d,
    0x22, 0x24, 0x7b, 0x66, 0x69, 0x6c, 0x65, 0x7d, 0x2e, 0x62, 0x61, 0x6b, 0x2e, 0x24, 0x28, 0x64,
    0x61, 0x74, 0x65, 0x20, 0x2b, 0x25, 0x59, 0x25, 0x6d, 0x25, 0x64, 0x2d, 0x25, 0x48, 0x25, 0x4d,
    0x25, 0x53, 0x29, 0x22, 0x0a, 0x0a, 0x20, 0x20, 0x69, 0x66, 0x20, 0x28, 0x28, 0x20, 0x44, 0x52,
    0x59, 0x5f, 0x52, 0x55, 0x4e, 0x20, 0x29, 0x29, 0x3b, 0x20, 0x74, 0x68, 0x65, 0x6e, 0x0a, 0x20,
    0x20, 0x20, 0x20, 0x70, 0x72, 0x69, 0x6e, 0x74, 0x66, 0x20, 0x27, 0x5b, 0x64, 0x72, 0x79, 0x2d,
    0x72, 0x75, 0x6e, 0x5d, 0x20, 0x62, 0x61, 0x63, 0x6b, 0x75, 0x70, 0x20, 0x25, 0x71, 0x20, 0x2d,
    0x3e, 0x20, 0x25, 0x71, 0x5c, 0x6e, 0x27, 0x20, 0x22, 0x24, 0x66, 0x69, 0x6c, 0x65, 0x22, 0x20,
    0x22, 0x24, 0x62, 0x61, 0x63, 0x6b, 0x75, 0x70, 0x22, 0x0a, 0x20, 0x20, 0x20, 0x20, 0x72, 0x65,
    0x74, 0x75, 0x72, 0x6e, 0x20, 0x30, 0x0a, 0x20, 0x20, 0x66, 0x69, 0x0a, 0x0a, 0x20, 0x20, 0x61,
    0x73, 0x5f, 0x72, 0x6f, 0x6f, 0x74, 0x20, 0x63, 0x70, 0x20, 0x2d, 0x61, 0x20, 0x22, 0x24, 0x66,
    0x69, 0x6c, 0x65, 0x22, 0x20, 0x22, 0x24, 0x62, 0x61, 0x63, 0x6b, 0x75, 0x70, 0x22, 0x0a, 0x20,
    0x20, 0x69, 0x6e, 0x66, 0x6f, 0x20, 0x22, 0xe5, 0xb7, 0xb2, 0xe5, 0xa4, 0x87, 0xe4, 0xbb, 0xbd,
    0x3a, 0x20, 0x24, 0x62, 0x61, 0x63, 0x6b, 0x75, 0x70, 0x22, 0x0a, 0x7d, 0x0a, 0x0a, 0x70, 0x61,
    0x75, 0x73, 0x65, 0x28, 0x29, 0x20, 0x7b, 0x0a, 0x20, 0x20, 0x72, 0x65, 0x61, 0x64, 0x20, 0x2d,
    0x72, 0x20, 0x2d, 0x70, 0x20, 0x22, 0xe6, 0x8c, 0x89, 0x20, 0x45, 0x6e, 0x74, 0x65, 0x72, 0x20,
    0xe8, 0xbf, 0x94, 0xe5, 0x9b, 0x9e, 0xe8, 0x8f, 0x9c, 0xe5, 0x8d, 0x95, 0x2e, 0x2e, 0x2e, 0x22,
    0x20, 0x5f, 0x0a, 0x7d, 0x0a, 0x0a, 0x63, 0x6f, 0x6e, 0x66, 0x69, 0x72, 0x6d, 0x28, 0x29, 0x20,
    0x7b, 0x0a, 0x20, 0x20, 0x6c, 0x6f, 0x63, 0x61, 0x6c, 0x20, 0x70, 0x72, 0x6f, 0x6d, 0x70, 0x74,
    0x3d, 0x22, 0x24, 0x31, 0x22, 0x0a, 0x20, 0x20, 0x6c, 0x6f, 0x63, 0x61, 0x6c, 0x20, 0x64, 0x65,
    0x66, 0x61, 0x75, 0x6c, 0x74, 0x3d, 0x22, 0x24, 0x7b, 0x32, 0x3a, 0x2d, 0x4e, 0x7d, 0x22, 0x0a,
    0x20, 0x20, 0x6c, 0x6f, 0x63, 0x61, 0x6c, 0x20, 0x61, 0x6e, 0x73, 0x77, 0x65, 0x72, 0x0a, 0x20,
    0x20, 0x6c, 0x6f, 0x63, 0x61, 0x6c, 0x20, 0x68, 0x69, 0x6e, 0x74, 0x3d, 0x22, 0x5b, 0x79, 0x2f,
    0x4e, 0x5d, 0x22, 0x0a, 0x20, 0x20, 0x5b, 0x5b, 0x20, 0x22, 0x24, 0x64, 0x65, 0x66, 0x61, 0x75,
    0x6c, 0x74, 0x22, 0x20, 0x3d, 0x3d, 0x20, 0x22, 0x59, 0x22, 0x20, 0x5d, 0x5d, 0x20, 0x26, 0x26,
    0x20, 0x68, 0x69, 0x6e, 0x74, 0x3d, 0x22, 0x5b, 0x59, 0x2f, 0x6e, 0x5d, 0x22, 0x0a, 0x20, 0x20,
    0x72, 0x65, 0x61, 0x64, 0x20, 0x2d, 0x72, 0x20, 0x2d, 0x70, 0x20, 0x22, 0x24, 0x70, 0x72, 0x6f,
    0x6d, 0x70, 0x74, 0x20, 0x24, 0x68, 0x69, 0x6e, 0x74, 0x20, 0x22, 0x20, 0x61, 0x6e, 0x73, 0x77,
    0x65, 0x72, 0x0a, 0x20, 0x20, 0x61, 0x6e, 0x73, 0x77, 0x65, 0x72, 0x3d, 0x22, 0x24, 0x7b, 0x61,
    0x6e, 0x73, 0x77, 0x65, 0x72, 0x3a, 0x2d, 0x24, 0x64, 0x65, 0x66, 0x61, 0x75, 0x6c, 0x74, 0x7d,
    0x22, 0x0a, 0x20, 0x20, 0x5b, 0x5b, 0x20, 0x22, 0x24, 0x61, 0x6e, 0x73, 0x77, 0x65, 0x72, 0x22,
    0x20, 0x3d, 0x7e, 0x20, 0x5e, 0x5b, 0x59, 0x79, 0x5d, 0x24, 0x20, 0x5d, 0x5d, 0x0a, 0x7d, 0x0a,
    0x0a, 0x72, 0x75, 0x6e, 0x28, 0x29, 0x20, 0x7b, 0x0a, 0x20, 0x20, 0x69, 0x66, 0x20, 0x28, 0x28,
    0x20, 0x44, 0x52, 0x59, 0x5f, 0x52, 0x55, 0x4e, 0x20, 0x29, 0x29, 0x3b, 0x20, 0x74, 0x68, 0x65,
    0x6e, 0x0a, 0x20, 0x20, 0x20, 0x20, 0x70, 0x72, 0x69, 0x6e, 0x74, 0x66, 0x20, 0x27, 0x5b, 0x64,
    0x72, 0x79, 0x2d, 0x72, 0x75, 0x6e, 0x5d, 0x27, 0x0a, 0x20, 0x20, 0x20, 0x20, 0x70, 0x72, 0x69,
    0x6e, 0x74, 0x66, 0x20, 0x27, 0x20, 0x25, 0x71, 0x27, 0x20, 0x22, 0x24, 0x40, 0x22, 0x0a, 0x20,
    0x20, 0x20, 0x20, 0x70, 0x72, 0x69, 0x6e, 0x74, 0x66, 0x20, 0x27, 0x5c, 0x6e, 0x27, 0x0a, 0x20,
    0x20, 0x20, 0x20, 0x72, 0x65, 0x74, 0x75, 0x72, 0x6e, 0x20, 0x30, 0x0a, 0x20, 0x20, 0x66, 0x69,
    0x0a, 0x20, 0x20, 0x22, 0x24, 0x40, 0x22, 0x0a, 0x7d, 0x0a, 0x0a, 0x61, 0x73, 0x5f, 0x72, 0x6f,
    0x6f, 0x74, 0x28, 0x29, 0x20, 0x7b, 0x0a, 0x20, 0x20, 0x69, 0x66, 0x20, 0x28, 0x28, 0x20, 0x45,
    0x55, 0x49, 0x44, 0x20, 0x3d, 0x3d, 0x20, 0x30, 0x20, 0x29, 0x29, 0x3b, 0x20, 0x74, 0x68, 0x65,
    0x6e, 0x0a, 0x20, 0x20, 0x20, 0x20, 0x72, 0x75, 0x6e, 0x20, 0x22, 0x24, 0x40, 0x22, 0x0a, 0x20,
    0x20, 0x65, 0x6c, 0x73, 0x65, 0x0a, 0x20, 0x20, 0x20, 0x20, 0x63, 0x6f, 0x6d, 0x6d, 0x61, 0x6e,
    0x64, 0x20, 0x2d, 0x76, 0x20, 0x73, 0x75, 0x64, 0x6f, 0x20, 0x3e, 0x2f, 0x64, 0x65, 0x76, 0x2f,
    0x6e, 0x75, 0x6c, 0x6c, 0x20, 0x32, 0x3e, 0x26, 0x31, 0x20, 0x7c, 0x7c, 0x20, 0x64, 0x69, 0x65,
    0x20, 0x22, 0xe9, 0x9c, 0x80, 0xe8, 0xa6, 0x81, 0x20, 0x72, 0x6f, 0x6f, 0x74, 0x20, 0xe6, 0x9d,
    0x83, 0xe9, 0x99, 0x90, 0xef, 0xbc, 0x8c, 0xe4, 0xbd, 0x86, 0xe7, 0xb3, 0xbb, 0xe7, 0xbb, 0x9f,
    0xe6, 0x9c, 0xaa, 0xe5, 0xae, 0x89, 0xe8, 0xa3, 0x85, 0x20, 0x73, 0x75, 0x64, 0x6f, 0xe3, 0x80,
    0x82, 0x22, 0x0a, 0x20, 0x20, 0x20, 0x20, 0x72, 0x75, 0x6e, 0x20, 0x73, 0x75, 0x64, 0x6f, 0x20,
    0x22, 0x24, 0x40, 0x22, 0x0a, 0x20, 0x20, 0x66, 0x69, 0x0a, 0x7d, 0x0a, 0x0a, 0x6c, 0x6f, 0x67,
    0x69, 0x6e, 0x5f, 0x75, 0x73, 0x65, 0x72, 0x28, 0x29, 0x20, 0x7b, 0x0a, 0x20, 0x20, 0x70, 0x72,
    0x69, 0x6e, 0x74, 0x66, 0x20, 0x27, 0x25, 0x73, 0x27, 0x20, 0x22, 0x24, 0x7b, 0x53, 0x55, 0x44,
    0x4f, 0x5f, 0x55, 0x53, 0x45, 0x52, 0x3a, 0x2d, 0x24, 0x7b, 0x55, 0x53, 0x45, 0x52, 0x3a, 0x2d,
    0x24, 0x28, 0x69, 0x64, 0x20, 0x2d, 0x75, 0x6e, 0x29, 0x7d, 0x7d, 0x22, 0x0a, 0x7d, 0x0a, 0x0a,
    0x6c, 0x6f, 0x67, 0x69, 0x6e, 0x5f, 0x68, 0x6f, 0x6d, 0x65, 0x28, 0x29, 0x20, 0x7b, 0x0a, 0x20,
    0x20, 0x6c, 0x6f, 0x63, 0x61, 0x6c, 0x20, 0x75, 0x73, 0x65, 0x72, 0x0a, 0x20, 0x20, 0x75, 0x73,
    0x65, 0x72, 0x3d, 0x22, 0x24, 0x28, 0x6c, 0x6f, 0x67, 0x69, 0x6e, 0x5f, 0x75, 0x73, 0x65, 0x72,
    0x29, 0x22, 0x0a, 0x20, 0x20, 0x67, 0x65, 0x74, 0x65, 0x6e, 0x74, 0x20, 0x70, 0x61, 0x73, 0x73,
    0x77, 0x64, 0x20, 0x22, 0x24, 0x75, 0x73, 0x65, 0x72, 0x22, 0x20, 0x7c, 0x20, 0x63, 0x75, 0x74,
    0x20, 0x2d, 0x64, 0x3a, 0x20, 0x2d, 0x66, 0x36, 0x0a, 0x7d, 0x0a, 0x0a, 0x61, 0x73, 0x5f, 0x6c,
    0x6f, 0x67, 0x69, 0x6e, 0x5f, 0x75, 0x73, 0x65, 0x72, 0x28, 0x29, 0x20, 0x7b, 0x0a, 0x20, 0x20,
    0x6c, 0x6f, 0x63, 0x61, 0x6c, 0x20, 0x75, 0x73, 0x65, 0x72, 0x20, 0x68, 0x6f, 0x6d, 0x65, 0x0a,
    0x20, 0x20, 0x75, 0x73, 0x65, 0x72, 0x3d, 0x22, 0x24, 0x28, 0x6c, 0x6f, 0x67, 0x69, 0x6e, 0x5f,
    0x75, 0x73, 0x65, 0x72, 0x29, 0x22, 0x0a, 0x20, 0x20, 0x68, 0x6f, 0x6d, 0x65, 0x3d, 0x22, 0x24,
    0x28, 0x6c, 0x6f, 0x67, 0x69, 0x6e, 0x5f, 0x68, 0x6f, 0x6d, 0x65, 0x29, 0x22, 0x0a, 0x20, 0x20,
    0x5b, 0x5b, 0x20, 0x2d, 0x6e, 0x20, 0x22, 0x24, 0x68, 0x6f, 0x6d, 0x65, 0x22, 0x20, 0x5d, 0x5d,
    0x20, 0x7c, 0x7c, 0x20, 0x7b, 0x20, 0x77, 0x61, 0x72, 0x6e, 0x20, 0x22, 0xe6, 0x97, 0xa0, 0xe6,
    0xb3, 0x95, 0xe8, 0xaf, 0xbb, 0xe5, 0x8f, 0x96, 0xe7, 0x99, 0xbb, 0xe5, 0xbd, 0x95, 0xe7, 0x94,
    0xa8, 0xe6, 0x88, 0xb7, 0x20, 0x24, 0x75, 0x73, 0x65, 0x72, 0x20, 0xe7, 0x9a, 0x84, 0x20, 0x68,
    0x6f, 0x6d, 0x65, 0xe3, 0x80, 0x82, 0x22, 0x3b, 0x20, 0x72, 0x65, 0x74, 0x75, 0x72, 0x6e, 0x20,
    0x31, 0x3b, 0x20, 0x7d, 0x0a, 0x0a, 0x20, 0x20, 0x69, 0x66, 0x20, 0x28, 0x28, 0x20, 0x45, 0x55,
    0x49, 0x44, 0x20, 0x3d, 0x3d, 0x20, 0x30, 0x20, 0x29, 0x29, 0x20, 0x26, 0x26, 0x20, 0x5b, 0x5b,
    0x20, 0x22, 0x24, 0x75, 0x73, 0x65, 0x72, 0x22, 0x20, 0x21, 0x3d, 0x20, 0x22, 0x72, 0x6f, 0x6f,
    0x74, 0x22, 0x20, 0x5d, 0x5d, 0x3b, 0x20, 0x74, 0x68, 0x65, 0x6e, 0x0a, 0x20, 0x20, 0x20, 0x20,
    0x72, 0x75, 0x6e, 0x20, 0x73, 0x75, 0x64, 0x6f, 0x20, 0x2d, 0x75, 0x20, 0x22, 0x24, 0x75, 0x73,
    0x65, 0x72, 0x22, 0x20, 0x2d, 0x48, 0x20, 0x65, 0x6e, 0x76, 0x20, 0x48, 0x4f, 0x4d, 0x45, 0x3d,
    0x22, 0x24, 0x68, 0x6f, 0x6d, 0x65, 0x22, 0x20, 0x62, 0x61, 0x73, 0x68, 0x20, 0x2d, 0x63, 0x20,
    0x27, 0x63, 0x64, 0x20, 0x22, 0x24, 0x48, 0x4f, 0x4d, 0x45, 0x22, 0x20, 0x26, 0x26, 0x20, 0x65,
    0x78, 0x65, 0x63, 0x20, 0x22, 0x24, 0x40, 0x22, 0x27, 0x20, 0x62, 0x61, 0x73, 0x68, 0x20, 0x22,
    0x24, 0x40, 0x22, 0x0a, 0x20, 0x20, 0x65, 0x6c, 0x73, 0x65, 0x0a, 0x20, 0x20, 0x20, 0x20, 0x72,
    0x75, 0x6e, 0x20, 0x65, 0x6e, 0x76, 0x20, 0x48, 0x4f, 0x4d, 0x45, 0x3d, 0x22, 0x24, 0x68, 0x6f,
    0x6d, 0x65, 0x22, 0x20, 0x62, 0x61, 0x73, 0x68, 0x20, 0x2d, 0x63, 0x20, 0x27, 0x63, 0x64, 0x20,
    0x22, 0x24, 0x48, 0x4f, 0x4d, 0x45, 0x22, 0x20, 0x26, 0x26, 0x20, 0x65, 0x78, 0x65, 0x63, 0x20,
    0x22, 0x24, 0x40, 0x22, 0x27, 0x20, 0x62, 0x61, 0x73, 0x68, 0x20, 0x22, 0x24, 0x40, 0x22, 0x0a,
    0x20, 0x20, 0x66, 0x69, 0x0a, 0x7d, 0x0a, 0x0a, 0x0a, 0x61, 0x73, 0x5f, 0x6e, 0x61, 0x6d, 0x65,
    0x64, 0x5f, 0x75, 0x73, 0x65, 0x72, 0x28, 0x29, 0x20, 0x7b, 0x0a, 0x20, 0x20, 0x6c, 0x6f, 0x63,
    0x61, 0x6c, 0x20, 0x75, 0x73, 0x65, 0x72, 0x3d, 0x22, 0x24, 0x31, 0x22, 0x0a, 0x20, 0x20, 0x73,
    0x68, 0x69, 0x66, 0x74, 0x0a, 0x20, 0x20, 0x6c, 0x6f, 0x63, 0x61, 0x6c, 0x20, 0x68, 0x6f, 0x6d,
    0x65, 0x0a, 0x20, 0x20, 0x68, 0x6f, 0x6d, 0x65, 0x3d, 0x22, 0x24, 0x28, 0x67, 0x65, 0x74, 0x65,
    0x6e, 0x74, 0x20, 0x70, 0x61, 0x73, 0x73, 0x77, 0x64, 0x20, 0x22, 0x24, 0x75, 0x73, 0x65, 0x72,
    0x22, 0x20, 0x32, 0x3e, 0x2f, 0x64, 0x65, 0x76, 0x2f, 0x6e, 0x75, 0x6c, 0x6c, 0x20, 0x7c, 0x20,
    0x63, 0x75, 0x74, 0x20, 0x2d, 0x64, 0x3a, 0x20, 0x2d, 0x66, 0x36, 0x20, 0x7c, 0x7c, 0x20, 0x74,
    0x72, 0x75, 0x65, 0x29, 0x22, 0x0a, 0x20, 0x20, 0x69, 0x66, 0x20, 0x5b, 0x5b, 0x20, 0x2d, 0x7a,
    0x20, 0x22, 0x24, 0x68, 0x6f, 0x6d, 0x65, 0x22, 0x20, 0x5d, 0x5d, 0x20, 0x26, 0x26, 0x20, 0x28,
    0x28, 0x20, 0x44, 0x52, 0x59, 0x5f, 0x52, 0x55, 0x4e, 0x20, 0x29, 0x29, 0x20, 0x26, 0x26, 0x20,
    0x5b, 0x5b, 0x20, 0x22, 0x24, 0x75, 0x73, 0x65, 0x72, 0x22, 0x20, 0x3d, 0x3d, 0x20, 0x22, 0x24,
    0x4c, 0x41, 0x53, 0x54, 0x5f, 0x43, 0x52, 0x45, 0x41, 0x54, 0x45, 0x44, 0x5f, 0x55, 0x53, 0x45,
    0x52, 0x22, 0x20, 0x5d, 0x5d, 0x3b, 0x20, 0x74, 0x68, 0x65, 0x6e, 0x0a, 0x20, 0x20, 0x20, 0x20,
    0x68, 0x6f, 0x6d, 0x65, 0x3d, 0x22, 0x2f, 0x68, 0x6f, 0x6d, 0x65, 0x2f, 0x24, 0x75, 0x73, 0x65,
    0x72, 0x22, 0x0a, 0x20, 0x20, 0x66, 0x69, 0x0a, 0x20, 0x20, 0x5b, 0x5b, 0x20, 0x2d, 0x6e, 0x20,
    0x22, 0x24, 0x68, 0x6f, 0x6d, 0x65, 0x22, 0x20, 0x5d, 0x5d, 0x20, 0x7c, 0x7c, 0x20, 0x7b, 0x20,
    0x77, 0x61, 0x72, 0x6e, 0x20, 0x22, 0xe6, 0x89, 0xbe, 0xe4, 0xb8, 0x8d, 0xe5, 0x88, 0xb0, 0xe7,
    0x94, 0xa8, 0xe6, 0x88, 0xb7, 0x20, 0x24, 0x75, 0x73, 0x65, 0x72, 0x20, 0xe7, 0x9a, 0x84, 0x20,
    0x68, 0x6f, 0x6d, 0x65, 0xe3, 0x80, 0x82, 0x22, 0x3b, 0x20, 0x72, 0x65, 0x74, 0x75, 0x72, 0x6e,
    0x20, 0x31, 0x3b, 0x20, 0x7d, 0x0a, 0x0a, 0x20, 0x20, 0x69, 0x66, 0x20, 0x5b, 0x5b, 0x20, 0x22,
    0x24, 0x28, 0x69, 0x64, 0x20, 0x2d, 0x75, 0x6e, 0x29, 0x22, 0x20, 0x3d, 0x3d, 0x20, 0x22, 0x24,
    0x75, 0x73, 0x65, 0x72, 0x22, 0x20, 0x5d, 0x5d, 0x3b, 0x20, 0x74, 0x68, 0x65, 0x6e, 0x0a, 0x20,
    0x20, 0x20, 0x20, 0x72, 0x75, 0x6e, 0x20, 0x65, 0x6e, 0x76, 0x20, 0x48, 0x4f, 0x4d, 0x45, 0x3d,
    0x22, 0x24, 0x68, 0x6f, 0x6d, 0x65, 0x22, 0x20, 0x62, 0x61, 0x73, 0x68, 0x20, 0x2d, 0x63, 0x20,
    0x27, 0x63, 0x64, 0x20, 0x22, 0x24, 0x48, 0x4f, 0x4d, 0x45, 0x22, 0x20, 0x26, 0x26, 0x20, 0x65,
    0x78, 0x65, 0x63, 0x20, 0x22, 0x24, 0x40, 0x22, 0x27, 0x20, 0x62, 0x61, 0x73, 0x68, 0x20, 0x22,
    0x24, 0x40, 0x22, 0x0a, 0x20, 0x20, 0x65, 0x6c, 0x69, 0x66, 0x20, 0x28, 0x28, 0x20, 0x45, 0x55,
    0x49, 0x44, 0x20, 0x3d, 0x3d, 0x20, 0x30, 0x20, 0x29, 0x29, 0x3b, 0x20, 0x74, 0x68, 0x65, 0x6e,
    0x0a, 0x20, 0x20, 0x20, 0x20, 0x63, 0x6f, 0x6d, 0x6d, 0x61, 0x6e, 0x64, 0x20, 0x2d, 0x76, 0x20,
    0x72, 0x75, 0x6e, 0x75, 0x73, 0x65, 0x72, 0x20, 0x3e, 0x2f, 0x64, 0x65, 0x76, 0x2f, 0x6e, 0x75,
    0x6c, 0x6c, 0x20, 0x32, 0x3e, 0x26, 0x31, 0x20, 0x7c, 0x7c, 0x20, 0x64, 0x69, 0x65, 0x20, 0x22,
    0xe7, 0xbc, 0xba, 0xe5, 0xb0, 0x91, 0x20, 0x72, 0x75, 0x6e, 0x75, 0x73, 0x65, 0x72, 0xef, 0xbc,
    0x8c, 0xe6, 0x97, 0xa0, 0xe6, 0xb3, 0x95, 0xe4, 0xbb, 0xa5, 0xe7, 0x94, 0xa8, 0xe6, 0x88, 0xb7,
    0x20, 0x24, 0x75, 0x73, 0x65, 0x72, 0x20, 0xe8, 0xba, 0xab, 0xe4, 0xbb, 0xbd, 0xe6, 0x89, 0xa7,
    0xe8, 0xa1, 0x8c, 0xe5, 0x91, 0xbd, 0xe4, 0xbb, 0xa4, 0xe3, 0x80, 0x82, 0x22, 0x0a, 0x20, 0x20,
    0x20, 0x20, 0x72, 0x75, 0x6e, 0x20, 0x72, 0x75, 0x6e, 0x75, 0x73, 0x65, 0x72, 0x20, 0x2d, 0x75,
    0x20, 0x22, 0x24, 0x75, 0x73, 0x65, 0x72, 0x22, 0x20, 0x2d, 0x2d, 0x20, 0x65, 0x6e, 0x76, 0x20,
    0x48, 0x4f, 0x4d, 0x45, 0x3d, 0x22, 0x24, 0x68, 0x6f, 0x6d, 0x65, 0x22, 0x20, 0x62, 0x61, 0x73,
    0x68, 0x20, 0x2d, 0x63, 0x20, 0x27, 0x63, 0x64, 0x20, 0x22, 0x24, 0x48, 0x4f, 0x4d, 0x45, 0x22,
    0x20, 0x26, 0x26, 0x20, 0x65, 0x78, 0x65, 0x63, 0x20, 0x22, 0x24, 0x40, 0x22, 0x27, 0x20, 0x62,
    0x61, 0x73, 0x68, 0x20, 0x22, 0x24, 0x40, 0x22, 0x0a, 0x20, 0x20, 0x65, 0x6c, 0x73, 0x65, 0x0a,
    0x20, 0x20, 0x20, 0x20, 0x63, 0x6f, 0x6d, 0x6d, 0x61, 0x6e, 0x64, 0x20, 0x2d, 0x76, 0x20, 0x73,
    0x75, 0x64, 0x6f, 0x20, 0x3e, 0x2f, 0x64, 0x65, 0x76, 0x2f, 0x6e, 0x75, 0x6c, 0x6c, 0x20, 0x32,
    0x3e, 0x26, 0x31, 0x20, 0x7c, 0x7c, 0x20, 0x64, 0x69, 0x65, 0x20, 0x22, 0xe9, 0x9c, 0x80, 0xe8,
    0xa6, 0x81, 0x20, 0x73, 0x75, 0x64, 0x6f, 0x20, 0xe6, 0x89, 0x8d, 0xe8, 0x83, 0xbd, 0xe4, 0xb8,
    0xba, 0xe5, 0x85, 0xb6, 0xe4, 0xbb, 0x96, 0xe7, 0x94, 0xa8, 0xe6, 0x88, 0xb7, 0xe6, 0x89, 0xa7,
    0xe8, 0xa1, 0x8c, 0xe5, 0xae, 0x89, 0xe8, 0xa3, 0x85, 0xe3, 0x80, 0x82, 0x22, 0x0a, 0x20, 0x20,
    0x20, 0x20, 0x72, 0x75, 0x6e, 0x20, 0x73, 0x75, 0x64, 0x6f, 0x20, 0x2d, 0x75, 0x20, 0x22, 0x24,
    0x75, 0x73, 0x65, 0x72, 0x22, 0x20, 0x2d, 0x48, 0x20, 0x65, 0x6e, 0x76, 0x20, 0x48, 0x4f, 0x4d,
    0x45, 0x3d, 0x22, 0x24, 0x68, 0x6f, 0x6d, 0x65, 0x22, 0x20, 0x62, 0x61, 0x73, 0x68, 0x20, 0x2d,
    0x63, 0x20, 0x27, 0x63, 0x64, 0x20, 0x22, 0x24, 0x48, 0x4f, 0x4d, 0x45, 0x22, 0x20, 0x26, 0x26,
    0x20, 0x65, 0x78, 0x65, 0x63, 0x20, 0x22, 0x24, 0x40, 0x22, 0x27, 0x20, 0x62, 0x61, 0x73, 0x68,
    0x20, 0x22, 0x24, 0x40, 0x22, 0x0a, 0x20, 0x20, 0x66, 0x69, 0x0a, 0x7d, 0x0a, 0x0a, 0x61, 0x73,
    0x5f, 0x6e, 0x61, 0x6d, 0x65, 0x64, 0x5f, 0x75, 0x73, 0x65, 0x72, 0x5f, 0x69, 0x6e, 0x5f, 0x64,
    0x69, 0x72, 0x28, 0x29, 0x20, 0x7b, 0x0a, 0x20, 0x20, 0x6c, 0x6f, 0x63, 0x61, 0x6c, 0x20, 0x75,
    0x73, 0x65, 0x72, 0x3d, 0x22, 0x24, 0x31, 0x22, 0x0a, 0x20, 0x20, 0x6c, 0x6f, 0x63, 0x61, 0x6c,
    0x20, 0x64, 0x69, 0x72, 0x3d, 0x22, 0x24, 0x32, 0x22, 0x0a, 0x20, 0x20, 0x73, 0x68, 0x69, 0x66,
    0x74, 0x20, 0x32, 0x0a, 0x20, 0x20, 0x61, 0x73, 0x5f, 0x6e, 0x61, 0x6d, 0x65, 0x64, 0x5f, 0x75,
    0x73, 0x65, 0x72, 0x20, 0x22, 0x24, 0x75, 0x73, 0x65, 0x72, 0x22, 0x20, 0x62, 0x61, 0x73, 0x68,
    0x20, 0x2d, 0x63, 0x20, 0x27, 0x63, 0x64, 0x20, 0x22, 0x24, 0x31, 0x22, 0x20, 0x26, 0x26, 0x20,
    0x73, 0x68, 0x69, 0x66, 0x74, 0x20, 0x26, 0x26, 0x20, 0x65, 0x78, 0x65, 0x63, 0x20, 0x22, 0x24,
    0x40, 0x22, 0x27, 0x20, 0x5f, 0x20, 0x22, 0x24, 0x64, 0x69, 0x72, 0x22, 0x20, 0x22, 0x24, 0x40,
    0x22, 0x0a, 0x7d, 0x0a, 0x0a, 0x61, 0x70, 0x70, 0x65, 0x6e, 0x64, 0x5f, 0x6e, 0x61, 0x6d, 0x65,
    0x64, 0x5f, 0x75, 0x73, 0x65, 0x72, 0x5f, 0x6c, 0x69, 0x6e, 0x65, 0x5f, 0x6f, 0x6e, 0x63, 0x65,
    0x28, 0x29, 0x20, 0x7b, 0x0a, 0x20, 0x20, 0x6c, 0x6f, 0x63, 0x61, 0x6c, 0x20, 0x75, 0x73, 0x65,
    0x72, 0x3d, 0x22, 0x24, 0x31, 0x22, 0x0a, 0x20, 0x20, 0x6c, 0x6f, 0x63, 0x61, 0x6c, 0x20, 0x66,
    0x69, 0x6c, 0x65, 0x3d, 0x22, 0x24, 0x32, 0x22, 0x0a, 0x20, 0x20, 0x6c, 0x6f, 0x63, 0x61, 0x6c,
    0x20, 0x6c, 0x69, 0x6e, 0x65, 0x3d, 0x22, 0x24, 0x33, 0x22, 0x0a, 0x0a, 0x20, 0x20, 0x69, 0x66,
    0x20, 0x67, 0x72, 0x65, 0x70, 0x20, 0x2d, 0x46, 0x71, 0x78, 0x20, 0x2d, 0x2d, 0x20, 0x22, 0x24,
    0x6c, 0x69, 0x6e, 0x65, 0x22, 0x20, 0x22, 0x24, 0x66, 0x69, 0x6c, 0x65, 0x22, 0x20, 0x32, 0x3e,
    0x2f, 0x64, 0x65, 0x76, 0x2f, 0x6e, 0x75, 0x6c, 0x6c, 0x3b, 0x20, 0x74, 0x68, 0x65, 0x6e, 0x0a,
    0x20, 0x20, 0x20, 0x20, 0x69, 0x6e, 0x66, 0x6f, 0x20, 0x22, 0x24, 0x66, 0x69, 0x6c, 0x65, 0x20,
    0xe5, 0xb7, 0xb2, 0xe5, 0xad, 0x98, 0xe5, 0x9c, 0xa8, 0x3a, 0x20, 0x24, 0x6c, 0x69, 0x6e, 0x65,
    0x22, 0x0a, 0x20, 0x20, 0x20, 0x20, 0x72, 0x65, 0x74, 0x75, 0x72, 0x6e, 0x20, 0x30, 0x0a, 0x20,
    0x20, 0x66, 0x69, 0x0a, 0x0a, 0x20, 0x20, 0x69, 0x66, 0x20, 0x28, 0x28, 0x20, 0x44, 0x52, 0x59,
    0x5f, 0x52, 0x55, 0x4e, 0x20, 0x29, 0x29, 0x3b, 0x20, 0x74, 0x68, 0x65, 0x6e, 0x0a, 0x20, 0x20,
    0x20, 0x20, 0x70, 0x72, 0x69, 0x6e, 0x74, 0x66, 0x20, 0x27, 0x5b, 0x64, 0x72, 0x79, 0x2d, 0x72,
    0x75, 0x6e, 0x5d, 0x20, 0x61, 0x70, 0x70, 0x65, 0x6e, 0x64, 0x20, 0x25, 0x71, 0x20, 0x74, 0x6f,
    0x20, 0x25, 0x71, 0x20, 0x61, 0x73, 0x20, 0x25, 0x71, 0x5c, 0x6e, 0x27, 0x20, 0x22, 0x24, 0x6c,
    0x69, 0x6e, 0x65, 0x22, 0x20, 0x22, 0x24, 0x66, 0x69, 0x6c, 0x65, 0x22, 0x20, 0x22, 0x24, 0x75,
    0x73, 0x65, 0x72, 0x22, 0x0a, 0x20, 0x20, 0x20, 0x20, 0x72, 0x65, 0x74, 0x75, 0x72, 0x6e, 0x20,
    0x30, 0x0a, 0x20, 0x20, 0x66, 0x69, 0x0a, 0x0a, 0x20, 0x20, 0x61, 0x73, 0x5f, 0x6e, 0x61, 0x6d,
    0x65, 0x64, 0x5f, 0x75, 0x73, 0x65, 0x72, 0x20, 0x22, 0x24, 0x75, 0x73, 0x65, 0x72, 0x22, 0x20,
    0x74, 0x6f, 0x75, 0x63, 0x68, 0x20, 0x22, 0x24, 0x66, 0x69, 0x6c, 0x65, 0x22, 0x0a, 0x20, 0x20,
    0x69, 0x66, 0x20, 0x28, 0x28, 0x20, 0x45, 0x55, 0x49, 0x44, 0x20, 0x3d, 0x3d, 0x20, 0x30, 0x20,
    0x29, 0x29, 0x3b, 0x20, 0x74, 0x68, 0x65, 0x6e, 0x0a, 0x20, 0x20, 0x20, 0x20, 0x70, 0x72, 0x69,
    0x6e, 0x74, 0x66, 0x20, 0x27, 0x25, 0x73, 0x5c, 0x6e, 0x27, 0x20, 0x22, 0x24, 0x6c, 0x69, 0x6e,
    0x65, 0x22, 0x20, 0x7c, 0x20, 0x72, 0x75, 0x6e, 0x75, 0x73, 0x65, 0x72, 0x20, 0x2d, 0x75, 0x20,
    0x22, 0x24, 0x75, 0x73, 0x65, 0x72, 0x22, 0x20, 0x2d, 0x2d, 0x20, 0x74, 0x65, 0x65, 0x20, 0x2d,
    0x61, 0x20, 0x22, 0x24, 0x66, 0x69, 0x6c, 0x65, 0x22, 0x20, 0x3e, 0x2f, 0x64, 0x65, 0x76, 0x2f,
    0x6e, 0x75, 0x6c, 0x6c, 0x0a, 0x20, 0x20, 0x65, 0x6c, 0x69, 0x66, 0x20, 0x5b, 0x5b, 0x20, 0x22,
    0x24, 0x28, 0x69, 0x64, 0x20, 0x2d, 0x75, 0x6e, 0x29, 0x22, 0x20, 0x3d, 0x3d, 0x20, 0x22, 0x24,
    0x75, 0x73, 0x65, 0x72, 0x22, 0x20, 0x5d, 0x5d, 0x3b, 0x20, 0x74, 0x68, 0x65, 0x6e, 0x0a, 0x20,
    0x20, 0x20, 0x20, 0x70, 0x72, 0x69, 0x6e, 0x74, 0x66, 0x20, 0x27, 0x25, 0x73, 0x5c, 0x6e, 0x27,
    0x20, 0x22, 0x24, 0x6c, 0x69, 0x6e, 0x65, 0x22, 0x20, 0x3e, 0x3e, 0x20, 0x22, 0x24, 0x66, 0x69,
    0x6c, 0x65, 0x22, 0x0a, 0x20, 0x20, 0x65, 0x6c, 0x73, 0x65, 0x0a, 0x20, 0x20, 0x20, 0x20, 0x70,
    0x72, 0x69, 0x6e, 0x74, 0x66, 0x20, 0x27, 0x25, 0x73, 0x5c, 0x6e, 0x27, 0x20, 0x22, 0x24, 0x6c,
    0x69, 0x6e, 0x65, 0x22, 0x20, 0x7c, 0x20, 0x73, 0x75, 0x64, 0x6f, 0x20, 0x2d, 0x75, 0x20, 0x22,
    0x24, 0x75, 0x73, 0x65, 0x72, 0x22, 0x20, 0x2d, 0x48, 0x20, 0x74, 0x65, 0x65, 0x20, 0x2d, 0x61,
    0x20, 0x22, 0x24, 0x66, 0x69, 0x6c, 0x65, 0x22, 0x20, 0x3e, 0x2f, 0x64, 0x65, 0x76, 0x2f, 0x6e,
    0x75, 0x6c, 0x6c, 0x0a, 0x20, 0x20, 0x66, 0x69, 0x0a, 0x7d, 0x0a, 0x0a, 0x77, 0x72, 0x69, 0x74,
    0x65, 0x5f, 0x6e, 0x61, 0x6d, 0x65, 0x64, 0x5f, 0x75, 0x73, 0x65, 0x72, 0x5f, 0x66, 0x69, 0x6c,
    0x65, 0x28, 0x29, 0x20, 0x7b, 0x0a, 0x20, 0x20, 0x6c, 0x6f, 0x63, 0x61, 0x6c, 0x20, 0x75, 0x73,
    0x65, 0x72, 0x3d, 0x22, 0x24, 0x31, 0x22, 0x0a, 0x20, 0x20, 0x6c, 0x6f, 0x63, 0x61, 0x6c, 0x20,
    0x66, 0x69, 0x6c, 0x65, 0x3d, 0x22, 0x24, 0x32, 0x22, 0x0a, 0x20, 0x20, 0x6c, 0x6f, 0x63, 0x61,
    0x6c, 0x20, 0x63, 0x6f, 0x6e, 0x74, 0x65, 0x6e, 0x74, 0x3d, 0x22, 0x24, 0x33, 0x22, 0x0a, 0x0a,
    0x20, 0x20, 0x69, 0x66, 0x20, 0x28, 0x28, 0x20, 0x44, 0x52, 0x59, 0x5f, 0x52, 0x55, 0x4e, 0x20,
    0x29, 0x29, 0x3b, 0x20, 0x74, 0x68, 0x65, 0x6e, 0x0a, 0x20, 0x20, 0x20, 0x20, 0x70, 0x72, 0x69,
    0x6e, 0x74, 0x66, 0x20, 0x27, 0x5b, 0x64, 0x72, 0x79, 0x2d, 0x72, 0x75, 0x6e, 0x5d, 0x20, 0x77,
    0x72, 0x69, 0x74, 0x65, 0x20, 0x25, 0x71, 0x20, 0x61, 0x73, 0x20, 0x25, 0x71, 0x5c, 0x6e, 0x27,
    0x20, 0x22, 0x24, 0x66, 0x69, 0x6c, 0x65, 0x22, 0x20, 0x22, 0x24, 0x75, 0x73, 0x65, 0x72, 0x22,
    0x0a, 0x20, 0x20, 0x20, 0x20, 0x70, 0x72, 0x69, 0x6e, 0x74, 0x66, 0x20, 0x27, 0x25, 0x73, 0x5c,
    0x6e, 0x27, 0x20, 0x22, 0x24, 0x63, 0x6f, 0x6e, 0x74, 0x65, 0x6e, 0x74, 0x22, 0x0a, 0x20, 0x20,
    0x20, 0x20, 0x72, 0x65, 0x74, 0x75, 0x72, 0x6e, 0x20, 0x30, 0x0a, 0x20, 0x20, 0x66, 0x69, 0x0a,
    0x0a, 0x20, 0x20, 0x61, 0x73, 0x5f, 0x6e, 0x61, 0x6d, 0x65, 0x64, 0x5f, 0x75, 0x73, 0x65, 0x72,
    0x20, 0x22, 0x24, 0x75, 0x73, 0x65, 0x72, 0x22, 0x20, 0x74, 0x6f, 0x75, 0x63, 0x68, 0x20, 0x22,
    0x24, 0x66, 0x69, 0x6c, 0x65, 0x22, 0x0a, 0x20, 0x20, 0x69, 0x66, 0x20, 0x28, 0x28, 0x20, 0x45,
    0x55, 0x49, 0x44, 0x20, 0x3d, 0x3d, 0x20, 0x30, 0x20, 0x29, 0x29, 0x3b, 0x20, 0x74, 0x68, 0x65,
    0x6e, 0x0a, 0x20, 0x20, 0x20, 0x20, 0x70, 0x72, 0x69, 0x6e, 0x74, 0x66, 0x20, 0x27, 0x25, 0x73,
    0x5c, 0x6e, 0x27, 0x20, 0x22, 0x24, 0x63, 0x6f, 0x6e, 0x74, 0x65, 0x6e, 0x74, 0x22, 0x20, 0x7c,
    0x20, 0x72, 0x75, 0x6e, 0x75, 0x73, 0x65, 0x72, 0x20, 0x2d, 0x75, 0x20, 0x22, 0x24, 0x75, 0x73,
    0x65, 0x72, 0x22, 0x20, 0x2d, 0x2d, 0x20, 0x74, 0x65, 0x65, 0x20, 0x22, 0x24, 0x66, 0x69, 0x6c,
    0x65, 0x22, 0x20, 0x3e, 0x2f, 0x64, 0x65, 0x76, 0x2f, 0x6e, 0x75, 0x6c, 0x6c, 0x0a, 0x20, 0x20,
    0x65, 0x6c, 0x69, 0x66, 0x20, 0x5b, 0x5b, 0x20, 0x22, 0x24, 0x28, 0x69, 0x64, 0x20, 0x2d, 0x75,
    0x6e, 0x29, 0x22, 0x20, 0x3d, 0x3d, 0x20, 0x22, 0x24, 0x75, 0x73, 0x65, 0x72, 0x22, 0x20, 0x5d,
    0x5d, 0x3b, 0x20, 0x74, 0x68, 0x65, 0x6e, 0x0a, 0x20, 0x20, 0x20, 0x20, 0x70, 0x72, 0x69, 0x6e,
    0x74, 0x66, 0x20, 0x27, 0x25, 0x73, 0x5c, 0x6e, 0x27, 0x20, 0x22, 0x24, 0x63, 0x6f, 0x6e, 0x74,
    0x65, 0x6e, 0x74, 0x22, 0x20, 0x3e, 0x20, 0x22, 0x24, 0x66, 0x69, 0x6c, 0x65, 0x22, 0x0a, 0x20,
    0x20, 0x65, 0x6c, 0x73, 0x65, 0x0a, 0x20, 0x20, 0x20, 0x20, 0x70, 0x72, 0x69, 0x6e, 0x74, 0x66,
    0x20, 0x27, 0x25, 0x73, 0x5c, 0x6e, 0x27, 0x20, 0x22, 0x24, 0x63, 0x6f, 0x6e, 0x74, 0x65, 0x6e,
    0x74, 0x22, 0x20, 0x7c, 0x20, 0x73, 0x75, 0x64, 0x6f, 0x20, 0x2d, 0x75, 0x20, 0x22, 0x24, 0x75,
    0x73, 0x65, 0x72, 0x22, 0x20, 0x2d, 0x48, 0x20, 0x74, 0x65, 0x65, 0x20, 0x22, 0x24, 0x66, 0x69,
    0x6c, 0x65, 0x22, 0x20, 0x3e, 0x2f, 0x64, 0x65, 0x76, 0x2f, 0x6e, 0x75, 0x6c, 0x6c, 0x0a, 0x20,
    0x20, 0x66, 0x69, 0x0a, 0x7d, 0x0a, 0x0a, 0x61, 0x70, 0x70, 0x65, 0x6e, 0x64, 0x5f, 0x75, 0x73,
    0x65, 0x72, 0x5f, 0x6c, 0x69, 0x6e, 0x65, 0x5f, 0x6f, 0x6e, 0x63, 0x65, 0x28, 0x29, 0x20, 0x7b,
    0x0a, 0x20, 0x20, 0x6c, 0x6f, 0x63, 0x61, 0x6c, 0x20, 0x66, 0x69, 0x6c, 0x65, 0x3d, 0x22, 0x24,
    0x31, 0x22, 0x0a, 0x20, 0x20, 0x6c, 0x6f, 0x63, 0x61, 0x6c, 0x20, 0x6c, 0x69, 0x6e, 0x65, 0x3d,
    0x22, 0x24, 0x32, 0x22, 0x0a, 0x20, 0x20, 0x6c, 0x6f, 0x63, 0x61, 0x6c, 0x20, 0x75, 0x73, 0x65,
    0x72, 0x0a, 0x20, 0x20, 0x75, 0x73, 0x65, 0x72, 0x3d, 0x22, 0x24, 0x28, 0x6c, 0x6f, 0x67, 0x69,
    0x6e, 0x5f, 0x75, 0x73, 0x65, 0x72, 0x29, 0x22, 0x0a, 0x0a, 0x20, 0x20, 0x69, 0x66, 0x20, 0x67,
    0x72, 0x65, 0x70, 0x20, 0x2d, 0x46, 0x71, 0x78, 0x20, 0x2d, 0x2d, 0x20, 0x22, 0x24, 0x6c, 0x69,
    0x6e, 0x65, 0x22, 0x20, 0x22, 0x24, 0x66, 0x69, 0x6c, 0x65, 0x22, 0x20, 0x32, 0x3e, 0x2f, 0x64,
    0x65, 0x76, 0x2f, 0x6e, 0x75, 0x6c, 0x6c, 0x3b, 0x20, 0x74, 0x68, 0x65, 0x6e, 0x0a, 0x20, 0x20,
    0x20, 0x20, 0x69, 0x6e, 0x66, 0x6f, 0x20, 0x22, 0x24, 0x66, 0x69, 0x6c, 0x65, 0x20, 0xe5, 0xb7,
    0xb2, 0xe5, 0xad, 0x98, 0xe5, 0x9c, 0xa8, 0x3a, 0x20, 0x24, 0x6c, 0x69, 0x6e, 0x65, 0x22, 0x0a,
    0x20, 0x20, 0x20, 0x20, 0x72, 0x65, 0x74, 0x75, 0x72, 0x6e, 0x20, 0x30, 0x0a, 0x20, 0x20, 0x66,
    0x69, 0x0a, 0x0a, 0x20, 0x20, 0x69, 0x66, 0x20, 0x28, 0x28, 0x20, 0x44, 0x52, 0x59, 0x5f, 0x52,
    0x55, 0x4e, 0x20, 0x29, 0x29, 0x3b, 0x20, 0x74, 0x68, 0x65, 0x6e, 0x0a, 0x20, 0x20, 0x20, 0x20,
    0x70, 0x72, 0x69, 0x6e, 0x74, 0x66, 0x20, 0x27, 0x5b, 0x64, 0x72, 0x79, 0x2d, 0x72, 0x75, 0x6e,
    0x5d, 0x20, 0x61, 0x70, 0x70, 0x65, 0x6e, 0x64, 0x20, 0x25, 0x71, 0x20, 0x74, 0x6f, 0x20, 0x25,
    0x71, 0x20, 0x61, 0x73, 0x20, 0x25, 0x71, 0x5c, 0x6e, 0x27, 0x20, 0x22, 0x24, 0x6c, 0x69, 0x6e,
    0x65, 0x22, 0x20, 0x22, 0x24, 0x66, 0x69, 0x6c, 0x65, 0x22, 0x20, 0x22, 0x24, 0x75, 0x73, 0x65,
    0x72, 0x22, 0x0a, 0x20, 0x20, 0x20, 0x20, 0x72, 0x65, 0x74, 0x75, 0x72, 0x6e, 0x20, 0x30, 0x0a,
    0x20, 0x20, 0x66, 0x69, 0x0a, 0x0a, 0x20, 0x20, 0x69, 0x66, 0x20, 0x28, 0x28, 0x20, 0x45, 0x55,
    0x49, 0x44, 0x20, 0x3d, 0x3d, 0x20, 0x30, 0x20, 0x29, 0x29, 0x20, 0x26, 0x26, 0x20, 0x5b, 0x5b,
    0x20, 0x22, 0x24, 0x75, 0x73, 0x65, 0x72, 0x22, 0x20, 0x21, 0x3d, 0x20, 0x22, 0x72, 0x6f, 0x6f,
    0x74, 0x22, 0x20, 0x5d, 0x5d, 0x3b, 0x20, 0x74, 0x68, 0x65, 0x6e, 0x0a, 0x20, 0x20, 0x20, 0x20,
    0x70, 0x72, 0x69, 0x6e, 0x74, 0x66, 0x20, 0x27, 0x25, 0x73, 0x5c, 0x6e, 0x27, 0x20, 0x22, 0x24,
    0x6c, 0x69, 0x6e, 0x65, 0x22, 0x20, 0x7c, 0x20, 0x73, 0x75, 0x64, 0x6f, 0x20, 0x2d, 0x75, 0x20,
    0x22, 0x24, 0x75, 0x73, 0x65, 0x72, 0x22, 0x20, 0x74, 0x65, 0x65, 0x20, 0x2d, 0x61, 0x20, 0x22,
    0x24, 0x66, 0x69, 0x6c, 0x65, 0x22, 0x20, 0x3e, 0x2f, 0x64, 0x65, 0x76, 0x2f, 0x6e, 0x75, 0x6c,
    0x6c, 0x0a, 0x20, 0x20, 0x65, 0x6c, 0x73, 0x65, 0x0a, 0x20, 0x20, 0x20, 0x20, 0x70, 0x72, 0x69,
    0x6e, 0x74, 0x66, 0x20, 0x27, 0x25, 0x73, 0x5c, 0x6e, 0x27, 0x20, 0x22, 0x24, 0x6c, 0x69, 0x6e,
    0x65, 0x22, 0x20, 0x3e, 0x3e, 0x20, 0x22, 0x24, 0x66, 0x69, 0x6c, 0x65, 0x22, 0x0a, 0x20, 0x20,
    0x66, 0x69, 0x0a, 0x7d, 0x0a, 0x0a, 0x77, 0x72, 0x69, 0x74, 0x65, 0x5f, 0x75, 0x73, 0x65, 0x72,
    0x5f, 0x66, 0x69, 0x6c, 0x65, 0x28, 0x29, 0x20, 0x7b, 0x0a, 0x20, 0x20, 0x6c, 0x6f, 0x63, 0x61,
    0x6c, 0x20, 0x66, 0x69, 0x6c, 0x65, 0x3d, 0x22, 0x24, 0x31, 0x22, 0x0a, 0x20, 0x20, 0x6c, 0x6f,
    0x63, 0x61, 0x6c, 0x20, 0x63, 0x6f, 0x6e, 0x74, 0x65, 0x6e, 0x74, 0x3d, 0x22, 0x24, 0x32, 0x22,
    0x0a, 0x20, 0x20, 0x6c, 0x6f, 0x63, 0x61, 0x6c, 0x20, 0x75, 0x73, 0x65, 0x72, 0x0a, 0x20, 0x20,
    0x75, 0x73, 0x65, 0x72, 0x3d, 0x22, 0x24, 0x28, 0x6c, 0x6f, 0x67, 0x69, 0x6e, 0x5f, 0x75, 0x73,
    0x65, 0x72, 0x29, 0x22, 0x0a, 0x0a, 0x20, 0x20, 0x69, 0x66, 0x20, 0x28, 0x28, 0x20, 0x44, 0x52,
    0x59, 0x5f, 0x52, 0x55, 0x4e, 0x20, 0x29, 0x29, 0x3b, 0x20, 0x74, 0x68, 0x65, 0x6e, 0x0a, 0x20,
    0x20, 0x20, 0x20, 0x70, 0x72, 0x69, 0x6e, 0x74, 0x66, 0x20, 0x27, 0x5b, 0x64, 0x72, 0x79, 0x2d,
    0x72, 0x75, 0x6e, 0x5d, 0x20, 0x77, 0x72, 0x69, 0x74, 0x65, 0x20, 0x25, 0x71, 0x20, 0x61, 0x73,
    0x20, 0x25, 0x71, 0x5c, 0x6e, 0x27, 0x20, 0x22, 0x24, 0x66, 0x69, 0x6c, 0x65, 0x22, 0x20, 0x22,
    0x24, 0x75, 0x73, 0x65, 0x72, 0x22, 0x0a, 0x20, 0x20, 0x20, 0x20, 0x70, 0x72, 0x69, 0x6e, 0x74,
    0x66, 0x20, 0x27, 0x25, 0x73, 0x5c, 0x6e, 0x27, 0x20, 0x22, 0x24, 0x63, 0x6f, 0x6e, 0x74, 0x65,
    0x6e, 0x74, 0x22, 0x0a, 0x20, 0x20, 0x20, 0x20, 0x72, 0x65, 0x74, 0x75, 0x72, 0x6e, 0x20, 0x30,
    0x0a, 0x20, 0x20, 0x66, 0x69, 0x0a, 0x0a, 0x20, 0x20, 0x69, 0x66, 0x20, 0x28, 0x28, 0x20, 0x45,
    0x55, 0x49, 0x44, 0x20, 0x3d, 0x3d, 0x20, 0x30, 0x20, 0x29, 0x29, 0x20, 0x26, 0x26, 0x20, 0x5b,
    0x5b, 0x20, 0x22, 0x24, 0x75, 0x73, 0x65, 0x72, 0x22, 0x20, 0x21, 0x3d, 0x20, 0x22, 0x72, 0x6f,
    0x6f, 0x74, 0x22, 0x20, 0x5d, 0x5d, 0x3b, 0x20, 0x74, 0x68, 0x65, 0x6e, 0x0a, 0x20, 0x20, 0x20,
    0x20, 0x70, 0x72, 0x69, 0x6e, 0x74, 0x66, 0x20, 0x27, 0x25, 0x73, 0x5c, 0x6e, 0x27, 0x20, 0x22,
    0x24, 0x63, 0x6f, 0x6e, 0x74, 0x65, 0x6e, 0x74, 0x22, 0x20, 0x7c, 0x20, 0x73, 0x75, 0x64, 0x6f,
    0x20, 0x2d, 0x75, 0x20, 0x22, 0x24, 0x75, 0x73, 0x65, 0x72, 0x22, 0x20, 0x74, 0x65, 0x65, 0x20,
    0x22, 0x24, 0x66, 0x69, 0x6c, 0x65, 0x22, 0x20, 0x3e, 0x2f, 0x64, 0x65, 0x76, 0x2f, 0x6e, 0x75,
    0x6c, 0x6c, 0x0a, 0x20, 0x20, 0x65, 0x6c, 0x73, 0x65, 0x0a, 0x20, 0x20, 0x20, 0x20, 0x70, 0x72,
    0x69, 0x6e, 0x74, 0x66, 0x20, 0x27, 0x25, 0x73, 0x5c, 0x6e, 0x27, 0x20, 0x22, 0x24, 0x63, 0x6f,
    0x6e, 0x74, 0x65, 0x6e, 0x74, 0x22, 0x20, 0x3e, 0x20, 0x22, 0x24, 0x66, 0x69, 0x6c, 0x65, 0x22,
    0x0a, 0x20, 0x20, 0x66, 0x69, 0x0a, 0x7d, 0x0a, 0x0a, 0x77, 0x72, 0x69, 0x74, 0x65, 0x5f, 0x72,
    0x6f, 0x6f, 0x74, 0x5f, 0x66, 0x69, 0x6c, 0x65, 0x28, 0x29, 0x20, 0x7b, 0x0a, 0x20, 0x20, 0x6c,
    0x6f, 0x63, 0x61, 0x6c, 0x20, 0x66, 0x69, 0x6c, 0x65, 0x3d, 0x22, 0x24, 0x31, 0x22, 0x0a, 0x20,
    0x20, 0x6c, 0x6f, 0x63, 0x61, 0x6c, 0x20, 0x63, 0x6f, 0x6e, 0x74, 0x65, 0x6e, 0x74, 0x3d, 0x22,
    0x24, 0x32, 0x22, 0x0a, 0x0a, 0x20, 0x20, 0x69, 0x66, 0x20, 0x28, 0x28, 0x20, 0x44, 0x52, 0x59,
    0x5f, 0x52, 0x55, 0x4e, 0x20, 0x29, 0x29, 0x3b, 0x20, 0x74, 0x68, 0x65, 0x6e, 0x0a, 0x20, 0x20,
    0x20, 0x20, 0x70, 0x72, 0x69, 0x6e, 0x74, 0x66, 0x20, 0x27, 0x5b, 0x64, 0x72, 0x79, 0x2d, 0x72,
    0x75, 0x6e, 0x5d, 0x20, 0x77, 0x72, 0x69, 0x74, 0x65, 0x20, 0x25, 0x71, 0x20, 0x61, 0x73, 0x20,
    0x72, 0x6f, 0x6f, 0x74, 0x5c, 0x6e, 0x27, 0x20, 0x22, 0x24, 0x66, 0x69, 0x6c, 0x65, 0x22, 0x0a,
    0x20, 0x20, 0x20, 0x20, 0x70, 0x72, 0x69, 0x6e, 0x74, 0x66, 0x20, 0x27, 0x25, 0x73, 0x5c, 0x6e,
    0x27, 0x20, 0x22, 0x24, 0x63, 0x6f, 0x6e, 0x74, 0x65, 0x6e, 0x74, 0x22, 0x0a, 0x20, 0x20, 0x20,
    0x20, 0x72, 0x65, 0x74, 0x75, 0x72, 0x6e, 0x20, 0x30, 0x0a, 0x20, 0x20, 0x66, 0x69, 0x0a, 0x0a,
    0x20, 0x20, 0x69, 0x66, 0x20, 0x28, 0x28, 0x20, 0x45, 0x55, 0x49, 0x44, 0x20, 0x3d, 0x3d, 0x20,
    0x30, 0x20, 0x29, 0x29, 0x3b, 0x20, 0x74, 0x68, 0x65, 0x6e, 0x0a, 0x20, 0x20, 0x20, 0x20, 0x70,
    0x72, 0x69, 0x6e, 0x74, 0x66, 0x20, 0x27, 0x25, 0x73, 0x5c, 0x6e, 0x27, 0x20, 0x22, 0x24, 0x63,
    0x6f, 0x6e, 0x74, 0x65, 0x6e, 0x74, 0x22, 0x20, 0x3e, 0x20, 0x22, 0x24, 0x66, 0x69, 0x6c, 0x65,
    0x22, 0x0a, 0x20, 0x20, 0x65, 0x6c, 0x73, 0x65, 0x0a, 0x20, 0x20, 0x20, 0x20, 0x70, 0x72, 0x69,
    0x6e, 0x74, 0x66, 0x20, 0x27, 0x25, 0x73, 0x5c, 0x6e, 0x27, 0x20, 0x22, 0x24, 0x63, 0x6f, 0x6e,
    0x74, 0x65, 0x6e, 0x74, 0x22, 0x20, 0x7c, 0x20, 0x73, 0x75, 0x64, 0x6f, 0x20, 0x74, 0x65, 0x65,
    0x20, 0x22, 0x24, 0x66, 0x69, 0x6c, 0x65, 0x22, 0x20, 0x3e, 0x2f, 0x64, 0x65, 0x76, 0x2f, 0x6e,
    0x75, 0x6c, 0x6c, 0x0a, 0x20, 0x20, 0x66, 0x69, 0x0a, 0x7d, 0x0a, 0x0a, 0x72, 0x65, 0x71, 0x75,
    0x69, 0x72, 0x65, 0x5f, 0x75, 0x62, 0x75, 0x6e, 0x74, 0x75, 0x28, 0x29, 0x20, 0x7b, 0x0a, 0x20,
    0x20, 0x5b, 0x5b, 0x20, 0x2d, 0x72, 0x20, 0x2f, 0x65, 0x74, 0x63, 0x2f, 0x6f, 0x73, 0x2d, 0x72,
    0x65, 0x6c, 0x65, 0x61, 0x73, 0x65, 0x20, 0x5d, 0x5d, 0x20, 0x7c, 0x7c, 0x20, 0x64, 0x69, 0x65,
    0x20, 0x22, 0xe6, 0x89, 0xbe, 0xe4, 0xb8, 0x8d, 0xe5, 0x88, 0xb0, 0x20, 0x2f, 0x65, 0x74, 0x63,
    0x2f, 0x6f, 0x73, 0x2d, 0x72, 0x65, 0x6c, 0x65, 0x61, 0x73, 0x65, 0xe3, 0x80, 0x82, 0x22, 0x0a,
    0x20, 0x20, 0x23, 0x20, 0x73, 0x68, 0x65, 0x6c, 0x6c, 0x63, 0x68, 0x65, 0x63, 0x6b, 0x20, 0x64,
    0x69, 0x73, 0x61, 0x62, 0x6c, 0x65, 0x3d, 0x53, 0x43, 0x31, 0x30, 0x39, 0x31, 0x0a, 0x20, 0x20,
    0x2e, 0x20, 0x2f, 0x65, 0x74, 0x63, 0x2f, 0x6f, 0x73, 0x2d, 0x72, 0x65, 0x6c, 0x65, 0x61, 0x73,
    0x65, 0x0a, 0x20, 0x20, 0x5b, 0x5b, 0x20, 0x22, 0x24, 0x7b, 0x49, 0x44, 0x3a, 0x2d, 0x7d, 0x22,
    0x20, 0x3d, 0x3d, 0x20, 0x22, 0x75, 0x62, 0x75, 0x6e, 0x74, 0x75, 0x22, 0x20, 0x5d, 0x5d, 0x20,
    0x7c, 0x7c, 0x20, 0x64, 0x69, 0x65, 0x20, 0x22, 0xe5, 0xbd, 0x93, 0xe5, 0x89, 0x8d, 0xe8, 0x84,
    0x9a, 0xe6, 0x9c, 0xac, 0xe4, 0xbb, 0x85, 0xe9, 0x92, 0x88, 0xe5, 0xaf, 0xb9, 0x20, 0x55, 0x62,
    0x75, 0x6e, 0x74, 0x75, 0xef, 0xbc, 0x9b, 0xe6, 0xa3, 0x80, 0xe6, 0xb5, 0x8b, 0xe5, 0x88, 0xb0,
    0x3a, 0x20, 0x24, 0x7b, 0x50, 0x52, 0x45, 0x54, 0x54, 0x59, 0x5f, 0x4e, 0x41, 0x4d, 0x45, 0x3a,
    0x2d, 0x75, 0x6e, 0x6b, 0x6e, 0x6f, 0x77, 0x6e, 0x7d, 0x22, 0x0a, 0x7d, 0x0a, 0x0a, 0x76, 0x61,
    0x6c, 0x69, 0x64, 0x61, 0x74, 0x65, 0x5f, 0x73, 0x69, 0x6d, 0x70, 0x6c, 0x65, 0x5f, 0x6e, 0x61,
    0x6d, 0x65, 0x28, 0x29, 0x20, 0x7b, 0x0a, 0x20, 0x20, 0x5b, 0x5b, 0x20, 0x22, 0x24, 0x31, 0x22,
    0x20, 0x3d, 0x7e, 0x20, 0x5e, 0x5b, 0x61, 0x2d, 0x7a, 0x5f, 0x5d, 0x5b, 0x61, 0x2d, 0x7a, 0x30,
    0x2d, 0x39, 0x5f, 0x2d, 0x5d, 0x2a, 0x24, 0x20, 0x5d, 0x5d, 0x0a, 0x7d, 0x0a, 0x0a, 0x76, 0x61,
    0x6c, 0x69, 0x64, 0x61, 0x74, 0x65, 0x5f, 0x71, 0x75, 0x6f, 0x74, 0x61, 0x28, 0x29, 0x20, 0x7b,
    0x0a, 0x20, 0x20, 0x5b, 0x5b, 0x20, 0x22, 0x24, 0x31, 0x22, 0x20, 0x3d, 0x7e, 0x20, 0x5e, 0x5b,
    0x30, 0x2d, 0x39, 0x5d, 0x2b, 0x28, 0x5b, 0x4b, 0x4d, 0x47, 0x54, 0x50, 0x5d, 0x69, 0x3f, 0x5b,
    0x42, 0x62, 0x5d, 0x3f, 0x7c, 0x5b, 0x4b, 0x4d, 0x47, 0x54, 0x50, 0x5d, 0x29, 0x3f, 0x24, 0x20,
    0x5d, 0x5d, 0x0a, 0x7d, 0x0a, 0x0a, 0x0a, 0x65, 0x78, 0x70, 0x65, 0x63, 0x74, 0x65, 0x64, 0x5f,
    0x62, 0x69, 0x6f, 0x69, 0x6e, 0x66, 0x6f, 0x5f, 0x67, 0x72, 0x6f, 0x75, 0x70, 0x5f, 0x67, 0x69,
    0x64, 0x28, 0x29, 0x20, 0x7b, 0x0a, 0x20, 0x20, 0x63, 0x61, 0x73, 0x65, 0x20, 0x22, 0x24, 0x31,
    0x22, 0x20, 0x69, 0x6e, 0x0a, 0x20, 0x20, 0x20, 0x20, 0x61, 0x64, 0x6d, 0x69, 0x6e, 0x29, 0x20,
    0x70, 0x72, 0x69, 0x6e, 0x74, 0x66, 0x20, 0x27, 0x31, 0x31, 0x30, 0x27, 0x20, 0x3b, 0x3b, 0x0a,
    0x20, 0x20, 0x20, 0x20, 0x73, 0x68, 0x61, 0x72, 0x65, 0x76, 0x69, 0x70, 0x29, 0x20, 0x70, 0x72,
    0x69, 0x6e, 0x74, 0x66, 0x20, 0x27, 0x33, 0x30, 0x30, 0x30, 0x32, 0x27, 0x20, 0x3b, 0x3b, 0x0a,
    0x20, 0x20, 0x20, 0x20, 0x70, 0x72, 0x69, 0x6d, 0x65, 0x76, 0x69, 0x70, 0x29, 0x20, 0x70, 0x72,
    0x69, 0x6e, 0x74, 0x66, 0x20, 0x27, 0x33, 0x30, 0x30, 0x30, 0x33, 0x27, 0x20, 0x3b, 0x3b, 0x0a,
    0x20, 0x20, 0x20, 0x20, 0x63, 0x6f, 0x75, 0x72, 0x73, 0x65, 0x76, 0x69, 0x70, 0x29, 0x20, 0x70,
    0x72, 0x69, 0x6e, 0x74, 0x66, 0x20, 0x27, 0x33, 0x30, 0x30, 0x30, 0x34, 0x27, 0x20, 0x3b, 0x3b,
    0x0a, 0x20, 0x20, 0x20, 0x20, 0x6c, 0x61, 0x62, 0x76, 0x69, 0x70, 0x29, 0x20, 0x70, 0x72, 0x69,
    0x6e, 0x74, 0x66, 0x20, 0x27, 0x33, 0x30, 0x30, 0x30, 0x35, 0x27, 0x20, 0x3b, 0x3b, 0x0a, 0x20,
    0x20, 0x20, 0x20, 0x2a, 0x29, 0x20, 0x72, 0x65, 0x74, 0x75, 0x72, 0x6e, 0x20, 0x31, 0x20, 0x3b,
    0x3b, 0x0a, 0x20, 0x20, 0x65, 0x73, 0x61, 0x63, 0x0a, 0x7d, 0x0a, 0x0a, 0x61, 0x70, 0x70, 0x65,
    0x6e, 0x64, 0x5f, 0x6c, 0x69, 0x6e, 0x65, 0x5f, 0x6f, 0x6e, 0x63, 0x65, 0x28, 0x29, 0x20, 0x7b,
    0x0a, 0x20, 0x20, 0x6c, 0x6f, 0x63, 0x61, 0x6c, 0x20, 0x66, 0x69, 0x6c, 0x65, 0x3d, 0x22, 0x24,
    0x31, 0x22, 0x0a, 0x20, 0x20, 0x6c, 0x6f, 0x63, 0x61, 0x6c, 0x20, 0x6c, 0x69, 0x6e, 0x65, 0x3d,
    0x22, 0x24, 0x32, 0x22, 0x0a, 0x20, 0x20, 0x69, 0x66, 0x20, 0x67, 0x72, 0x65, 0x70, 0x20, 0x2d,
    0x46, 0x71, 0x78, 0x20, 0x2d, 0x2d, 0x20, 0x22, 0x24, 0x6c, 0x69, 0x6e, 0x65, 0x22, 0x20, 0x22,
    0x24, 0x66, 0x69, 0x6c, 0x65, 0x22, 0x20, 0x32, 0x3e, 0x2f, 0x64, 0x65, 0x76, 0x2f, 0x6e, 0x75,
    0x6c, 0x6c, 0x3b, 0x20, 0x74, 0x68, 0x65, 0x6e, 0x0a, 0x20, 0x20, 0x20, 0x20, 0x69, 0x6e, 0x66,
    0x6f, 0x20, 0x22, 0x24, 0x66, 0x69, 0x6c, 0x65, 0x20, 0xe5, 0xb7, 0xb2, 0xe5, 0xad, 0x98, 0xe5,
    0x9c, 0xa8, 0x3a, 0x20, 0x24, 0x6c, 0x69, 0x6e, 0x65, 0x22, 0x0a, 0x20, 0x20, 0x20, 0x20, 0x72,
    0x65, 0x74, 0x75, 0x72, 0x6e, 0x20, 0x30, 0x0a, 0x20, 0x20, 0x66, 0x69, 0x0a, 0x20, 0x20, 0x69,
    0x66, 0x20, 0x28, 0x28, 0x20, 0x44, 0x52, 0x59, 0x5f, 0x52, 0x55, 0x4e, 0x20, 0x29, 0x29, 0x3b,
    0x20, 0x74, 0x68, 0x65, 0x6e, 0x0a, 0x20, 0x20, 0x20, 0x20, 0x70, 0x72, 0x69, 0x6e, 0x74, 0x66,
    0x20, 0x27, 0x5b, 0x64, 0x72, 0x79, 0x2d, 0x72, 0x75, 0x6e, 0x5d, 0x20, 0x61, 0x70, 0x70, 0x65,
    0x6e, 0x64, 0x20, 0x25, 0x71, 0x20, 0x74, 0x6f, 0x20, 0x25, 0x71, 0x5c, 0x6e, 0x27, 0x20, 0x22,
    0x24, 0x6c, 0x69, 0x6e, 0x65, 0x22, 0x20, 0x22, 0x24, 0x66, 0x69, 0x6c, 0x65, 0x22, 0x0a, 0x20,
    0x20, 0x20, 0x20, 0x72, 0x65, 0x74, 0x75, 0x72, 0x6e, 0x20, 0x30, 0x0a, 0x20, 0x20, 0x66, 0x69,
    0x0a, 0x20, 0x20, 0x69, 0x66, 0x20, 0x28, 0x28, 0x20, 0x45, 0x55, 0x49, 0x44, 0x20, 0x3d, 0x3d,
    0x20, 0x30, 0x20, 0x29, 0x29, 0x3b, 0x20, 0x74, 0x68, 0x65, 0x6e, 0x0a, 0x20, 0x20, 0x20, 0x20,
    0x70, 0x72, 0x69, 0x6e, 0x74, 0x66, 0x20, 0x27, 0x25, 0x73, 0x5c, 0x6e, 0x27, 0x20, 0x22, 0x24,
    0x6c, 0x69, 0x6e, 0x65, 0x22, 0x20, 0x3e, 0x3e, 0x20, 0x22, 0x24, 0x66, 0x69, 0x6c, 0x65, 0x22,
    0x0a, 0x20, 0x20, 0x65, 0x6c, 0x73, 0x65, 0x0a, 0x20, 0x20, 0x20, 0x20, 0x70, 0x72, 0x69, 0x6e,
    0x74, 0x66, 0x20, 0x27, 0x25, 0x73, 0x5c, 0x6e, 0x27, 0x20, 0x22, 0x24, 0x6c, 0x69, 0x6e, 0x65,
    0x22, 0x20, 0x7c, 0x20, 0x73, 0x75, 0x64, 0x6f, 0x20, 0x74, 0x65, 0x65, 0x20, 0x2d, 0x61, 0x20,
    0x22, 0x24, 0x66, 0x69, 0x6c, 0x65, 0x22, 0x20, 0x3e, 0x2f, 0x64, 0x65, 0x76, 0x2f, 0x6e, 0x75,
    0x6c, 0x6c, 0x0a, 0x20, 0x20, 0x66, 0x69, 0x0a, 0x7d, 0x0a, 0x0a, 0x73, 0x65, 0x74, 0x5f, 0x72,
    0x6f, 0x6f, 0x74, 0x5f, 0x63, 0x6f, 0x6e, 0x66, 0x69, 0x67, 0x5f, 0x76, 0x61, 0x6c, 0x75, 0x65,
    0x28, 0x29, 0x20, 0x7b, 0x0a, 0x20, 0x20, 0x6c, 0x6f, 0x63, 0x61, 0x6c, 0x20, 0x66, 0x69, 0x6c,
    0x65, 0x3d, 0x22, 0x24, 0x31, 0x22, 0x0a, 0x20, 0x20, 0x6c, 0x6f, 0x63, 0x61, 0x6c, 0x20, 0x6b,
    0x65, 0x79, 0x3d, 0x22, 0x24, 0x32, 0x22, 0x0a, 0x20, 0x20, 0x6c, 0x6f, 0x63, 0x61, 0x6c, 0x20,
    0x76, 0x61, 0x6c, 0x75, 0x65, 0x3d, 0x22, 0x24, 0x33, 0x22, 0x0a, 0x0a, 0x20, 0x20, 0x61, 0x73,
    0x5f, 0x72, 0x6f, 0x6f, 0x74, 0x20, 0x6d, 0x6b, 0x64, 0x69, 0x72, 0x20, 0x2d, 0x70, 0x20, 0x22,
    0x24, 0x28, 0x64, 0x69, 0x72, 0x6e, 0x61, 0x6d, 0x65, 0x20, 0x22, 0x24, 0x66, 0x69, 0x6c, 0x65,
    0x22, 0x29, 0x22, 0x0a, 0x0a, 0x20, 0x20, 0x69, 0x66, 0x20, 0x67, 0x72, 0x65, 0x70, 0x20, 0x2d,
    0x45, 0x71, 0x20, 0x22, 0x5e, 0x24, 0x7b, 0x6b, 0x65, 0x79, 0x7d, 0x3d, 0x22, 0x20, 0x22, 0x24,
    0x66, 0x69, 0x6c, 0x65, 0x22, 0x20, 0x32, 0x3e, 0x2f, 0x64, 0x65, 0x76, 0x2f, 0x6e, 0x75, 0x6c,
    0x6c, 0x3b, 0x20, 0x74, 0x68, 0x65, 0x6e, 0x0a, 0x20, 0x20, 0x20, 0x20, 0x69, 0x66, 0x20, 0x28,
    0x28, 0x20, 0x44, 0x52, 0x59, 0x5f, 0x52, 0x55, 0x4e, 0x20, 0x29, 0x29, 0x3b, 0x20, 0x74, 0x68,
    0x65, 0x6e, 0x0a, 0x20, 0x20, 0x20, 0x20, 0x20, 0x20, 0x70, 0x72, 0x69, 0x6e, 0x74, 0x66, 0x20,
    0x27, 0x5b, 0x64, 0x72, 0x79, 0x2d, 0x72, 0x75, 0x6e, 0x5d, 0x20, 0x73, 0x65, 0x74, 0x20, 0x25,
    0x73, 0x3d, 0x25, 0x71, 0x20, 0x69, 0x6e, 0x20, 0x25, 0x71, 0x5c, 0x6e, 0x27, 0x20, 0x22, 0x24,
    0x6b, 0x65, 0x79, 0x22, 0x20, 0x22, 0x24, 0x76, 0x61, 0x6c, 0x75, 0x65, 0x22, 0x20, 0x22, 0x24,
    0x66, 0x69, 0x6c, 0x65, 0x22, 0x0a, 0x20, 0x20, 0x20, 0x20, 0x65, 0x6c, 0x69, 0x66, 0x20, 0x28,
    0x28, 0x20, 0x45, 0x55, 0x49, 0x44, 0x20, 0x3d, 0x3d, 0x20, 0x30, 0x20, 0x29, 0x29, 0x3b, 0x20,
    0x74, 0x68, 0x65, 0x6e, 0x0a, 0x20, 0x20, 0x20, 0x20, 0x20, 0x20, 0x73, 0x65, 0x64, 0x20, 0x2d,
    0x69, 0x20, 0x2d, 0x45, 0x20, 0x22, 0x73, 0x7c, 0x5e, 0x24, 0x7b, 0x6b, 0x65, 0x79, 0x7d, 0x3d,
    0x2e, 0x2a, 0x7c, 0x24, 0x7b, 0x6b, 0x65, 0x79, 0x7d, 0x3d, 0x24, 0x7b, 0x76, 0x61, 0x6c, 0x75,
    0x65, 0x7d, 0x7c, 0x22, 0x20, 0x22, 0x24, 0x66, 0x69, 0x6c, 0x65, 0x22, 0x0a, 0x20, 0x20, 0x20,
    0x20, 0x65, 0x6c, 0x73, 0x65, 0x0a, 0x20, 0x20, 0x20, 0x20, 0x20, 0x20, 0x73, 0x75, 0x64, 0x6f,
    0x20, 0x73, 0x65, 0x64, 0x20, 0x2d, 0x69, 0x20, 0x2d, 0x45, 0x20, 0x22, 0x73, 0x7c, 0x5e, 0x24,
    0x7b, 0x6b, 0x65, 0x79, 0x7d, 0x3d, 0x2e, 0x2a, 0x7c, 0x24, 0x7b, 0x6b, 0x65, 0x79, 0x7d, 0x3d,
    0x24, 0x7b, 0x76, 0x61, 0x6c, 0x75, 0x65, 0x7d, 0x7c, 0x22, 0x20, 0x22, 0x24, 0x66, 0x69, 0x6c,
    0x65, 0x22, 0x0a, 0x20, 0x20, 0x20, 0x20, 0x66, 0x69, 0x0a, 0x20, 0x20, 0x65, 0x6c, 0x73, 0x65,
    0x0a, 0x20, 0x20, 0x20, 0x20, 0x61, 0x70, 0x70, 0x65, 0x6e, 0x64, 0x5f, 0x6c, 0x69, 0x6e, 0x65,
    0x5f, 0x6f, 0x6e, 0x63, 0x65, 0x20, 0x22, 0x24, 0x66, 0x69, 0x6c, 0x65, 0x22, 0x20, 0x22, 0x24,
    0x6b, 0x65, 0x79, 0x3d, 0x24, 0x76, 0x61, 0x6c, 0x75, 0x65, 0x22, 0x0a, 0x20, 0x20, 0x66, 0x69,
    0x0a, 0x7d, 0x0a, 0x0a, 0x70, 0x72, 0x65, 0x66, 0x6c, 0x69, 0x67, 0x68, 0x74, 0x28, 0x29, 0x20,
    0x7b, 0x0a, 0x20, 0x20, 0x72, 0x65, 0x71, 0x75, 0x69, 0x72, 0x65, 0x5f, 0x75, 0x62, 0x75, 0x6e,
    0x74, 0x75, 0x0a, 0x20, 0x20, 0x70, 0x72, 0x69, 0x6e, 0x74, 0x66, 0x20, 0x27, 0x5c, 0x6e, 0x3d,
    0x3d, 0x3d, 0x20, 0xe7, 0xb3, 0xbb, 0xe7, 0xbb, 0x9f, 0xe6, 0xa3, 0x80, 0xe6, 0x9f, 0xa5, 0x20,
    0x3d, 0x3d, 0x3d, 0x5c, 0x6e, 0x27, 0x0a, 0x20, 0x20, 0x70, 0x72, 0x69, 0x6e, 0x74, 0x66, 0x20,
    0x27, 0xe4, 0xb8, 0xbb, 0xe6, 0x9c, 0xba, 0xe5, 0x90, 0x8d, 0x3a, 0x20, 0x20, 0x20, 0x20, 0x20,
    0x20, 0x20, 0x25, 0x73, 0x5c, 0x6e, 0x27, 0x20, 0x22, 0x24, 0x28, 0x68, 0x6f, 0x73, 0x74, 0x6e,
    0x61, 0x6d, 0x65, 0x29, 0x22, 0x0a, 0x20, 0x20, 0x70, 0x72, 0x69, 0x6e, 0x74, 0x66, 0x20, 0x27,
    0xe7, 0xb3, 0xbb, 0xe7, 0xbb, 0x9f, 0x3a, 0x20, 0x20, 0x20, 0x20, 0x20, 0x20, 0x20, 0x20, 0x20,
    0x25, 0x73, 0x5c, 0x6e, 0x27, 0x20, 0x22, 0x24, 0x7b, 0x50, 0x52, 0x45, 0x54, 0x54, 0x59, 0x5f,
    0x4e, 0x41, 0x4d, 0x45, 0x3a, 0x2d, 0x75, 0x6e, 0x6b, 0x6e, 0x6f, 0x77, 0x6e, 0x7d, 0x22, 0x0a,
    0x20, 0x20, 0x70, 0x72, 0x69, 0x6e, 0x74, 0x66, 0x20, 0x27, 0xe5, 0x86, 0x85, 0xe6, 0xa0, 0xb8,
    0x3a, 0x20, 0x20, 0x20, 0x20, 0x20, 0x20, 0x20, 0x20, 0x20, 0x25, 0x73, 0x5c, 0x6e, 0x27, 0x20,
    0x22, 0x24, 0x28, 0x75, 0x6e, 0x61, 0x6d, 0x65, 0x20, 0x2d, 0x72, 0x29, 0x22, 0x0a, 0x20, 0x20,
    0x70, 0x72, 0x69, 0x6e, 0x74, 0x66, 0x20, 0x27, 0xe6, 0x9e, 0xb6, 0xe6, 0x9e, 0x84, 0x3a, 0x20,
    0x20, 0x20, 0x20, 0x20, 0x20, 0x20, 0x20, 0x20, 0x25, 0x73, 0x5c, 0x6e, 0x27, 0x20, 0x22, 0x24,
    0x28, 0x75, 0x6e, 0x61, 0x6d, 0x65, 0x20, 0x2d, 0x6d, 0x29, 0x22, 0x0a, 0x20, 0x20, 0x70, 0x72,
    0x69, 0x6e, 0x74, 0x66, 0x20, 0x27, 0x43, 0x50, 0x55, 0x3a, 0x20, 0x20, 0x20, 0x20, 0x20, 0x20,
    0x20, 0x20, 0x20, 0x20, 0x25, 0x73, 0x20, 0xe6, 0xa0, 0xb8, 0x5c, 0x6e, 0x27, 0x20, 0x22, 0x24,
    0x28, 0x6e, 0x70, 0x72, 0x6f, 0x63, 0x29, 0x22, 0x0a, 0x20, 0x20, 0x70, 0x72, 0x69, 0x6e, 0x74,
    0x66, 0x20, 0x27, 0xe5, 0x86, 0x85, 0xe5, 0xad, 0x98, 0x3a, 0x20, 0x20, 0x20, 0x20, 0x20, 0x20,
    0x20, 0x20, 0x20, 0x25, 0x73, 0x5c, 0x6e, 0x27, 0x20, 0x22, 0x24, 0x28, 0x66, 0x72, 0x65, 0x65,
    0x20, 0x2d, 0x68, 0x20, 0x7c, 0x20, 0x61, 0x77, 0x6b, 0x20, 0x27, 0x2f, 0x5e, 0x4d, 0x65, 0x6d,
    0x3a, 0x2f, 0x20, 0x7b, 0x70, 0x72, 0x69, 0x6e, 0x74, 0x20, 0x24, 0x32, 0x7d, 0x27, 0x29, 0x22,
    0x0a, 0x20, 0x20, 0x70, 0x72, 0x69, 0x6e, 0x74, 0x66, 0x20, 0x27, 0xe6, 0xa0, 0xb9, 0xe5, 0x88,
    0x86, 0xe5, 0x8c, 0xba, 0x3a, 0x20, 0x20, 0x20, 0x20, 0x20, 0x20, 0x20, 0x25, 0x73, 0x5c, 0x6e,
    0x27, 0x20, 0x22, 0x24, 0x28, 0x64, 0x66, 0x20, 0x2d, 0x68, 0x50, 0x20, 0x2f, 0x20, 0x7c, 0x20,
    0x61, 0x77, 0x6b, 0x20, 0x27, 0x4e, 0x52, 0x3d, 0x3d, 0x32, 0x20, 0x7b, 0x70, 0x72, 0x69, 0x6e,
    0x74, 0x20, 0x24, 0x32, 0x20, 0x22, 0x20, 0x74, 0x6f, 0x74, 0x61, 0x6c, 0x2c, 0x20, 0x22, 0x20,
    0x24, 0x34, 0x20, 0x22, 0x20, 0x66, 0x72, 0x65, 0x65, 0x22, 0x7d, 0x27, 0x29, 0x22, 0x0a, 0x20,
    0x20, 0x70, 0x72, 0x69, 0x6e, 0x74, 0x66, 0x20, 0x27, 0x5c, 0x6e, 0x2d, 0x2d, 0x2d, 0x20, 0xe7,
    0xa3, 0x81, 0xe7, 0x9b, 0x98, 0x20, 0x2d, 0x2d, 0x2d, 0x5c, 0x6e, 0x27, 0x0a, 0x20, 0x20, 0x6c,
    0x73, 0x62, 0x6c, 0x6b, 0x20, 0x2d, 0x6f, 0x20, 0x4e, 0x41, 0x4d, 0x45, 0x2c, 0x53, 0x49, 0x5a,
    0x45, 0x2c, 0x46, 0x53, 0x54, 0x59, 0x50, 0x45, 0x2c, 0x46, 0x53, 0x56, 0x45, 0x52, 0x2c, 0x4d,
    0x4f, 0x55, 0x4e, 0x54, 0x50, 0x4f, 0x49, 0x4e, 0x54, 0x53, 0x2c, 0x55, 0x55, 0x49, 0x44, 0x0a,
    0x20, 0x20, 0x70, 0x72, 0x69, 0x6e, 0x74, 0x66, 0x20, 0x27, 0x5c, 0x6e, 0x2d, 0x2d, 0x2d, 0x20,
    0xe7, 0xbd, 0x91, 0xe7, 0xbb, 0x9c, 0x20, 0x2d, 0x2d, 0x2d, 0x5c, 0x6e, 0x27, 0x0a, 0x20, 0x20,
    0x69, 0x70, 0x20, 0x2d, 0x62, 0x72, 0x69, 0x65, 0x66, 0x20, 0x61, 0x64, 0x64, 0x72, 0x65, 0x73,
    0x73, 0x20, 0x32, 0x3e, 0x2f, 0x64, 0x65, 0x76, 0x2f, 0x6e, 0x75, 0x6c, 0x6c, 0x20, 0x7c, 0x7c,
    0x20, 0x74, 0x72, 0x75, 0x65, 0x0a, 0x20, 0x20, 0x70, 0x72, 0x69, 0x6e, 0x74, 0x66, 0x20, 0x27,
    0x5c, 0x6e, 0x2d, 0x2d, 0x2d, 0x20, 0xe5, 0x85, 0xb3, 0xe9, 0x94, 0xae, 0xe5, 0x91, 0xbd, 0xe4,
    0xbb, 0xa4, 0x20, 0x2d, 0x2d, 0x2d, 0x5c, 0x6e, 0x27, 0x0a, 0x20, 0x20, 0x66, 0x6f, 0x72, 0x20,
    0x63, 0x6d, 0x64, 0x20, 0x69, 0x6e, 0x20, 0x63, 0x75, 0x72, 0x6c, 0x20, 0x67, 0x69, 0x74, 0x20,
    0x78, 0x66, 0x73, 0x5f, 0x71, 0x75, 0x6f, 0x74, 0x61, 0x20, 0x64, 0x6f, 0x63, 0x6b, 0x65, 0x72,
    0x20, 0x52, 0x20, 0x72, 0x69, 0x67, 0x20, 0x63, 0x6f, 0x6e, 0x64, 0x61, 0x20, 0x6d, 0x61, 0x6d,
    0x62, 0x61, 0x20, 0x6d, 0x69, 0x63, 0x72, 0x6f, 0x6d, 0x61, 0x6d, 0x62, 0x61, 0x3b, 0x20, 0x64,
    0x6f, 0x0a, 0x20, 0x20, 0x20, 0x20, 0x69, 0x66, 0x20, 0x63, 0x6f, 0x6d, 0x6d, 0x61, 0x6e, 0x64,
    0x20, 0x2d, 0x76, 0x20, 0x22, 0x24, 0x63, 0x6d, 0x64, 0x22, 0x20, 0x3e, 0x2f, 0x64, 0x65, 0x76,
    0x2f, 0x6e, 0x75, 0x6c, 0x6c, 0x20, 0x32, 0x3e, 0x26, 0x31, 0x3b, 0x20, 0x74, 0x68, 0x65, 0x6e,
    0x0a, 0x20, 0x20, 0x20, 0x20, 0x20, 0x20, 0x70, 0x72, 0x69, 0x6e, 0x74, 0x66, 0x20, 0x27, 0x25,
    0x2d, 0x31, 0x32, 0x73, 0x20, 0x25, 0x73, 0x5c, 0x6e, 0x27, 0x20, 0x22, 0x24, 0x63, 0x6d, 0x64,
    0x22, 0x20, 0x22, 0x24, 0x28, 0x63, 0x6f, 0x6d, 0x6d, 0x61, 0x6e, 0x64, 0x20, 0x2d, 0x76, 0x20,
    0x22, 0x24, 0x63, 0x6d, 0x64, 0x22, 0x29, 0x22, 0x0a, 0x20, 0x20, 0x20, 0x20, 0x65, 0x6c, 0x73,
    0x65, 0x0a, 0x20, 0x20, 0x20, 0x20, 0x20, 0x20, 0x70, 0x72, 0x69, 0x6e, 0x74, 0x66, 0x20, 0x27,
    0x25, 0x2d, 0x31, 0x32, 0x73, 0x20, 0x25, 0x73, 0x5c, 0x6e, 0x27, 0x20, 0x22, 0x24, 0x63, 0x6d,
    0x64, 0x22, 0x20, 0x22, 0xe6, 0x9c, 0xaa, 0xe5, 0xae, 0x89, 0xe8, 0xa3, 0x85, 0x22, 0x0a, 0x20,
    0x20, 0x20, 0x20, 0x66, 0x69, 0x0a, 0x20, 0x20, 0x64, 0x6f, 0x6e, 0x65, 0x0a, 0x7d, 0x0a, 0x0a,
    0x63, 0x6f, 0x6e, 0x66, 0x69, 0x67, 0x75, 0x72, 0x65, 0x5f, 0x74, 0x69, 0x6d, 0x65, 0x28, 0x29,
    0x20, 0x7b, 0x0a, 0x20, 0x20, 0x6c, 0x6f, 0x63, 0x61, 0x6c, 0x20, 0x74, 0x69, 0x6d, 0x65, 0x7a,
    0x6f, 0x6e, 0x65, 0x0a, 0x20, 0x20, 0x72, 0x65, 0x61, 0x64, 0x20, 0x2d, 0x72, 0x20, 0x2d, 0x70,
    0x20, 0x22, 0xe6, 0x97, 0xb6, 0xe5, 0x8c, 0xba, 0x20, 0x5b, 0x24, 0x54, 0x49, 0x4d, 0x45, 0x5a,
    0x4f, 0x4e, 0x45, 0x5f, 0x44, 0x45, 0x46, 0x41, 0x55, 0x4c, 0x54, 0x5d, 0x3a, 0x20, 0x22, 0x20,
    0x74, 0x69, 0x6d, 0x65, 0x7a, 0x6f, 0x6e, 0x65, 0x0a, 0x20, 0x20, 0x74, 0x69, 0x6d, 0x65, 0x7a,
    0x6f, 0x6e, 0x65, 0x3d, 0x22, 0x24, 0x7b, 0x74, 0x69, 0x6d, 0x65, 0x7a, 0x6f, 0x6e, 0x65, 0x3a,
    0x2d, 0x24, 0x54, 0x49, 0x4d, 0x45, 0x5a, 0x4f, 0x4e, 0x45, 0x5f, 0x44, 0x45, 0x46, 0x41, 0x55,
    0x4c, 0x54, 0x7d, 0x22, 0x0a, 0x20, 0x20, 0x5b, 0x5b, 0x20, 0x2d, 0x65, 0x20, 0x22, 0x2f, 0x75,
    0x73, 0x72, 0x2f, 0x73, 0x68, 0x61, 0x72, 0x65, 0x2f, 0x7a, 0x6f, 0x6e, 0x65, 0x69, 0x6e, 0x66,
    0x6f, 0x2f, 0x24, 0x74, 0x69, 0x6d, 0x65, 0x7a, 0x6f, 0x6e, 0x65, 0x22, 0x20, 0x5d, 0x5d, 0x20,
    0x7c, 0x7c, 0x20, 0x7b, 0x20, 0x77, 0x61, 0x72, 0x6e, 0x20, 0x22, 0xe6, 0x97, 0xa0, 0xe6, 0x95,
    0x88, 0xe6, 0x97, 0xb6, 0xe5, 0x8c, 0xba, 0x3a, 0x20, 0x24, 0x74, 0x69, 0x6d, 0x65, 0x7a, 0x6f,
    0x6e, 0x65, 0x22, 0x3b, 0x20, 0x72, 0x65, 0x74, 0x75, 0x72, 0x6e, 0x20, 0x31, 0x3b, 0x20, 0x7d,
    0x0a, 0x0a, 0x20, 0x20, 0x61, 0x73, 0x5f, 0x72, 0x6f, 0x6f, 0x74, 0x20, 0x74, 0x69, 0x6d, 0x65,
    0x64, 0x61, 0x74, 0x65, 0x63, 0x74, 0x6c, 0x20, 0x73, 0x65, 0x74, 0x2d, 0x74, 0x69, 0x6d, 0x65,
    0x7a, 0x6f, 0x6e, 0x65, 0x20, 0x22, 0x24, 0x74, 0x69, 0x6d, 0x65, 0x7a, 0x6f, 0x6e, 0x65, 0x22,
    0x0a, 0x20, 0x20, 0x61, 0x73, 0x5f, 0x72, 0x6f, 0x6f, 0x74, 0x20, 0x74, 0x69, 0x6d, 0x65, 0x64,
    0x61, 0x74, 0x65, 0x63, 0x74, 0x6c, 0x20, 0x73, 0x65, 0x74, 0x2d, 0x6e, 0x74, 0x70, 0x20, 0x74,
    0x72, 0x75, 0x65, 0x0a, 0x20, 0x20, 0x6c, 0x6f, 0x67, 0x20, 0x22, 0xe6, 0x97, 0xb6, 0xe5, 0x8c,
    0xba, 0xe5, 0xb7, 0xb2, 0xe8, 0xae, 0xbe, 0xe7, 0xbd, 0xae, 0xe4, 0xb8, 0xba, 0x20, 0x24, 0x74,
    0x69, 0x6d, 0x65, 0x7a, 0x6f, 0x6e, 0x65, 0xef, 0xbc, 0x8c, 0xe5, 0xb9, 0xb6, 0xe5, 0x90, 0xaf,
    0xe7, 0x94, 0xa8, 0xe7, 0xb3, 0xbb, 0xe7, 0xbb, 0x9f, 0x20, 0x4e, 0x54, 0x50, 0xe3, 0x80, 0x82,
    0x22, 0x0a, 0x7d, 0x0a, 0x0a, 0x69, 0x6e, 0x73, 0x74, 0x61, 0x6c, 0x6c, 0x5f, 0x62, 0x61, 0x73,
    0x65, 0x5f, 0x70, 0x61, 0x63, 0x6b, 0x61, 0x67, 0x65, 0x73, 0x28, 0x29, 0x20, 0x7b, 0x0a, 0x20,
    0x20, 0x72, 0x65, 0x71, 0x75, 0x69, 0x72, 0x65, 0x5f, 0x75, 0x62, 0x75, 0x6e, 0x74, 0x75, 0x0a,
    0x20, 0x20, 0x6c, 0x6f, 0x63, 0x61, 0x6c, 0x20, 0x70, 0x61, 0x63, 0x6b, 0x61, 0x67, 0x65, 0x73,
    0x3d, 0x28, 0x0a, 0x20, 0x20, 0x20, 0x20, 0x76, 0x69, 0x6d, 0x20, 0x77, 0x67, 0x65, 0x74, 0x20,
    0x63, 0x75, 0x72, 0x6c, 0x20, 0x63, 0x61, 0x2d, 0x63, 0x65, 0x72, 0x74, 0x69, 0x66, 0x69, 0x63,
    0x61, 0x74, 0x65, 0x73, 0x20, 0x67, 0x6e, 0x75, 0x70, 0x67, 0x20, 0x6c, 0x73, 0x62, 0x2d, 0x72,
    0x65, 0x6c, 0x65, 0x61, 0x73, 0x65, 0x20, 0x73, 0x6f, 0x66, 0x74, 0x77, 0x61, 0x72, 0x65, 0x2d,
    0x70, 0x72, 0x6f, 0x70, 0x65, 0x72, 0x74, 0x69, 0x65, 0x73, 0x2d, 0x63, 0x6f, 0x6d, 0x6d, 0x6f,
    0x6e, 0x0a, 0x20, 0x20, 0x20, 0x20, 0x73, 0x63, 0x72, 0x65, 0x65, 0x6e, 0x20, 0x74, 0x6d, 0x75,
    0x78, 0x20, 0x72, 0x73, 0x79, 0x6e, 0x63, 0x20, 0x68, 0x74, 0x6f, 0x70, 0x20, 0x74, 0x72, 0x65,
    0x65, 0x20, 0x75, 0x6e, 0x7a, 0x69, 0x70, 0x20, 0x7a, 0x69, 0x70, 0x20, 0x6a, 0x71, 0x0a, 0x20,
    0x20, 0x20, 0x20, 0x6c, 0x76, 0x6d, 0x32, 0x20, 0x78, 0x66, 0x73, 0x70, 0x72, 0x6f, 0x67, 0x73,
    0x20, 0x71, 0x75, 0x6f, 0x74, 0x61, 0x20, 0x75, 0x66, 0x77, 0x0a, 0x20, 0x20, 0x29, 0x0a, 0x20,
    0x20, 0x61, 0x73, 0x5f, 0x72, 0x6f, 0x6f, 0x74, 0x20, 0x61, 0x70, 0x74, 0x2d, 0x67, 0x65, 0x74,
    0x20, 0x75, 0x70, 0x64, 0x61, 0x74, 0x65, 0x0a, 0x20, 0x20, 0x61, 0x73, 0x5f, 0x72, 0x6f, 0x6f,
    0x74, 0x20, 0x65, 0x6e, 0x76, 0x20, 0x44, 0x45, 0x42, 0x49, 0x41, 0x4e, 0x5f, 0x46, 0x52, 0x4f,
    0x4e, 0x54, 0x45, 0x4e, 0x44, 0x3d, 0x6e, 0x6f, 0x6e, 0x69, 0x6e, 0x74, 0x65, 0x72, 0x61, 0x63,
    0x74, 0x69, 0x76, 0x65, 0x20, 0x61, 0x70, 0x74, 0x2d, 0x67, 0x65, 0x74, 0x20, 0x69, 0x6e, 0x73,
    0x74, 0x61, 0x6c, 0x6c, 0x20, 0x2d, 0x79, 0x20, 0x22, 0x24, 0x7b, 0x70, 0x61, 0x63, 0x6b, 0x61,
    0x67, 0x65, 0x73, 0x5b, 0x40, 0x5d, 0x7d, 0x22, 0x0a, 0x20, 0x20, 0x6c, 0x6f, 0x67, 0x20, 0x22,
    0xe5, 0x9f, 0xba, 0xe7, 0xa1, 0x80, 0xe7, 0xae, 0xa1, 0xe7, 0x90, 0x86, 0xe4, 0xb8, 0x8e, 0xe7,
    0xa3, 0x81, 0xe7, 0x9b, 0x98, 0xe5, 0xb7, 0xa5, 0xe5, 0x85, 0xb7, 0xe5, 0xae, 0x89, 0xe8, 0xa3,
    0x85, 0xe5, 0xae, 0x8c, 0xe6, 0x88, 0x90, 0xe3, 0x80, 0x82, 0x22, 0x0a, 0x7d, 0x0a, 0x0a, 0x64,
    0x65, 0x76, 0x69, 0x63, 0x65, 0x5f, 0x68, 0x61, 0x73, 0x5f, 0x6d, 0x6f, 0x75, 0x6e, 0x74, 0x65,
    0x64, 0x5f, 0x63, 0x68, 0x69, 0x6c, 0x64, 0x72, 0x65, 0x6e, 0x28, 0x29, 0x20, 0x7b, 0x0a, 0x20,
    0x20, 0x6c, 0x6f, 0x63, 0x61, 0x6c, 0x20, 0x64, 0x65, 0x76, 0x69, 0x63, 0x65, 0x3d, 0x22, 0x24,
    0x31, 0x22, 0x0a, 0x20, 0x20, 0x6c, 0x73, 0x62, 0x6c, 0x6b, 0x20, 0x2d, 0x6e, 0x72, 0x70, 0x6f,
    0x20, 0x4e, 0x41, 0x4d, 0x45, 0x2c, 0x4d, 0x4f, 0x55, 0x4e, 0x54, 0x50, 0x4f, 0x49, 0x4e, 0x54,
    0x53, 0x20, 0x22, 0x24, 0x64, 0x65, 0x76, 0x69, 0x63, 0x65, 0x22, 0x20, 0x32, 0x3e, 0x2f, 0x64,
    0x65, 0x76, 0x2f, 0x6e, 0x75, 0x6c, 0x6c, 0x20, 0x20, 0x20, 0x20, 0x20, 0x7c, 0x20, 0x61, 0x77,
    0x6b, 0x20, 0x27, 0x4e, 0x46, 0x20, 0x3e, 0x20, 0x31, 0x20, 0x7b, 0x66, 0x6f, 0x72, 0x20, 0x28,
    0x69, 0x3d, 0x32, 0x3b, 0x20, 0x69, 0x3c, 0x3d, 0x4e, 0x46, 0x3b, 0x20, 0x69, 0x2b, 0x2b, 0x29,
    0x20, 0x69, 0x66, 0x20, 0x28, 0x24, 0x69, 0x20, 0x21, 0x3d, 0x20, 0x22, 0x22, 0x29, 0x20, 0x7b,
    0x66, 0x6f, 0x75, 0x6e, 0x64, 0x3d, 0x31, 0x7d, 0x7d, 0x20, 0x45, 0x4e, 0x44, 0x20, 0x7b, 0x65,
    0x78, 0x69, 0x74, 0x20, 0x21, 0x66, 0x6f, 0x75, 0x6e, 0x64, 0x7d, 0x27, 0x0a, 0x7d, 0x0a, 0x0a,
    0x64, 0x65, 0x76, 0x69, 0x63, 0x65, 0x5f, 0x69, 0x73, 0x5f, 0x73, 0x77, 0x61, 0x70, 0x5f, 0x6f,
    0x72, 0x5f, 0x70, 0x61, 0x72, 0x65, 0x6e, 0x74, 0x5f, 0x6f, 0x66, 0x5f, 0x73, 0x77, 0x61, 0x70,
    0x28, 0x29, 0x20, 0x7b, 0x0a, 0x20, 0x20, 0x6c, 0x6f, 0x63, 0x61, 0x6c, 0x20, 0x64, 0x65, 0x76,
    0x69, 0x63, 0x65, 0x3d, 0x22, 0x24, 0x31, 0x22, 0x0a, 0x20, 0x20, 0x6c, 0x6f, 0x63, 0x61, 0x6c,
    0x20, 0x73, 0x77, 0x61, 0x70, 0x64, 0x65, 0x76, 0x20, 0x6e, 0x6f, 0x64, 0x65, 0x0a, 0x20, 0x20,
    0x77, 0x68, 0x69, 0x6c, 0x65, 0x20, 0x72, 0x65, 0x61, 0x64, 0x20, 0x2d, 0x72, 0x20, 0x73, 0x77,
    0x61, 0x70, 0x64, 0x65, 0x76, 0x3b, 0x20, 0x64, 0x6f, 0x0a, 0x20, 0x20, 0x20, 0x20, 0x5b, 0x5b,
    0x20, 0x2d, 0x6e, 0x20, 0x22, 0x24, 0x73, 0x77, 0x61, 0x70, 0x64, 0x65, 0x76, 0x22, 0x20, 0x5d,
    0x5d, 0x20, 0x7c, 0x7c, 0x20, 0x63, 0x6f, 0x6e, 0x74, 0x69, 0x6e, 0x75, 0x65, 0x0a, 0x20, 0x20,
    0x20, 0x20, 0x77, 0x68, 0x69, 0x6c, 0x65, 0x20, 0x72, 0x65, 0x61, 0x64, 0x20, 0x2d, 0x72, 0x20,
    0x6e, 0x6f, 0x64, 0x65, 0x3b, 0x20, 0x64, 0x6f, 0x0a, 0x20, 0x20, 0x20, 0x20, 0x20, 0x20, 0x5b,
    0x5b, 0x20, 0x22, 0x24, 0x6e, 0x6f, 0x64, 0x65, 0x22, 0x20, 0x3d, 0x3d, 0x20, 0x22, 0x24, 0x64,
    0x65, 0x76, 0x69, 0x63, 0x65, 0x22, 0x20, 0x5d, 0x5d, 0x20, 0x26, 0x26, 0x20, 0x72, 0x65, 0x74,
    0x75, 0x72, 0x6e, 0x20, 0x30, 0x0a, 0x20, 0x20, 0x20, 0x20, 0x64, 0x6f, 0x6e, 0x65, 0x20, 0x3c,
    0x20, 0x3c, 0x28, 0x6c, 0x73, 0x62, 0x6c, 0x6b, 0x20, 0x2d, 0x73, 0x72, 0x6e, 0x70, 0x6f, 0x20,
    0x4e, 0x41, 0x4d, 0x45, 0x20, 0x22, 0x24, 0x73, 0x77, 0x61, 0x70, 0x64, 0x65, 0x76, 0x22, 0x20,
    0x32, 0x3e, 0x2f, 0x64, 0x65, 0x76, 0x2f, 0x6e, 0x75, 0x6c, 0x6c, 0x20, 0x7c, 0x7c, 0x20, 0x74,
    0x72, 0x75, 0x65, 0x29, 0x0a, 0x20, 0x20, 0x64, 0x6f, 0x6e, 0x65, 0x20, 0x3c, 0x20, 0x3c, 0x28,
    0x73, 0x77, 0x61, 0x70, 0x6f, 0x6e, 0x20, 0x2d, 0x2d, 0x6e, 0x6f, 0x68, 0x65, 0x61, 0x64, 0x69,
    0x6e, 0x67, 0x73, 0x20, 0x2d, 0x2d, 0x72, 0x61, 0x77, 0x20, 0x2d, 0x2d, 0x6f, 0x75, 0x74, 0x70,
    0x75, 0x74, 0x20, 0x4e, 0x41, 0x4d, 0x45, 0x20, 0x32, 0x3e, 0x2f, 0x64, 0x65, 0x76, 0x2f, 0x6e,
    0x75, 0x6c, 0x6c, 0x20, 0x7c, 0x7c, 0x20, 0x74, 0x72, 0x75, 0x65, 0x29, 0x0a, 0x20, 0x20, 0x72,
    0x65, 0x74, 0x75, 0x72, 0x6e, 0x20, 0x31, 0x0a, 0x7d, 0x0a, 0x0a, 0x64, 0x65, 0x76, 0x69, 0x63,
    0x65, 0x5f, 0x69, 0x73, 0x5f, 0x72, 0x6f, 0x6f, 0x74, 0x5f, 0x6f, 0x72, 0x5f, 0x70, 0x61, 0x72,
    0x65, 0x6e, 0x74, 0x28, 0x29, 0x20, 0x7b, 0x0a, 0x20, 0x20, 0x6c, 0x6f, 0x63, 0x61, 0x6c, 0x20,
    0x64, 0x65, 0x76, 0x69, 0x63, 0x65, 0x3d, 0x22, 0x24, 0x31, 0x22, 0x0a, 0x20, 0x20, 0x6c, 0x6f,
    0x63, 0x61, 0x6c, 0x20, 0x72, 0x6f, 0x6f, 0x74, 0x5f, 0x73, 0x6f, 0x75, 0x72, 0x63, 0x65, 0x20,
    0x6e, 0x6f, 0x64, 0x65, 0x0a, 0x20, 0x20, 0x72, 0x6f, 0x6f, 0x74, 0x5f, 0x73, 0x6f, 0x75, 0x72,
    0x63, 0x65, 0x3d, 0x22, 0x24, 0x28, 0x66, 0x69, 0x6e, 0x64, 0x6d, 0x6e, 0x74, 0x20, 0x2d, 0x6e,
    0x20, 0x2d, 0x6f, 0x20, 0x53, 0x4f, 0x55, 0x52, 0x43, 0x45, 0x20, 0x2f, 0x20, 0x32, 0x3e, 0x2f,
    0x64, 0x65, 0x76, 0x2f, 0x6e, 0x75, 0x6c, 0x6c, 0x20, 0x7c, 0x7c, 0x20, 0x74, 0x72, 0x75, 0x65,
    0x29, 0x22, 0x0a, 0x20, 0x20, 0x5b, 0x5b, 0x20, 0x2d, 0x6e, 0x20, 0x22, 0x24, 0x72, 0x6f, 0x6f,
    0x74, 0x5f, 0x73, 0x6f, 0x75, 0x72, 0x63, 0x65, 0x22, 0x20, 0x5d, 0x5d, 0x20, 0x7c, 0x7c, 0x20,
    0x72, 0x65, 0x74, 0x75, 0x72, 0x6e, 0x20, 0x31, 0x0a, 0x0a, 0x20, 0x20, 0x77, 0x68, 0x69, 0x6c,
    0x65, 0x20, 0x72, 0x65, 0x61, 0x64, 0x20, 0x2d, 0x72, 0x20, 0x6e, 0x6f, 0x64, 0x65, 0x3b, 0x20,
    0x64, 0x6f, 0x0a, 0x20, 0x20, 0x20, 0x20, 0x5b, 0x5b, 0x20, 0x22, 0x24, 0x6e, 0x6f, 0x64, 0x65,
    0x22, 0x20, 0x3d, 0x3d, 0x20, 0x22, 0x24, 0x64, 0x65, 0x76, 0x69, 0x63, 0x65, 0x22, 0x20, 0x5d,
    0x5d, 0x20, 0x26, 0x26, 0x20, 0x72, 0x65, 0x74, 0x75, 0x72, 0x6e, 0x20, 0x30, 0x0a, 0x20, 0x20,
    0x64, 0x6f, 0x6e, 0x65, 0x20, 0x3c, 0x20, 0x3c, 0x28, 0x6c, 0x73, 0x62, 0x6c, 0x6b, 0x20, 0x2d,
    0x73, 0x72, 0x6e, 0x70, 0x6f, 0x20, 0x4e, 0x41, 0x4d, 0x45, 0x20, 0x22, 0x24, 0x72, 0x6f, 0x6f,
    0x74, 0x5f, 0x73, 0x6f, 0x75, 0x72, 0x63, 0x65, 0x22, 0x20, 0x32, 0x3e, 0x2f, 0x64, 0x65, 0x76,
    0x2f, 0x6e, 0x75, 0x6c, 0x6c, 0x20, 0x7c, 0x7c, 0x20, 0x74, 0x72, 0x75, 0x65, 0x29, 0x0a, 0x20,
    0x20, 0x72, 0x65, 0x74, 0x75, 0x72, 0x6e, 0x20, 0x31, 0x0a, 0x7d, 0x0a, 0x0a, 0x64, 0x65, 0x76,
    0x69, 0x63, 0x65, 0x5f, 0x69, 0x73, 0x5f, 0x6c, 0x76, 0x6d, 0x5f, 0x6f, 0x72, 0x5f, 0x72, 0x61,
    0x69, 0x64, 0x5f, 0x6d, 0x65, 0x6d, 0x62, 0x65, 0x72, 0x28, 0x29, 0x20, 0x7b, 0x0a, 0x20, 0x20,
    0x6c, 0x6f, 0x63, 0x61, 0x6c, 0x20, 0x64, 0x65, 0x76, 0x69, 0x63, 0x65, 0x3d, 0x22, 0x24, 0x31,
    0x22, 0x0a, 0x20, 0x20, 0x6c, 0x6f, 0x63, 0x61, 0x6c, 0x20, 0x74, 0x79, 0x70, 0x65, 0x20, 0x70,
    0x76, 0x0a, 0x20, 0x20, 0x77, 0x68, 0x69, 0x6c, 0x65, 0x20, 0x72, 0x65, 0x61, 0x64, 0x20, 0x2d,
    0x72, 0x20, 0x74, 0x79, 0x70, 0x65, 0x3b, 0x20, 0x64, 0x6f, 0x0a, 0x20, 0x20, 0x20, 0x20, 0x63,
    0x61, 0x73, 0x65, 0x20, 0x22, 0x24, 0x74, 0x79, 0x70, 0x65, 0x22, 0x20, 0x69, 0x6e, 0x0a, 0x20,
    0x20, 0x20, 0x20, 0x20, 0x20, 0x6c, 0x76, 0x6d, 0x7c, 0x72, 0x61, 0x69, 0x64, 0x2a, 0x7c, 0x6d,
    0x64, 0x29, 0x20, 0x72, 0x65, 0x74, 0x75, 0x72, 0x6e, 0x20, 0x30, 0x20, 0x3b, 0x3b, 0x0a, 0x20,
    0x20, 0x20, 0x20, 0x65, 0x73, 0x61, 0x63, 0x0a, 0x20, 0x20, 0x64, 0x6f, 0x6e, 0x65, 0x20, 0x3c,
    0x20, 0x3c, 0x28, 0x6c, 0x73, 0x62, 0x6c, 0x6b, 0x20, 0x2d, 0x6e, 0x72, 0x70, 0x6f, 0x20, 0x54,
    0x59, 0x50, 0x45, 0x20, 0x22, 0x24, 0x64, 0x65, 0x76, 0x69, 0x63, 0x65, 0x22, 0x20, 0x32, 0x3e,
    0x2f, 0x64, 0x65, 0x76, 0x2f, 0x6e, 0x75, 0x6c, 0x6c, 0x20, 0x7c, 0x7c, 0x20, 0x74, 0x72, 0x75,
    0x65, 0x29, 0x0a, 0x0a, 0x20, 0x20, 0x69, 0x66, 0x20, 0x63, 0x6f, 0x6d, 0x6d, 0x61, 0x6e, 0x64,
    0x20, 0x2d, 0x76, 0x20, 0x70, 0x76, 0x73, 0x20, 0x3e, 0x2f, 0x64, 0x65, 0x76, 0x2f, 0x6e, 0x75,
    0x6c, 0x6c, 0x20, 0x32, 0x3e, 0x26, 0x31, 0x3b, 0x20, 0x74, 0x68, 0x65, 0x6e, 0x0a, 0x20, 0x20,
    0x20, 0x20, 0x77, 0x68, 0x69, 0x6c, 0x65, 0x20, 0x72, 0x65, 0x61, 0x64, 0x20, 0x2d, 0x72, 0x20,
    0x70, 0x76, 0x3b, 0x20, 0x64, 0x6f, 0x0a, 0x20, 0x20, 0x20, 0x20, 0x20, 0x20, 0x70, 0x76, 0x3d,
    0x22, 0x24, 0x28, 0x70, 0x72, 0x69, 0x6e, 0x74, 0x66, 0x20, 0x27, 0x25, 0x73, 0x27, 0x20, 0x22,
    0x24, 0x70, 0x76, 0x22, 0x20, 0x7c, 0x20, 0x78, 0x61, 0x72, 0x67, 0x73, 0x29, 0x22, 0x0a, 0x20,
    0x20, 0x20, 0x20, 0x20, 0x20, 0x5b, 0x5b, 0x20, 0x2d, 0x6e, 0x20, 0x22, 0x24, 0x70, 0x76, 0x22,
    0x20, 0x5d, 0x5d, 0x20, 0x7c, 0x7c, 0x20, 0x63, 0x6f, 0x6e, 0x74, 0x69, 0x6e, 0x75, 0x65, 0x0a,
    0x20, 0x20, 0x20, 0x20, 0x20, 0x20, 0x5b, 0x5b, 0x20, 0x22, 0x24, 0x70, 0x76, 0x22, 0x20, 0x3d,
    0x3d, 0x20, 0x22, 0x24, 0x64, 0x65, 0x76, 0x69, 0x63, 0x65, 0x22, 0x20, 0x5d, 0x5d, 0x20, 0x26,
    0x26, 0x20, 0x72, 0x65, 0x74, 0x75, 0x72, 0x6e, 0x20, 0x30, 0x0a, 0x20, 0x20, 0x20, 0x20, 0x64,
    0x6f, 0x6e, 0x65, 0x20, 0x3c, 0x20, 0x3c, 0x28, 0x70, 0x76, 0x73, 0x20, 0x2d, 0x2d, 0x6e, 0x6f,
    0x68, 0x65, 0x61, 0x64, 0x69, 0x6e, 0x67, 0x73, 0x20, 0x2d, 0x6f, 0x20, 0x70, 0x76, 0x5f, 0x6e,
    0x61, 0x6d, 0x65, 0x20, 0x32, 0x3e, 0x2f, 0x64, 0x65, 0x76, 0x2f, 0x6e, 0x75, 0x6c, 0x6c, 0x20,
    0x7c, 0x7c, 0x20, 0x74, 0x72, 0x75, 0x65, 0x29, 0x0a, 0x20, 0x20, 0x66, 0x69, 0x0a, 0x20, 0x20,
    0x72, 0x65, 0x74, 0x75, 0x72, 0x6e, 0x20, 0x31, 0x0a, 0x7d, 0x0a, 0x0a, 0x64, 0x65, 0x76, 0x69,
    0x63, 0x65, 0x5f, 0x68, 0x61, 0x73, 0x5f, 0x63, 0x68, 0x69, 0x6c, 0x64, 0x5f, 0x70, 0x61, 0x72,
    0x74, 0x69, 0x74, 0x69, 0x6f, 0x6e, 0x73, 0x28, 0x29, 0x20, 0x7b, 0x0a, 0x20, 0x20, 0x6c, 0x6f,
    0x63, 0x61, 0x6c, 0x20, 0x64, 0x65, 0x76, 0x69, 0x63, 0x65, 0x3d, 0x22, 0x24, 0x31, 0x22, 0x0a,
    0x20, 0x20, 0x6c, 0x6f, 0x63, 0x61, 0x6c, 0x20, 0x63, 0x6f, 0x75, 0x6e, 0x74, 0x0a, 0x20, 0x20,
    0x63, 0x6f, 0x75, 0x6e, 0x74, 0x3d, 0x22, 0x24, 0x28, 0x6c, 0x73, 0x62, 0x6c, 0x6b, 0x20, 0x2d,
    0x6e, 0x72, 0x70, 0x6f, 0x20, 0x4e, 0x41, 0x4d, 0x45, 0x20, 0x22, 0x24, 0x64, 0x65, 0x76, 0x69,
    0x63, 0x65, 0x22, 0x20, 0x32, 0x3e, 0x2f, 0x64, 0x65, 0x76, 0x2f, 0x6e, 0x75, 0x6c, 0x6c, 0x20,
    0x7c, 0x20, 0x77, 0x63, 0x20, 0x2d, 0x6c, 0x29, 0x22, 0x0a, 0x20, 0x20, 0x28, 0x28, 0x20, 0x63,
    0x6f, 0x75, 0x6e, 0x74, 0x20, 0x3e, 0x20, 0x31, 0x20, 0x29, 0x29, 0x0a, 0x7d, 0x0a, 0x0a, 0x64,
    0x65, 0x76, 0x69, 0x63, 0x65, 0x5f, 0x68, 0x61, 0x73, 0x5f, 0x70, 0x61, 0x72, 0x74, 0x69, 0x74,
    0x69, 0x6f, 0x6e, 0x5f, 0x74, 0x61, 0x62, 0x6c, 0x65, 0x28, 0x29, 0x20, 0x7b, 0x0a, 0x20, 0x20,
    0x6c, 0x6f, 0x63, 0x61, 0x6c, 0x20, 0x64, 0x65, 0x76, 0x69, 0x63, 0x65, 0x3d, 0x22, 0x24, 0x31,
    0x22, 0x0a, 0x20, 0x20, 0x6c, 0x6f, 0x63, 0x61, 0x6c, 0x20, 0x70, 0x74, 0x74, 0x79, 0x70, 0x65,
    0x0a, 0x20, 0x20, 0x70, 0x74, 0x74, 0x79, 0x70, 0x65, 0x3d, 0x22, 0x24, 0x28, 0x6c, 0x73, 0x62,
    0x6c, 0x6b, 0x20, 0x2d, 0x64, 0x6e, 0x20, 0x2d, 0x6f, 0x20, 0x50, 0x54, 0x54, 0x59, 0x50, 0x45,
    0x20, 0x22, 0x24, 0x64, 0x65, 0x76, 0x69, 0x63, 0x65, 0x22, 0x20, 0x32, 0x3e, 0x2f, 0x64, 0x65,
    0x76, 0x2f, 0x6e, 0x75, 0x6c, 0x6c, 0x20, 0x7c, 0x20, 0x78, 0x61, 0x72, 0x67, 0x73, 0x20, 0x7c,
    0x7c, 0x20, 0x74, 0x72, 0x75, 0x65, 0x29, 0x22, 0x0a, 0x20, 0x20, 0x5b, 0x5b, 0x20, 0x2d, 0x6e,
    0x20, 0x22, 0x24, 0x70, 0x74, 0x74, 0x79, 0x70, 0x65, 0x22, 0x20, 0x5d, 0x5d, 0x0a, 0x7d, 0x0a,
    0x0a, 0x61, 0x73, 0x73, 0x65, 0x72, 0x74, 0x5f, 0x73, 0x61, 0x66, 0x65, 0x5f, 0x74, 0x6f, 0x5f,
    0x66, 0x6f, 0x72, 0x6d, 0x61, 0x74, 0x28, 0x29, 0x20, 0x7b, 0x0a, 0x20, 0x20, 0x6c, 0x6f, 0x63,
    0x61, 0x6c, 0x20, 0x64, 0x65, 0x76, 0x69, 0x63, 0x65, 0x3d, 0x22, 0x24, 0x31, 0x22, 0x0a, 0x0a,
    0x20, 0x20, 0x64, 0x65, 0x76, 0x69, 0x63, 0x65, 0x3d, 0x22, 0x24, 0x28, 0x72, 0x65, 0x61, 0x64,
    0x6c, 0x69, 0x6e, 0x6b, 0x20, 0x2d, 0x66, 0x20, 0x22, 0x24, 0x64, 0x65, 0x76, 0x69, 0x63, 0x65,
    0x22, 0x29, 0x22, 0x0a, 0x20, 0x20, 0x69, 0x66, 0x20, 0x5b, 0x5b, 0x20, 0x21, 0x20, 0x2d, 0x62,
    0x20, 0x22, 0x24, 0x64, 0x65, 0x76, 0x69, 0x63, 0x65, 0x22, 0x20, 0x5d, 0x5d, 0x3b, 0x20, 0x74,
    0x68, 0x65, 0x6e, 0x0a, 0x20, 0x20, 0x20, 0x20, 0x69, 0x66, 0x20, 0x28, 0x28, 0x20, 0x44, 0x52,
    0x59, 0x5f, 0x52, 0x55, 0x4e, 0x20, 0x29, 0x29, 0x3b, 0x20, 0x74, 0x68, 0x65, 0x6e, 0x0a, 0x20,
    0x20, 0x20, 0x20, 0x20, 0x20, 0x77, 0x61, 0x72, 0x6e, 0x20, 0x22, 0x64, 0x72, 0x79, 0x2d, 0x72,
    0x75, 0x6e, 0xef, 0xbc, 0x9a, 0x24, 0x64, 0x65, 0x76, 0x69, 0x63, 0x65, 0x20, 0xe5, 0xbd, 0x93,
    0xe5, 0x89, 0x8d, 0xe4, 0xb8, 0x8d, 0xe6, 0x98, 0xaf, 0xe5, 0x8f, 0xaf, 0xe8, 0xa7, 0x81, 0xe5,
    0x9d, 0x97, 0xe8, 0xae, 0xbe, 0xe5, 0xa4, 0x87, 0xef, 0xbc, 0x8c, 0xe4, 0xbb, 0x85, 0xe6, 0xbc,
    0x94, 0xe7, 0xa4, 0xba, 0xe6, 0xa0, 0xbc, 0xe5, 0xbc, 0x8f, 0xe5, 0x8c, 0x96, 0xe6, 0xb5, 0x81,
    0xe7, 0xa8, 0x8b, 0xe3, 0x80, 0x82, 0x22, 0x0a, 0x20, 0x20, 0x20, 0x20, 0x20, 0x20, 0x72, 0x65,
    0x74, 0x75, 0x72, 0x6e, 0x20, 0x30, 0x0a, 0x20, 0x20, 0x20, 0x20, 0x66, 0x69, 0x0a, 0x20, 0x20,
    0x20, 0x20, 0x77, 0x61, 0x72, 0x6e, 0x20, 0x22, 0x24, 0x64, 0x65, 0x76, 0x69, 0x63, 0x65, 0x20,
    0xe4, 0xb8, 0x8d, 0xe6, 0x98, 0xaf, 0xe5, 0x9d, 0x97, 0xe8, 0xae, 0xbe, 0xe5, 0xa4, 0x87, 0xe3,
    0x80, 0x82, 0x22, 0x0a, 0x20, 0x20, 0x20, 0x20, 0x72, 0x65, 0x74, 0x75, 0x72, 0x6e, 0x20, 0x31,
    0x0a, 0x20, 0x20, 0x66, 0x69, 0x0a, 0x0a, 0x20, 0x20, 0x69, 0x66, 0x20, 0x64, 0x65, 0x76, 0x69,
    0x63, 0x65, 0x5f, 0x69, 0x73, 0x5f, 0x72, 0x6f, 0x6f, 0x74, 0x5f, 0x6f, 0x72, 0x5f, 0x70, 0x61,
    0x72, 0x65, 0x6e, 0x74, 0x20, 0x22, 0x24, 0x64, 0x65, 0x76, 0x69, 0x63, 0x65, 0x22, 0x3b, 0x20,
    0x74, 0x68, 0x65, 0x6e, 0x0a, 0x20, 0x20, 0x20, 0x20, 0x77, 0x61, 0x72, 0x6e, 0x20, 0x22, 0xe6,
    0x8b, 0x92, 0xe7, 0xbb, 0x9d, 0xe6, 0xa0, 0xbc, 0xe5, 0xbc, 0x8f, 0xe5, 0x8c, 0x96, 0xef, 0xbc,
    0x9a, 0x24, 0x64, 0x65, 0x76, 0x69, 0x63, 0x65, 0x20, 0xe6, 0x98, 0xaf, 0xe7, 0xb3, 0xbb, 0xe7,
    0xbb, 0x9f, 0xe6, 0xa0, 0xb9, 0xe6, 0x96, 0x87, 0xe4, 0xbb, 0xb6, 0xe7, 0xb3, 0xbb, 0xe7, 0xbb,
    0x9f, 0xe6, 0x89, 0x80, 0xe5, 0x9c, 0xa8, 0xe8, 0xae, 0xbe, 0xe5, 0xa4, 0x87, 0xe6, 0x88, 0x96,
    0xe5, 0x85, 0xb6, 0xe4, 0xb8, 0x8a, 0xe7, 0xba, 0xa7, 0xe8, 0xae, 0xbe, 0xe5, 0xa4, 0x87, 0xe3,
    0x80, 0x82, 0x22, 0x0a, 0x20, 0x20, 0x20, 0x20, 0x72, 0x65, 0x74, 0x75, 0x72, 0x6e, 0x20, 0x31,
    0x0a, 0x20, 0x20, 0x66, 0x69, 0x0a, 0x20, 0x20, 0x69, 0x66, 0x20, 0x64, 0x65, 0x76, 0x69, 0x63,
    0x65, 0x5f, 0x68, 0x61, 0x73, 0x5f, 0x6d, 0x6f, 0x75, 0x6e, 0x74, 0x65, 0x64, 0x5f, 0x63, 0x68,
    0x69, 0x6c, 0x64, 0x72, 0x65, 0x6e, 0x20, 0x22, 0x24, 0x64, 0x65, 0x76, 0x69, 0x63, 0x65, 0x22,
    0x3b, 0x20, 0x74, 0x68, 0x65, 0x6e, 0x0a, 0x20, 0x20, 0x20, 0x20, 0x77, 0x61, 0x72, 0x6e, 0x20,
    0x22, 0xe6, 0x8b, 0x92, 0xe7, 0xbb, 0x9d, 0xe6, 0xa0, 0xbc, 0xe5, 0xbc, 0x8f, 0xe5, 0x8c, 0x96,
    0xef, 0xbc, 0x9a, 0x24, 0x64, 0x65, 0x76, 0x69, 0x63, 0x65, 0x20, 0xe6, 0x88, 0x96, 0xe5, 0x85,
    0xb6, 0xe5, 0xad, 0x90, 0xe8, 0xae, 0xbe, 0xe5, 0xa4, 0x87, 0xe5, 0xbd, 0x93, 0xe5, 0x89, 0x8d,
    0xe5, 0xad, 0x98, 0xe5, 0x9c, 0xa8, 0xe6, 0x8c, 0x82, 0xe8, 0xbd, 0xbd, 0xe7, 0x82, 0xb9, 0xe3,
    0x80, 0x82, 0x22, 0x0a, 0x20, 0x20, 0x20, 0x20, 0x6c, 0x73, 0x62, 0x6c, 0x6b, 0x20, 0x2d, 0x6f,
    0x20, 0x4e, 0x41, 0x4d, 0x45, 0x2c, 0x53, 0x49, 0x5a, 0x45, 0x2c, 0x46, 0x53, 0x54, 0x59, 0x50,
    0x45, 0x2c, 0x54, 0x59, 0x50, 0x45, 0x2c, 0x4d, 0x4f, 0x55, 0x4e, 0x54, 0x50, 0x4f, 0x49, 0x4e,
    0x54, 0x53, 0x20, 0x22, 0x24, 0x64, 0x65, 0x76, 0x69, 0x63, 0x65, 0x22, 0x0a, 0x20, 0x20, 0x20,
    0x20, 0x72, 0x65, 0x74, 0x75, 0x72, 0x6e, 0x20, 0x31, 0x0a, 0x20, 0x20, 0x66, 0x69, 0x0a, 0x20,
    0x20, 0x69, 0x66, 0x20, 0x64, 0x65, 0x76, 0x69, 0x63, 0x65, 0x5f, 0x69, 0x73, 0x5f, 0x73, 0x77,
    0x61, 0x70, 0x5f, 0x6f, 0x72, 0x5f, 0x70, 0x61, 0x72, 0x65, 0x6e, 0x74, 0x5f, 0x6f, 0x66, 0x5f,
    0x73, 0x77, 0x61, 0x70, 0x20, 0x22, 0x24, 0x64, 0x65, 0x76, 0x69, 0x63, 0x65, 0x22, 0x3b, 0x20,
    0x74, 0x68, 0x65, 0x6e, 0x0a, 0x20, 0x20, 0x20, 0x20, 0x77, 0x61, 0x72, 0x6e, 0x20, 0x22, 0xe6,
    0x8b, 0x92, 0xe7, 0xbb, 0x9d, 0xe6, 0xa0, 0xbc, 0xe5, 0xbc, 0x8f, 0xe5, 0x8c, 0x96, 0xef, 0xbc,
    0x9a, 0x24, 0x64, 0x65, 0x76, 0x69, 0x63, 0x65, 0x20, 0xe6, 0xad, 0xa3, 0xe8, 0xa2, 0xab, 0x20,
    0x73, 0x77, 0x61, 0x70, 0x20, 0xe4, 0xbd, 0xbf, 0xe7, 0x94, 0xa8, 0xef, 0xbc, 0x8c, 0xe6, 0x88,
    0x96, 0xe6, 0x98, 0xaf, 0x20, 0x73, 0x77, 0x61, 0x70, 0x20, 0xe6, 0x89, 0x80, 0xe5, 0x9c, 0xa8,
    0xe8, 0xae, 0xbe, 0xe5, 0xa4, 0x87, 0xe7, 0x9a, 0x84, 0xe4, 0xb8, 0x8a, 0xe7, 0xba, 0xa7, 0xe8,
    0xae, 0xbe, 0xe5, 0xa4, 0x87, 0xe3, 0x80, 0x82, 0x22, 0x0a, 0x20, 0x20, 0x20, 0x20, 0x72, 0x65,
    0x74, 0x75, 0x72, 0x6e, 0x20, 0x31, 0x0a, 0x20, 0x20, 0x66, 0x69, 0x0a, 0x20, 0x20, 0x69, 0x66,
    0x20, 0x64, 0x65, 0x76, 0x69, 0x63, 0x65, 0x5f, 0x69, 0x73, 0x5f, 0x6c, 0x76, 0x6d, 0x5f, 0x6f,
    0x72, 0x5f, 0x72, 0x61, 0x69, 0x64, 0x5f, 0x6d, 0x65, 0x6d, 0x62, 0x65, 0x72, 0x20, 0x22, 0x24,
    0x64, 0x65, 0x76, 0x69, 0x63, 0x65, 0x22, 0x3b, 0x20, 0x74, 0x68, 0x65, 0x6e, 0x0a, 0x20, 0x20,
    0x20, 0x20, 0x77, 0x61, 0x72, 0x6e, 0x20, 0x22, 0xe6, 0x8b, 0x92, 0xe7, 0xbb, 0x9d, 0xe6, 0xa0,
    0xbc, 0xe5, 0xbc, 0x8f, 0xe5, 0x8c, 0x96, 0xef, 0xbc, 0x9a, 0xe6, 0xa3, 0x80, 0xe6, 0xb5, 0x8b,
    0xe5, 0x88, 0xb0, 0x20, 0x24, 0x64, 0x65, 0x76, 0x69, 0x63, 0x65, 0x20, 0xe5, 0xb1, 0x9e, 0xe4,
    0xba, 0x8e, 0x20, 0x4c, 0x56, 0x4d, 0x2f, 0x52, 0x41, 0x49, 0x44, 0x20, 0xe7, 0xbb, 0x93, 0xe6,
    0x9e, 0x84, 0xe3, 0x80, 0x82, 0x22, 0x0a, 0x20, 0x20, 0x20, 0x20, 0x72, 0x65, 0x74, 0x75, 0x72,
    0x6e, 0x20, 0x31, 0x0a, 0x20, 0x20, 0x66, 0x69, 0x0a, 0x20, 0x20, 0x69, 0x66, 0x20, 0x64, 0x65,
    0x76, 0x69, 0x63, 0x65, 0x5f, 0x68, 0x61, 0x73, 0x5f, 0x63, 0x68, 0x69, 0x6c, 0x64, 0x5f, 0x70,
    0x61, 0x72, 0x74, 0x69, 0x74, 0x69, 0x6f, 0x6e, 0x73, 0x20, 0x22, 0x24, 0x64, 0x65, 0x76, 0x69,
    0x63, 0x65, 0x22, 0x20, 0x7c, 0x7c, 0x20, 0x64, 0x65, 0x76, 0x69, 0x63, 0x65, 0x5f, 0x68, 0x61,
    0x73, 0x5f, 0x70, 0x61, 0x72, 0x74, 0x69, 0x74, 0x69, 0x6f, 0x6e, 0x5f, 0x74, 0x61, 0x62, 0x6c,
    0x65, 0x20, 0x22, 0x24, 0x64, 0x65, 0x76, 0x69, 0x63, 0x65, 0x22, 0x3b, 0x20, 0x74, 0x68, 0x65,
    0x6e, 0x0a, 0x20, 0x20, 0x20, 0x20, 0x77, 0x61, 0x72, 0x6e, 0x20, 0x22, 0x24, 0x64, 0x65, 0x76,
    0x69, 0x63, 0x65, 0x20, 0xe5, 0xb7, 0xb2, 0xe5, 0xad, 0x98, 0xe5, 0x9c, 0xa8, 0xe5, 0x88, 0x86,
    0xe5, 0x8c, 0xba, 0x2f, 0xe5, 0xad, 0x90, 0xe8, 0xae, 0xbe, 0xe5, 0xa4, 0x87, 0xe6, 0x88, 0x96,
    0xe5, 0x88, 0x86, 0xe5, 0x8c, 0xba, 0xe8, 0xa1, 0xa8, 0xef, 0xbc, 0x9b, 0xe5, 0x85, 0x81, 0xe8,
    0xae, 0xb8, 0xe8, 0x87, 0xaa, 0xe5, 0x8a, 0xa8, 0xe6, 0xb8, 0x85, 0xe7, 0x90, 0x86, 0xe5, 0x90,
    0x8e, 0xe6, 0x95, 0xb4, 0xe7, 0x9b, 0x98, 0xe6, 0xa0, 0xbc, 0xe5, 0xbc, 0x8f, 0xe5, 0x8c, 0x96,
    0xef, 0xbc, 0x8c, 0xe4, 0xbd, 0x86, 0xe5, 0xbf, 0x85, 0xe9, 0xa1, 0xbb, 0xe9, 0x80, 0x9a, 0xe8,
    0xbf, 0x87, 0xe4, 0xb8, 0x89, 0xe6, 0xac, 0xa1, 0xe7, 0xa1, 0xae, 0xe8, 0xae, 0xa4, 0xe3, 0x80,
    0x82, 0x22, 0x0a, 0x20, 0x20, 0x20, 0x20, 0x6c, 0x73, 0x62, 0x6c, 0x6b, 0x20, 0x2d, 0x6f, 0x20,
    0x4e, 0x41, 0x4d, 0x45, 0x2c, 0x53, 0x49, 0x5a, 0x45, 0x2c, 0x46, 0x53, 0x54, 0x59, 0x50, 0x45,
    0x2c, 0x54, 0x59, 0x50, 0x45, 0x2c, 0x50, 0x54, 0x54, 0x59, 0x50, 0x45, 0x2c, 0x4d, 0x4f, 0x55,
    0x4e, 0x54, 0x50, 0x4f, 0x49, 0x4e, 0x54, 0x53, 0x20, 0x22, 0x24, 0x64, 0x65, 0x76, 0x69, 0x63,
    0x65, 0x22, 0x0a, 0x20, 0x20, 0x66, 0x69, 0x0a, 0x0a, 0x20, 0x20, 0x72, 0x65, 0x74, 0x75, 0x72,
    0x6e, 0x20, 0x30, 0x0a, 0x7d, 0x0a, 0x0a, 0x63, 0x6f, 0x6e, 0x66, 0x69, 0x72, 0x6d, 0x5f, 0x64,
    0x65, 0x73, 0x74, 0x72, 0x75, 0x63, 0x74, 0x69, 0x76, 0x65, 0x5f, 0x66, 0x6f, 0x72, 0x6d, 0x61,
    0x74, 0x5f, 0x74, 0x68, 0x72, 0x65, 0x65, 0x5f, 0x74, 0x69, 0x6d, 0x65, 0x73, 0x28, 0x29, 0x20,
    0x7b, 0x0a, 0x20, 0x20, 0x6c, 0x6f, 0x63, 0x61, 0x6c, 0x20, 0x64, 0x65, 0x76, 0x69, 0x63, 0x65,
    0x3d, 0x22, 0x24, 0x31, 0x22, 0x0a, 0x20, 0x20, 0x6c, 0x6f, 0x63, 0x61, 0x6c, 0x20, 0x61, 0x6e,
    0x73, 0x77, 0x65, 0x72, 0x20, 0x70, 0x68, 0x72, 0x61, 0x73, 0x65, 0x0a, 0x20, 0x20, 0x6c, 0x6f,
    0x63, 0x61, 0x6c, 0x20, 0x64, 0x65, 0x76, 0x69, 0x63, 0x65, 0x5f, 0x69, 0x6e, 0x66, 0x6f, 0x0a,
    0x0a, 0x20, 0x20, 0x69, 0x66, 0x20, 0x5b, 0x5b, 0x20, 0x2d, 0x62, 0x20, 0x22, 0x24, 0x64, 0x65,
    0x76, 0x69, 0x63, 0x65, 0x22, 0x20, 0x5d, 0x5d, 0x3b, 0x20, 0x74, 0x68, 0x65, 0x6e, 0x0a, 0x20,
    0x20, 0x20, 0x20, 0x64, 0x65, 0x76, 0x69, 0x63, 0x65, 0x5f, 0x69, 0x6e, 0x66, 0x6f, 0x3d, 0x22,
    0x24, 0x28, 0x6c, 0x73, 0x62, 0x6c, 0x6b, 0x20, 0x2d, 0x64, 0x6e, 0x20, 0x2d, 0x6f, 0x20, 0x4e,
    0x41, 0x4d, 0x45, 0x2c, 0x53, 0x49, 0x5a, 0x45, 0x2c, 0x4d, 0x4f, 0x44, 0x45, 0x4c, 0x2c, 0x53,
    0x45, 0x52, 0x49, 0x41, 0x4c, 0x2c, 0x54, 0x59, 0x50, 0x45, 0x20, 0x22, 0x24, 0x64, 0x65, 0x76,
    0x69, 0x63, 0x65, 0x22, 0x20, 0x32, 0x3e, 0x2f, 0x64, 0x65, 0x76, 0x2f, 0x6e, 0x75, 0x6c, 0x6c,
    0x20, 0x7c, 0x7c, 0x20, 0x74, 0x72, 0x75, 0x65, 0x29, 0x22, 0x0a, 0x20, 0x20, 0x65, 0x6c, 0x73,
    0x65, 0x0a, 0x20, 0x20, 0x20, 0x20, 0x64, 0x65, 0x76, 0x69, 0x63, 0x65, 0x5f, 0x69, 0x6e, 0x66,
    0x6f, 0x3d, 0x22, 0x24, 0x64, 0x65, 0x76, 0x69, 0x63, 0x65, 0x20, 0x28, 0x64, 0x72, 0x79, 0x2d,
    0x72, 0x75, 0x6e, 0x29, 0x22, 0x0a, 0x20, 0x20, 0x66, 0x69, 0x0a, 0x0a, 0x20, 0x20, 0x70, 0x72,
    0x69, 0x6e, 0x74, 0x66, 0x20, 0x27, 0x5c, 0x6e, 0x3d, 0x3d, 0x3d, 0x3d, 0x3d, 0x3d, 0x3d, 0x3d,
    0x3d, 0x3d, 0x3d, 0x3d, 0x3d, 0x3d, 0x3d, 0x3d, 0x3d, 0x3d, 0x3d, 0x3d, 0x3d, 0x3d, 0x3d, 0x3d,
    0x3d, 0x3d, 0x3d, 0x3d, 0x3d, 0x3d, 0x3d, 0x3d, 0x3d, 0x3d, 0x3d, 0x3d, 0x3d, 0x3d, 0x3d, 0x3d,
    0x3d, 0x3d, 0x3d, 0x3d, 0x3d, 0x3d, 0x3d, 0x3d, 0x3d, 0x3d, 0x3d, 0x3d, 0x3d, 0x3d, 0x3d, 0x3d,
    0x3d, 0x3d, 0x3d, 0x3d, 0x5c, 0x6e, 0x27, 0x0a, 0x20, 0x20, 0x70, 0x72, 0x69, 0x6e, 0x74, 0x66,
    0x20, 0x27, 0x20, 0xe9, 0xab, 0x98, 0xe9, 0xa3, 0x8e, 0xe9, 0x99, 0xa9, 0xe6, 0x93, 0x8d, 0xe4,
    0xbd, 0x9c, 0xef, 0xbc, 0x9a, 0xe5, 0x8d, 0xb3, 0xe5, 0xb0, 0x86, 0xe6, 0xb8, 0x85, 0xe7, 0xa9,
    0xba, 0xe5, 0xb9, 0xb6, 0xe6, 0xa0, 0xbc, 0xe5, 0xbc, 0x8f, 0xe5, 0x8c, 0x96, 0xe8, 0xae, 0xbe,
    0xe5, 0xa4, 0x87, 0x5c, 0x6e, 0x27, 0x0a, 0x20, 0x20, 0x70, 0x72, 0x69, 0x6e, 0x74, 0x66, 0x20,
    0x27, 0x3d, 0x3d, 0x3d, 0x3d, 0x3d, 0x3d, 0x3d, 0x3d, 0x3d, 0x3d, 0x3d, 0x3d, 0x3d, 0x3d, 0x3d,
    0x3d, 0x3d, 0x3d, 0x3d, 0x3d, 0x3d, 0x3d, 0x3d, 0x3d, 0x3d, 0x3d, 0x3d, 0x3d, 0x3d, 0x3d, 0x3d,
    0x3d, 0x3d, 0x3d, 0x3d, 0x3d, 0x3d, 0x3d, 0x3d, 0x3d, 0x3d, 0x3d, 0x3d, 0x3d, 0x3d, 0x3d, 0x3d,
    0x3d, 0x3d, 0x3d, 0x3d, 0x3d, 0x3d, 0x3d, 0x3d, 0x3d, 0x3d, 0x3d, 0x3d, 0x3d, 0x5c, 0x6e, 0x27,
    0x0a, 0x20, 0x20, 0x70, 0x72, 0x69, 0x6e, 0x74, 0x66, 0x20, 0x27, 0xe7, 0x9b, 0xae, 0xe6, 0xa0,
    0x87, 0xe8, 0xae, 0xbe, 0xe5, 0xa4, 0x87, 0x3a, 0x20, 0x25, 0x73, 0x5c, 0x6e, 0x27, 0x20, 0x22,
    0x24, 0x64, 0x65, 0x76, 0x69, 0x63, 0x65, 0x22, 0x0a, 0x20, 0x20, 0x70, 0x72, 0x69, 0x6e, 0x74,
    0x66, 0x20, 0x27, 0xe8, 0xae, 0xbe, 0xe5, 0xa4, 0x87, 0xe4, 0xbf, 0xa1, 0xe6, 0x81, 0xaf, 0x3a,
    0x20, 0x25, 0x73, 0x5c, 0x6e, 0x27, 0x20, 0x22, 0x24, 0x64, 0x65, 0x76, 0x69, 0x63, 0x65, 0x5f,
    0x69, 0x6e, 0x66, 0x6f, 0x22, 0x0a, 0x20, 0x20, 0x70, 0x72, 0x69, 0x6e, 0x74, 0x66, 0x20, 0x27,
    0xe7, 0x9b, 0xae, 0xe6, 0xa0, 0x87, 0xe6, 0xa0, 0xbc, 0xe5, 0xbc, 0x8f, 0x3a, 0x20, 0x58, 0x46,
    0x53, 0x5c, 0x6e, 0x27, 0x0a, 0x20, 0x20, 0x70, 0x72, 0x69, 0x6e, 0x74, 0x66, 0x20, 0x27, 0xe7,
    0xbb, 0x93, 0xe6, 0x9e, 0x9c, 0x3a, 0x20, 0xe8, 0xaf, 0xa5, 0xe8, 0xae, 0xbe, 0xe5, 0xa4, 0x87,
    0xe7, 0x8e, 0xb0, 0xe6, 0x9c, 0x89, 0xe6, 0x96, 0x87, 0xe4, 0xbb, 0xb6, 0xe7, 0xb3, 0xbb, 0xe7,
    0xbb, 0x9f, 0xe3, 0x80, 0x81, 0xe5, 0x88, 0x86, 0xe5, 0x8c, 0xba, 0xe8, 0xa1, 0xa8, 0xe5, 0x92,
    0x8c, 0xe6, 0x95, 0xb0, 0xe6, 0x8d, 0xae, 0xe5, 0xb0, 0x86, 0xe4, 0xb8, 0x8d, 0xe5, 0x8f, 0xaf,
    0xe6, 0x81, 0xa2, 0xe5, 0xa4, 0x8d, 0xe3, 0x80, 0x82, 0x5c, 0x6e, 0x27, 0x0a, 0x20, 0x20, 0x69,
    0x66, 0x20, 0x5b, 0x5b, 0x20, 0x2d, 0x62, 0x20, 0x22, 0x24, 0x64, 0x65, 0x76, 0x69, 0x63, 0x65,
    0x22, 0x20, 0x5d, 0x5d, 0x20, 0x26, 0x26, 0x20, 0x7b, 0x20, 0x64, 0x65, 0x76, 0x69, 0x63, 0x65,
    0x5f, 0x68, 0x61, 0x73, 0x5f, 0x63, 0x68, 0x69, 0x6c, 0x64, 0x5f, 0x70, 0x61, 0x72, 0x74, 0x69,
    0x74, 0x69, 0x6f, 0x6e, 0x73, 0x20, 0x22, 0x24, 0x64, 0x65, 0x76, 0x69, 0x63, 0x65, 0x22, 0x20,
    0x7c, 0x7c, 0x20, 0x64, 0x65, 0x76, 0x69, 0x63, 0x65, 0x5f, 0x68, 0x61, 0x73, 0x5f, 0x70, 0x61,
    0x72, 0x74, 0x69, 0x74, 0x69, 0x6f, 0x6e, 0x5f, 0x74, 0x61, 0x62, 0x6c, 0x65, 0x20, 0x22, 0x24,
    0x64, 0x65, 0x76, 0x69, 0x63, 0x65, 0x22, 0x3b, 0x20, 0x7d, 0x3b, 0x20, 0x74, 0x68, 0x65, 0x6e,
    0x0a, 0x20, 0x20, 0x20, 0x20, 0x70, 0x72, 0x69, 0x6e, 0x74, 0x66, 0x20, 0x27, 0x5c, 0x6e, 0xe5,
    0xbd, 0x93, 0xe5, 0x89, 0x8d, 0xe5, 0x88, 0x86, 0xe5, 0x8c, 0xba, 0x2f, 0xe5, 0x88, 0x86, 0xe5,
    0x8c, 0xba, 0xe8, 0xa1, 0xa8, 0xef, 0xbc, 0x9a, 0x5c, 0x6e, 0x27, 0x0a, 0x20, 0x20, 0x20, 0x20,
    0x6c, 0x73, 0x62, 0x6c, 0x6b, 0x20, 0x2d, 0x6f, 0x20, 0x4e, 0x41, 0x4d, 0x45, 0x2c, 0x53, 0x49,
    0x5a, 0x45, 0x2c, 0x46, 0x53, 0x54, 0x59, 0x50, 0x45, 0x2c, 0x54, 0x59, 0x50, 0x45, 0x2c, 0x50,
    0x54, 0x54, 0x59, 0x50, 0x45, 0x2c, 0x4d, 0x4f, 0x55, 0x4e, 0x54, 0x50, 0x4f, 0x49, 0x4e, 0x54,
    0x53, 0x20, 0x22, 0x24, 0x64, 0x65, 0x76, 0x69, 0x63, 0x65, 0x22, 0x0a, 0x20, 0x20, 0x20, 0x20,
    0x70, 0x72, 0x69, 0x6e, 0x74, 0x66, 0x20, 0x27, 0x5c, 0x6e, 0xe8, 0x84, 0x9a, 0xe6, 0x9c, 0xac,
    0xe5, 0xb0, 0x86, 0xe8, 0x87, 0xaa, 0xe5, 0x8a, 0xa8, 0xe6, 0xb8, 0x85, 0xe7, 0x90, 0x86, 0xe7,
    0x8e, 0xb0, 0xe6, 0x9c, 0x89, 0xe5, 0x88, 0x86, 0xe5, 0x8c, 0xba, 0xe7, 0x9a, 0x84, 0xe6, 0x96,
    0x87, 0xe4, 0xbb, 0xb6, 0xe7, 0xb3, 0xbb, 0xe7, 0xbb, 0x9f, 0xe7, 0xad, 0xbe, 0xe5, 0x90, 0x8d,
    0xe5, 0x92, 0x8c, 0xe6, 0x95, 0xb4, 0xe7, 0x9b, 0x98, 0xe5, 0x88, 0x86, 0xe5, 0x8c, 0xba, 0xe8,
    0xa1, 0xa8, 0xe3, 0x80, 0x82, 0x5c, 0x6e, 0x27, 0x0a, 0x20, 0x20, 0x66, 0x69, 0x0a, 0x20, 0x20,
    0x70, 0x72, 0x69, 0x6e, 0x74, 0x66, 0x20, 0x27, 0x3d, 0x3d, 0x3d, 0x3d, 0x3d, 0x3d, 0x3d, 0x3d,
    0x3d, 0x3d, 0x3d, 0x3d, 0x3d, 0x3d, 0x3d, 0x3d, 0x3d, 0x3d, 0x3d, 0x3d, 0x3d, 0x3d, 0x3d, 0x3d,
    0x3d, 0x3d, 0x3d, 0x3d, 0x3d, 0x3d, 0x3d, 0x3d, 0x3d, 0x3d, 0x3d, 0x3d, 0x3d, 0x3d, 0x3d, 0x3d,
    0x3d, 0x3d, 0x3d, 0x3d, 0x3d, 0x3d, 0x3d, 0x3d, 0x3d, 0x3d, 0x3d, 0x3d, 0x3d, 0x3d, 0x3d, 0x3d,
    0x3d, 0x3d, 0x3d, 0x3d, 0x5c, 0x6e, 0x27, 0x0a, 0x0a, 0x20, 0x20, 0x69, 0x66, 0x20, 0x21, 0x20,
    0x63, 0x6f, 0x6e, 0x66, 0x69, 0x72, 0x6d, 0x20, 0x22, 0xe3, 0x80, 0x90, 0xe7, 0xa1, 0xae, 0xe8,
    0xae, 0xa4, 0x20, 0x31, 0x2f, 0x33, 0xe3, 0x80, 0x91, 0xe6, 0x88, 0x91, 0xe7, 0xa1, 0xae, 0xe8,
    0xae, 0xa4, 0xe7, 0x9b, 0xae, 0xe6, 0xa0, 0x87, 0xe8, 0xae, 0xbe, 0xe5, 0xa4, 0x87, 0xe6, 0x97,
    0xa0, 0xe9, 0x9c, 0x80, 0xe8, 0xa6, 0x81, 0xe4, 0xbf, 0x9d, 0xe7, 0x95, 0x99, 0xe7, 0x9a, 0x84,
    0xe6, 0x95, 0xb0, 0xe6, 0x8d, 0xae, 0xef, 0xbc, 0x8c, 0xe5, 0xb9, 0xb6, 0xe7, 0xbb, 0xa7, 0xe7,
    0xbb, 0xad, 0xe6, 0xb8, 0x85, 0xe7, 0xa9, 0xba, 0x20, 0x24, 0x64, 0x65, 0x76, 0x69, 0x63, 0x65,
    0xef, 0xbc, 0x9f, 0x22, 0x3b, 0x20, 0x74, 0x68, 0x65, 0x6e, 0x0a, 0x20, 0x20, 0x20, 0x20, 0x77,
    0x61, 0x72, 0x6e, 0x20, 0x22, 0xe7, 0xac, 0xac, 0x20, 0x31, 0x20, 0xe6, 0xac, 0xa1, 0xe7, 0xa1,
    0xae, 0xe8, 0xae, 0xa4, 0xe6, 0x9c, 0xaa, 0xe9, 0x80, 0x9a, 0xe8, 0xbf, 0x87, 0xef, 0xbc, 0x8c,
    0xe5, 0xb7, 0xb2, 0xe5, 0x8f, 0x96, 0xe6, 0xb6, 0x88, 0xe6, 0xa0, 0xbc, 0xe5, 0xbc, 0x8f, 0xe5,
    0x8c, 0x96, 0xe3, 0x80, 0x82, 0x22, 0x0a, 0x20, 0x20, 0x20, 0x20, 0x72, 0x65, 0x74, 0x75, 0x72,
    0x6e, 0x20, 0x31, 0x0a, 0x20, 0x20, 0x66, 0x69, 0x0a, 0x0a, 0x20, 0x20, 0x72, 0x65, 0x61, 0x64,
    0x20, 0x2d, 0x72, 0x20, 0x2d, 0x70, 0x20, 0x22, 0xe3, 0x80, 0x90, 0xe7, 0xa1, 0xae, 0xe8, 0xae,
    0xa4, 0x20, 0x32, 0x2f, 0x33, 0xe3, 0x80, 0x91, 0xe8, 0xaf, 0xb7, 0xe8, 0xbe, 0x93, 0xe5, 0x85,
    0xa5, 0xe5, 0xae, 0x8c, 0xe6, 0x95, 0xb4, 0xe8, 0xae, 0xbe, 0xe5, 0xa4, 0x87, 0xe5, 0x90, 0x8d,
    0x20, 0x27, 0x24, 0x64, 0x65, 0x76, 0x69, 0x63, 0x65, 0x27, 0x3a, 0x20, 0x22, 0x20, 0x61, 0x6e,
    0x73, 0x77, 0x65, 0x72, 0x0a, 0x20, 0x20, 0x69, 0x66, 0x20, 0x5b, 0x5b, 0x20, 0x22, 0x24, 0x61,
    0x6e, 0x73, 0x77, 0x65, 0x72, 0x22, 0x20, 0x21, 0x3d, 0x20, 0x22, 0x24, 0x64, 0x65, 0x76, 0x69,
    0x63, 0x65, 0x22, 0x20, 0x5d, 0x5d, 0x3b, 0x20, 0x74, 0x68, 0x65, 0x6e, 0x0a, 0x20, 0x20, 0x20,
    0x20, 0x77, 0x61, 0x72, 0x6e, 0x20, 0x22, 0xe7, 0xac, 0xac, 0x20, 0x32, 0x20, 0xe6, 0xac, 0xa1,
    0xe7, 0xa1, 0xae, 0xe8, 0xae, 0xa4, 0xe4, 0xb8, 0x8d, 0xe5, 0x8c, 0xb9, 0xe9, 0x85, 0x8d, 0xef,
    0xbc, 0x8c, 0xe5, 0xb7, 0xb2, 0xe5, 0x8f, 0x96, 0xe6, 0xb6, 0x88, 0xe6, 0xa0, 0xbc, 0xe5, 0xbc,
    0x8f, 0xe5, 0x8c, 0x96, 0xe3, 0x80, 0x82, 0x22, 0x0a, 0x20, 0x20, 0x20, 0x20, 0x72, 0x65, 0x74,
    0x75, 0x72, 0x6e, 0x20, 0x31, 0x0a, 0x20, 0x20, 0x66, 0x69, 0x0a, 0x0a, 0x20, 0x20, 0x70, 0x68,
    0x72, 0x61, 0x73, 0x65, 0x3d, 0x22, 0x45, 0x52, 0x41, 0x53, 0x45, 0x20, 0x24, 0x64, 0x65, 0x76,
    0x69, 0x63, 0x65, 0x22, 0x0a, 0x20, 0x20, 0x72, 0x65, 0x61, 0x64, 0x20, 0x2d, 0x72, 0x20, 0x2d,
    0x70, 0x20, 0x22, 0xe3, 0x80, 0x90, 0xe7, 0xa1, 0xae, 0xe8, 0xae, 0xa4, 0x20, 0x33, 0x2f, 0x33,
    0xe3, 0x80, 0x91, 0xe8, 0xaf, 0xb7, 0xe8, 0xbe, 0x93, 0xe5, 0x85, 0xa5, 0x20, 0x27, 0x24, 0x70,
    0x68, 0x72, 0x61, 0x73, 0x65, 0x27, 0x20, 0xe6, 0x89, 0x8d, 0xe4, 0xbc, 0x9a, 0xe7, 0x9c, 0x9f,
    0xe6, 0xad, 0xa3, 0xe6, 0x89, 0xa7, 0xe8, 0xa1, 0x8c, 0x3a, 0x20, 0x22, 0x20, 0x61, 0x6e, 0x73,
    0x77, 0x65, 0x72, 0x0a, 0x20, 0x20, 0x69, 0x66, 0x20, 0x5b, 0x5b, 0x20, 0x22, 0x24, 0x61, 0x6e,
    0x73, 0x77, 0x65, 0x72, 0x22, 0x20, 0x21, 0x3d, 0x20, 0x22, 0x24, 0x70, 0x68, 0x72, 0x61, 0x73,
    0x65, 0x22, 0x20, 0x5d, 0x5d, 0x3b, 0x20, 0x74, 0x68, 0x65, 0x6e, 0x0a, 0x20, 0x20, 0x20, 0x20,
    0x77, 0x61, 0x72, 0x6e, 0x20, 0x22, 0xe7, 0xac, 0xac, 0x20, 0x33, 0x20, 0xe6, 0xac, 0xa1, 0xe7,
    0xa1, 0xae, 0xe8, 0xae, 0xa4, 0xe4, 0xb8, 0x8d, 0xe5, 0x8c, 0xb9, 0xe9, 0x85, 0x8d, 0xef, 0xbc,
    0x8c, 0xe5, 0xb7, 0xb2, 0xe5, 0x8f, 0x96, 0xe6, 0xb6, 0x88, 0xe6, 0xa0, 0xbc, 0xe5, 0xbc, 0x8f,
    0xe5, 0x8c, 0x96, 0xe3, 0x80, 0x82, 0x22, 0x0a, 0x20, 0x20, 0x20, 0x20, 0x72, 0x65, 0x74, 0x75,
    0x72, 0x6e, 0x20, 0x31, 0x0a, 0x20, 0x20, 0x66, 0x69, 0x0a, 0x0a, 0x20, 0x20, 0x72, 0x65, 0x74,
    0x75, 0x72, 0x6e, 0x20, 0x30, 0x0a, 0x7d, 0x0a, 0x0a, 0x77, 0x69, 0x70, 0x65, 0x5f, 0x64, 0x65,
    0x76, 0x69, 0x63, 0x65, 0x5f, 0x6c, 0x61, 0x79, 0x6f, 0x75, 0x74, 0x5f, 0x69, 0x66, 0x5f, 0x6e,
    0x65, 0x65, 0x64, 0x65, 0x64, 0x28, 0x29, 0x20, 0x7b, 0x0a, 0x20, 0x20, 0x6c, 0x6f, 0x63, 0x61,
    0x6c, 0x20, 0x64, 0x65, 0x76, 0x69, 0x63, 0x65, 0x3d, 0x22, 0x24, 0x31, 0x22, 0x0a, 0x20, 0x20,
    0x6c, 0x6f, 0x63, 0x61, 0x6c, 0x20, 0x63, 0x68, 0x69, 0x6c, 0x64, 0x0a, 0x0a, 0x20, 0x20, 0x69,
    0x66, 0x20, 0x5b, 0x5b, 0x20, 0x21, 0x20, 0x2d, 0x62, 0x20, 0x22, 0x24, 0x64, 0x65, 0x76, 0x69,
    0x63, 0x65, 0x22, 0x20, 0x5d, 0x5d, 0x20, 0x26, 0x26, 0x20, 0x28, 0x28, 0x20, 0x44, 0x52, 0x59,
    0x5f, 0x52, 0x55, 0x4e, 0x20, 0x29, 0x29, 0x3b, 0x20, 0x74, 0x68, 0x65, 0x6e, 0x0a, 0x20, 0x20,
    0x20, 0x20, 0x70, 0x72, 0x69, 0x6e, 0x74, 0x66, 0x20, 0x27, 0x5b, 0x64, 0x72, 0x79, 0x2d, 0x72,
    0x75, 0x6e, 0x5d, 0x20, 0x77, 0x69, 0x70, 0x65, 0x20, 0x66, 0x69, 0x6c, 0x65, 0x73, 0x79, 0x73,
    0x74, 0x65, 0x6d, 0x2f, 0x70, 0x61, 0x72, 0x74, 0x69, 0x74, 0x69, 0x6f, 0x6e, 0x20, 0x73, 0x69,
    0x67, 0x6e, 0x61, 0x74, 0x75, 0x72, 0x65, 0x73, 0x20, 0x6f, 0x6e, 0x20, 0x25, 0x71, 0x20, 0x69,
    0x66, 0x20, 0x70, 0x72, 0x65, 0x73, 0x65, 0x6e, 0x74, 0x5c, 0x6e, 0x27, 0x20, 0x22, 0x24, 0x64,
    0x65, 0x76, 0x69, 0x63, 0x65, 0x22, 0x0a, 0x20, 0x20, 0x20, 0x20, 0x72, 0x65, 0x74, 0x75, 0x72,
    0x6e, 0x20, 0x30, 0x0a, 0x20, 0x20, 0x66, 0x69, 0x0a, 0x0a, 0x20, 0x20, 0x69, 0x66, 0x20, 0x64,
    0x65, 0x76, 0x69, 0x63, 0x65, 0x5f, 0x68, 0x61, 0x73, 0x5f, 0x63, 0x68, 0x69, 0x6c, 0x64, 0x5f,
    0x70, 0x61, 0x72, 0x74, 0x69, 0x74, 0x69, 0x6f, 0x6e, 0x73, 0x20, 0x22, 0x24, 0x64, 0x65, 0x76,
    0x69, 0x63, 0x65, 0x22, 0x20, 0x7c, 0x7c, 0x20, 0x64, 0x65, 0x76, 0x69, 0x63, 0x65, 0x5f, 0x68,
    0x61, 0x73, 0x5f, 0x70, 0x61, 0x72, 0x74, 0x69, 0x74, 0x69, 0x6f, 0x6e, 0x5f, 0x74, 0x61, 0x62,
    0x6c, 0x65, 0x20, 0x22, 0x24, 0x64, 0x65, 0x76, 0x69, 0x63, 0x65, 0x22, 0x3b, 0x20, 0x74, 0x68,
    0x65, 0x6e, 0x0a, 0x20, 0x20, 0x20, 0x20, 0x69, 0x6e, 0x66, 0x6f, 0x20, 0x22, 0xe6, 0xa3, 0x80,
    0xe6, 0xb5, 0x8b, 0xe5, 0x88, 0xb0, 0xe7, 0x8e, 0xb0, 0xe6, 0x9c, 0x89, 0xe5, 0x88, 0x86, 0xe5,
    0x8c, 0xba, 0xe6, 0x88, 0x96, 0xe5, 0x88, 0x86, 0xe5, 0x8c, 0xba, 0xe8, 0xa1, 0xa8, 0xef, 0xbc,
    0x8c, 0xe5, 0xbc, 0x80, 0xe5, 0xa7, 0x8b, 0xe8, 0x87, 0xaa, 0xe5, 0x8a, 0xa8, 0xe6, 0xb8, 0x85,
    0xe7, 0x90, 0x86, 0xe6, 0x96, 0x87, 0xe4, 0xbb, 0xb6, 0xe7, 0xb3, 0xbb, 0xe7, 0xbb, 0x9f, 0xe7,
    0xad, 0xbe, 0xe5, 0x90, 0x8d, 0xe5, 0x92, 0x8c, 0xe5, 0x88, 0x86, 0xe5, 0x8c, 0xba, 0xe8, 0xa1,
    0xa8, 0x2e, 0x2e, 0x2e, 0x22, 0x0a, 0x0a, 0x20, 0x20, 0x20, 0x20, 0x77, 0x68, 0x69, 0x6c, 0x65,
    0x20, 0x72, 0x65, 0x61, 0x64, 0x20, 0x2d, 0x72, 0x20, 0x63, 0x68, 0x69, 0x6c, 0x64, 0x3b, 0x20,
    0x64, 0x6f, 0x0a, 0x20, 0x20, 0x20, 0x20, 0x20, 0x20, 0x5b, 0x5b, 0x20, 0x2d, 0x6e, 0x20, 0x22,
    0x24, 0x63, 0x68, 0x69, 0x6c, 0x64, 0x22, 0x20, 0x5d, 0x5d, 0x20, 0x7c, 0x7c, 0x20, 0x63, 0x6f,
    0x6e, 0x74, 0x69, 0x6e, 0x75, 0x65, 0x0a, 0x20, 0x20, 0x20, 0x20, 0x20, 0x20, 0x61, 0x73, 0x5f,
    0x72, 0x6f, 0x6f, 0x74, 0x20, 0x77, 0x69, 0x70, 0x65, 0x66, 0x73, 0x20, 0x2d, 0x61, 0x20, 0x22,
    0x24, 0x63, 0x68, 0x69, 0x6c, 0x64, 0x22, 0x0a, 0x20, 0x20, 0x20, 0x20, 0x64, 0x6f, 0x6e, 0x65,
    0x20, 0x3c, 0x20, 0x3c, 0x28, 0x6c, 0x73, 0x62, 0x6c, 0x6b, 0x20, 0x2d, 0x6e, 0x72, 0x70, 0x6f,
    0x20, 0x4e, 0x41, 0x4d, 0x45, 0x2c, 0x54, 0x59, 0x50, 0x45, 0x20, 0x22, 0x24, 0x64, 0x65, 0x76,
    0x69, 0x63, 0x65, 0x22, 0x20, 0x32, 0x3e, 0x2f, 0x64, 0x65, 0x76, 0x2f, 0x6e, 0x75, 0x6c, 0x6c,
    0x20, 0x7c, 0x20, 0x61, 0x77, 0x6b, 0x20, 0x27, 0x24, 0x32, 0x3d, 0x3d, 0x22, 0x70, 0x61, 0x72,
    0x74, 0x22, 0x20, 0x7b, 0x70, 0x72, 0x69, 0x6e, 0x74, 0x20, 0x24, 0x31, 0x7d, 0x27, 0x29, 0x0a,
    0x0a, 0x20, 0x20, 0x20, 0x20, 0x69, 0x66, 0x20, 0x63, 0x6f, 0x6d, 0x6d, 0x61, 0x6e, 0x64, 0x20,
    0x2d, 0x76, 0x20, 0x70, 0x61, 0x72, 0x74, 0x78, 0x20, 0x3e, 0x2f, 0x64, 0x65, 0x76, 0x2f, 0x6e,
    0x75, 0x6c, 0x6c, 0x20, 0x32, 0x3e, 0x26, 0x31, 0x3b, 0x20, 0x74, 0x68, 0x65, 0x6e, 0x0a, 0x20,
    0x20, 0x20, 0x20, 0x20, 0x20, 0x61, 0x73, 0x5f, 0x72, 0x6f, 0x6f, 0x74, 0x20, 0x70, 0x61, 0x72,
    0x74, 0x78, 0x20, 0x2d, 0x64, 0x20, 0x22, 0x24, 0x64, 0x65, 0x76, 0x69, 0x63, 0x65, 0x22, 0x20,
    0x7c, 0x7c, 0x20, 0x77, 0x61, 0x72, 0x6e, 0x20, 0x22, 0x70, 0x61, 0x72, 0x74, 0x78, 0x20, 0xe6,
    0x9c, 0xaa, 0xe8, 0x83, 0xbd, 0xe7, 0xab, 0x8b, 0xe5, 0x8d, 0xb3, 0xe7, 0xa7, 0xbb, 0xe9, 0x99,
    0xa4, 0xe5, 0x85, 0xa8, 0xe9, 0x83, 0xa8, 0xe5, 0x86, 0x85, 0xe6, 0xa0, 0xb8, 0xe5, 0x88, 0x86,
    0xe5, 0x8c, 0xba, 0xe6, 0x98, 0xa0, 0xe5, 0xb0, 0x84, 0xef, 0xbc, 0x8c, 0xe7, 0xbb, 0xa7, 0xe7,
    0xbb, 0xad, 0xe5, 0xb0, 0x9d, 0xe8, 0xaf, 0x95, 0xe9, 0x87, 0x8d, 0xe8, 0xaf, 0xbb, 0xe5, 0x88,
    0x86, 0xe5, 0x8c, 0xba, 0xe8, 0xa1, 0xa8, 0xe3, 0x80, 0x82, 0x22, 0x0a, 0x20, 0x20, 0x20, 0x20,
    0x66, 0x69, 0x0a, 0x0a, 0x20, 0x20, 0x20, 0x20, 0x61, 0x73, 0x5f, 0x72, 0x6f, 0x6f, 0x74, 0x20,
    0x77, 0x69, 0x70, 0x65, 0x66, 0x73, 0x20, 0x2d, 0x61, 0x20, 0x22, 0x24, 0x64, 0x65, 0x76, 0x69,
    0x63, 0x65, 0x22, 0x0a, 0x0a, 0x20, 0x20, 0x20, 0x20, 0x69, 0x66, 0x20, 0x63, 0x6f, 0x6d, 0x6d,
    0x61, 0x6e, 0x64, 0x20, 0x2d, 0x76, 0x20, 0x62, 0x6c, 0x6f, 0x63, 0x6b, 0x64, 0x65, 0x76, 0x20,
    0x3e, 0x2f, 0x64, 0x65, 0x76, 0x2f, 0x6e, 0x75, 0x6c, 0x6c, 0x20, 0x32, 0x3e, 0x26, 0x31, 0x3b,
    0x20, 0x74, 0x68, 0x65, 0x6e, 0x0a, 0x20, 0x20, 0x20, 0x20, 0x20, 0x20, 0x61, 0x73, 0x5f, 0x72,
    0x6f, 0x6f, 0x74, 0x20, 0x62, 0x6c, 0x6f, 0x63, 0x6b, 0x64, 0x65, 0x76, 0x20, 0x2d, 0x2d, 0x72,
    0x65, 0x72, 0x65, 0x61, 0x64, 0x70, 0x74, 0x20, 0x22, 0x24, 0x64, 0x65, 0x76, 0x69, 0x63, 0x65,
    0x22, 0x20, 0x7c, 0x7c, 0x20, 0x77, 0x61, 0x72, 0x6e, 0x20, 0x22, 0x62, 0x6c, 0x6f, 0x63, 0x6b,
    0x64, 0x65, 0x76, 0x20, 0xe6, 0x97, 0xa0, 0xe6, 0xb3, 0x95, 0xe9, 0x87, 0x8d, 0xe8, 0xaf, 0xbb,
    0xe5, 0x88, 0x86, 0xe5, 0x8c, 0xba, 0xe8, 0xa1, 0xa8, 0xef, 0xbc, 0x8c, 0xe7, 0xbb, 0xa7, 0xe7,
    0xbb, 0xad, 0xe5, 0xb0, 0x9d, 0xe8, 0xaf, 0x95, 0x20, 0x70, 0x61, 0x72, 0x74, 0x70, 0x72, 0x6f,
    0x62, 0x65, 0xe3, 0x80, 0x82, 0x22, 0x0a, 0x20, 0x20, 0x20, 0x20, 0x66, 0x69, 0x0a, 0x20, 0x20,
    0x20, 0x20, 0x69, 0x66, 0x20, 0x63, 0x6f, 0x6d, 0x6d, 0x61, 0x6e, 0x64, 0x20, 0x2d, 0x76, 0x20,
    0x70, 0x61, 0x72, 0x74, 0x70, 0x72, 0x6f, 0x62, 0x65, 0x20, 0x3e, 0x2f, 0x64, 0x65, 0x76, 0x2f,
    0x6e, 0x75, 0x6c, 0x6c, 0x20, 0x32, 0x3e, 0x26, 0x31, 0x3b, 0x20, 0x74, 0x68, 0x65, 0x6e, 0x0a,
    0x20, 0x20, 0x20, 0x20, 0x20, 0x20, 0x61, 0x73, 0x5f, 0x72, 0x6f, 0x6f, 0x74, 0x20, 0x70, 0x61,
    0x72, 0x74, 0x70, 0x72, 0x6f, 0x62, 0x65, 0x20, 0x22, 0x24, 0x64, 0x65, 0x76, 0x69, 0x63, 0x65,
    0x22, 0x20, 0x7c, 0x7c, 0x20, 0x77, 0x61, 0x72, 0x6e, 0x20, 0x22, 0x70, 0x61, 0x72, 0x74, 0x70,
    0x72, 0x6f, 0x62, 0x65, 0x20, 0xe6, 0x97, 0xa0, 0xe6, 0xb3, 0x95, 0xe7, 0xab, 0x8b, 0xe5, 0x8d,
    0xb3, 0xe5, 0x88, 0xb7, 0xe6, 0x96, 0xb0, 0xe5, 0x86, 0x85, 0xe6, 0xa0, 0xb8, 0xe5, 0x88, 0x86,
    0xe5, 0x8c, 0xba, 0xe8, 0xa1, 0xa8, 0xe3, 0x80, 0x82, 0x22, 0x0a, 0x20, 0x20, 0x20, 0x20, 0x66,
    0x69, 0x0a, 0x20, 0x20, 0x20, 0x20, 0x69, 0x66, 0x20, 0x63, 0x6f, 0x6d, 0x6d, 0x61, 0x6e, 0x64,
    0x20, 0x2d, 0x76, 0x20, 0x75, 0x64, 0x65, 0x76, 0x61, 0x64, 0x6d, 0x20, 0x3e, 0x2f, 0x64, 0x65,
    0x76, 0x2f, 0x6e, 0x75, 0x6c, 0x6c, 0x20, 0x32, 0x3e, 0x26, 0x31, 0x3b, 0x20, 0x74, 0x68, 0x65,
    0x6e, 0x0a, 0x20, 0x20, 0x20, 0x20, 0x20, 0x20, 0x61, 0x73, 0x5f, 0x72, 0x6f, 0x6f, 0x74, 0x20,
    0x75, 0x64, 0x65, 0x76, 0x61, 0x64, 0x6d, 0x20, 0x73, 0x65, 0x74, 0x74, 0x6c, 0x65, 0x20, 0x7c,
    0x7c, 0x20, 0x74, 0x72, 0x75, 0x65, 0x0a, 0x20, 0x20, 0x20, 0x20, 0x66, 0x69, 0x0a, 0x0a, 0x20,
    0x20, 0x20, 0x20, 0x69, 0x66, 0x20, 0x64, 0x65, 0x76, 0x69, 0x63, 0x65, 0x5f, 0x68, 0x61, 0x73,
    0x5f, 0x70, 0x61, 0x72, 0x74, 0x69, 0x74, 0x69, 0x6f, 0x6e, 0x5f, 0x74, 0x61, 0x62, 0x6c, 0x65,
    0x20, 0x22, 0x24, 0x64, 0x65, 0x76, 0x69, 0x63, 0x65, 0x22, 0x3b, 0x20, 0x74, 0x68, 0x65, 0x6e,
    0x0a, 0x20, 0x20, 0x20, 0x20, 0x20, 0x20, 0x77, 0x61, 0x72, 0x6e, 0x20, 0x22, 0xe8, 0x87, 0xaa,
    0xe5, 0x8a, 0xa8, 0xe6, 0xb8, 0x85, 0xe7, 0x90, 0x86, 0xe5, 0x90, 0x8e, 0x20, 0x24, 0x64, 0x65,
    0x76, 0x69, 0x63, 0x65, 0x20, 0xe4, 0xbb, 0x8d, 0xe6, 0xa3, 0x80, 0xe6, 0xb5, 0x8b, 0xe5, 0x88,
    0xb0, 0xe5, 0x88, 0x86, 0xe5, 0x8c, 0xba, 0xe8, 0xa1, 0xa8, 0xef, 0xbc, 0x8c, 0xe6, 0x8b, 0x92,
    0xe7, 0xbb, 0x9d, 0xe7, 0xbb, 0xa7, 0xe7, 0xbb, 0xad, 0x20, 0x6d, 0x6b, 0x66, 0x73, 0x2e, 0x78,
    0x66, 0x73, 0xe3, 0x80, 0x82, 0x22, 0x0a, 0x20, 0x20, 0x20, 0x20, 0x20, 0x20, 0x72, 0x65, 0x74,
    0x75, 0x72, 0x6e, 0x20, 0x31, 0x0a, 0x20, 0x20, 0x20, 0x20, 0x66, 0x69, 0x0a, 0x20, 0x20, 0x20,
    0x20, 0x69, 0x66, 0x20, 0x64, 0x65, 0x76, 0x69, 0x63, 0x65, 0x5f, 0x68, 0x61, 0x73, 0x5f, 0x63,
    0x68, 0x69, 0x6c, 0x64, 0x5f, 0x70, 0x61, 0x72, 0x74, 0x69, 0x74, 0x69, 0x6f, 0x6e, 0x73, 0x20,
    0x22, 0x24, 0x64, 0x65, 0x76, 0x69, 0x63, 0x65, 0x22, 0x3b, 0x20, 0x74, 0x68, 0x65, 0x6e, 0x0a,
    0x20, 0x20, 0x20, 0x20, 0x20, 0x20, 0x77, 0x61, 0x72, 0x6e, 0x20, 0x22, 0xe8, 0x87, 0xaa, 0xe5,
    0x8a, 0xa8, 0xe6, 0xb8, 0x85, 0xe7, 0x90, 0x86, 0xe5, 0x90, 0x8e, 0xe5, 0x86, 0x85, 0xe6, 0xa0,
    0xb8, 0xe4, 0xbb, 0x8d, 0xe4, 0xbf, 0x9d, 0xe7, 0x95, 0x99, 0x20, 0x24, 0x64, 0x65, 0x76, 0x69,
    0x63, 0x65, 0x20, 0xe7, 0x9a, 0x84, 0xe5, 0xad, 0x90, 0xe5, 0x88, 0x86, 0xe5, 0x8c, 0xba, 0xe6,
    0x98, 0xa0, 0xe5, 0xb0, 0x84, 0xef, 0xbc, 0x8c, 0xe6, 0x8b, 0x92, 0xe7, 0xbb, 0x9d, 0xe7, 0xbb,
    0xa7, 0xe7, 0xbb, 0xad, 0x20, 0x6d, 0x6b, 0x66, 0x73, 0x2e, 0x78, 0x66, 0x73, 0xe3, 0x80, 0x82,
    0x22, 0x0a, 0x20, 0x20, 0x20, 0x20, 0x20, 0x20, 0x77, 0x61, 0x72, 0x6e, 0x20, 0x22, 0xe8, 0xaf,
    0xb7, 0xe9, 0x87, 0x8d, 0xe6, 0x96, 0xb0, 0xe6, 0x89, 0xab, 0xe6, 0x8f, 0x8f, 0xe7, 0xa3, 0x81,
    0xe7, 0x9b, 0x98, 0xe3, 0x80, 0x81, 0xe9, 0x87, 0x8d, 0xe6, 0x96, 0xb0, 0xe6, 0x8f, 0x92, 0xe6,
    0x8b, 0x94, 0xe8, 0xae, 0xbe, 0xe5, 0xa4, 0x87, 0xe6, 0x88, 0x96, 0xe9, 0x87, 0x8d, 0xe5, 0x90,
    0xaf, 0xe5, 0x90, 0x8e, 0xe5, 0x86, 0x8d, 0xe8, 0xbf, 0x90, 0xe8, 0xa1, 0x8c, 0xe3, 0x80, 0x82,
    0x22, 0x0a, 0x20, 0x20, 0x20, 0x20, 0x20, 0x20, 0x6c, 0x73, 0x62, 0x6c, 0x6b, 0x20, 0x2d, 0x6f,
    0x20, 0x4e, 0x41, 0x4d, 0x45, 0x2c, 0x53, 0x49, 0x5a, 0x45, 0x2c, 0x46, 0x53, 0x54, 0x59, 0x50,
    0x45, 0x2c, 0x54, 0x59, 0x50, 0x45, 0x2c, 0x50, 0x54, 0x54, 0x59, 0x50, 0x45, 0x2c, 0x4d, 0x4f,
    0x55, 0x4e, 0x54, 0x50, 0x4f, 0x49, 0x4e, 0x54, 0x53, 0x20, 0x22, 0x24, 0x64, 0x65, 0x76, 0x69,
    0x63, 0x65, 0x22, 0x0a, 0x20, 0x20, 0x20, 0x20, 0x20, 0x20, 0x72, 0x65, 0x74, 0x75, 0x72, 0x6e,
    0x20, 0x31, 0x0a, 0x20, 0x20, 0x20, 0x20, 0x66, 0x69, 0x0a, 0x0a, 0x20, 0x20, 0x20, 0x20, 0x6c,
    0x6f, 0x67, 0x20, 0x22, 0x24, 0x64, 0x65, 0x76, 0x69, 0x63, 0x65, 0x20, 0xe7, 0x9a, 0x84, 0xe6,
    0x97, 0xa7, 0xe5, 0x88, 0x86, 0xe5, 0x8c, 0xba, 0xe8, 0xa1, 0xa8, 0xe5, 0x92, 0x8c, 0xe5, 0x88,
    0x86, 0xe5, 0x8c, 0xba, 0xe6, 0x98, 0xa0, 0xe5, 0xb0, 0x84, 0xe5, 0xb7, 0xb2, 0xe6, 0xb8, 0x85,
    0xe7, 0x90, 0x86, 0xe5, 0xae, 0x8c, 0xe6, 0x88, 0x90, 0xe3, 0x80, 0x82, 0x22, 0x0a, 0x20, 0x20,
    0x65, 0x6c, 0x73, 0x65, 0x0a, 0x20, 0x20, 0x20, 0x20, 0x69, 0x6e, 0x66, 0x6f, 0x20, 0x22, 0x24,
    0x64, 0x65, 0x76, 0x69, 0x63, 0x65, 0x20, 0xe6, 0x97, 0xa0, 0xe5, 0xad, 0x90, 0xe5, 0x88, 0x86,
    0xe5, 0x8c, 0xba, 0x2f, 0xe5, 0x88, 0x86, 0xe5, 0x8c, 0xba, 0xe8, 0xa1, 0xa8, 0xef, 0xbc, 0x8c,
    0xe7, 0x9b, 0xb4, 0xe6, 0x8e, 0xa5, 0xe5, 0x88, 0x9b, 0xe5, 0xbb, 0xba, 0x20, 0x58, 0x46, 0x53,
    0x20, 0xe6, 0x96, 0x87, 0xe4, 0xbb, 0xb6, 0xe7, 0xb3, 0xbb, 0xe7, 0xbb, 0x9f, 0xe3, 0x80, 0x82,
    0x22, 0x0a, 0x20, 0x20, 0x66, 0x69, 0x0a, 0x7d, 0x0a, 0x0a, 0x73, 0x74, 0x6f, 0x72, 0x61, 0x67,
    0x65, 0x5f, 0x77, 0x69, 0x7a, 0x61, 0x72, 0x64, 0x28, 0x29, 0x20, 0x7b, 0x0a, 0x20, 0x20, 0x6c,
    0x6f, 0x63, 0x61, 0x6c, 0x20, 0x64, 0x65, 0x76, 0x69, 0x63, 0x65, 0x20, 0x6d, 0x6f, 0x75, 0x6e,
    0x74, 0x70, 0x6f, 0x69, 0x6e, 0x74, 0x20, 0x66, 0x73, 0x5f, 0x74, 0x79, 0x70, 0x65, 0x20, 0x75,
    0x75, 0x69, 0x64, 0x0a, 0x0a, 0x20, 0x20, 0x70, 0x72, 0x69, 0x6e, 0x74, 0x66, 0x20, 0x27, 0x5c,
    0x6e, 0xe5, 0xbd, 0x93, 0xe5, 0x89, 0x8d, 0xe5, 0x9d, 0x97, 0xe8, 0xae, 0xbe, 0xe5, 0xa4, 0x87,
    0xef, 0xbc, 0x9a, 0x5c, 0x6e, 0x27, 0x0a, 0x20, 0x20, 0x6c, 0x73, 0x62, 0x6c, 0x6b, 0x20, 0x2d,
    0x6f, 0x20, 0x4e, 0x41, 0x4d, 0x45, 0x2c, 0x53, 0x49, 0x5a, 0x45, 0x2c, 0x46, 0x53, 0x54, 0x59,
    0x50, 0x45, 0x2c, 0x46, 0x53, 0x56, 0x45, 0x52, 0x2c, 0x4d, 0x4f, 0x55, 0x4e, 0x54, 0x50, 0x4f,
    0x49, 0x4e, 0x54, 0x53, 0x2c, 0x55, 0x55, 0x49, 0x44, 0x0a, 0x0a, 0x20, 0x20, 0x72, 0x65, 0x61,
    0x64, 0x20, 0x2d, 0x72, 0x20, 0x2d, 0x70, 0x20, 0x22, 0xe6, 0x95, 0xb0, 0xe6, 0x8d, 0xae, 0xe7,
    0x9b, 0x98, 0xe8, 0xae, 0xbe, 0xe5, 0xa4, 0x87, 0x20, 0x5b, 0x24, 0x44, 0x41, 0x54, 0x41, 0x5f,
    0x44, 0x45, 0x56, 0x49, 0x43, 0x45, 0x5f, 0x44, 0x45, 0x46, 0x41, 0x55, 0x4c, 0x54, 0x5d, 0x3a,
    0x20, 0x22, 0x20, 0x64, 0x65, 0x76, 0x69, 0x63, 0x65, 0x0a, 0x20, 0x20, 0x64, 0x65, 0x76, 0x69,
    0x63, 0x65, 0x3d, 0x22, 0x24, 0x7b, 0x64, 0x65, 0x76, 0x69, 0x63, 0x65, 0x3a, 0x2d, 0x24, 0x44,
    0x41, 0x54, 0x41, 0x5f, 0x44, 0x45, 0x56, 0x49, 0x43, 0x45, 0x5f, 0x44, 0x45, 0x46, 0x41, 0x55,
    0x4c, 0x54, 0x7d, 0x22, 0x0a, 0x20, 0x20, 0x5b, 0x5b, 0x20, 0x2d, 0x62, 0x20, 0x22, 0x24, 0x64,
    0x65, 0x76, 0x69, 0x63, 0x65, 0x22, 0x20, 0x5d, 0x5d, 0x20, 0x7c, 0x7c, 0x20, 0x7b, 0x0a, 0x20,
    0x20, 0x20, 0x20, 0x69, 0x66, 0x20, 0x28, 0x28, 0x20, 0x44, 0x52, 0x59, 0x5f, 0x52, 0x55, 0x4e,
    0x20, 0x29, 0x29, 0x3b, 0x20, 0x74, 0x68, 0x65, 0x6e, 0x0a, 0x20, 0x20, 0x20, 0x20, 0x20, 0x20,
    0x77, 0x61, 0x72, 0x6e, 0x20, 0x22, 0x64, 0x72, 0x79, 0x2d, 0x72, 0x75, 0x6e, 0xef, 0xbc, 0x9a,
    0x24, 0x64, 0x65, 0x76, 0x69, 0x63, 0x65, 0x20, 0xe5, 0xbd, 0x93, 0xe5, 0x89, 0x8d, 0xe4, 0xb8,
    0x8d, 0xe6, 0x98, 0xaf, 0xe5, 0x8f, 0xaf, 0xe8, 0xa7, 0x81, 0xe5, 0x9d, 0x97, 0xe8, 0xae, 0xbe,
    0xe5, 0xa4, 0x87, 0xef, 0xbc, 0x8c, 0xe7, 0xbb, 0xa7, 0xe7, 0xbb, 0xad, 0xe5, 0xb1, 0x95, 0xe7,
    0xa4, 0xba, 0xe8, 0xae, 0xa1, 0xe5, 0x88, 0x92, 0xe3, 0x80, 0x82, 0x22, 0x0a, 0x20, 0x20, 0x20,
    0x20, 0x65, 0x6c, 0x73, 0x65, 0x0a, 0x20, 0x20, 0x20, 0x20, 0x20, 0x20, 0x77, 0x61, 0x72, 0x6e,
    0x20, 0x22, 0x24, 0x64, 0x65, 0x76, 0x69, 0x63, 0x65, 0x20, 0xe4, 0xb8, 0x8d, 0xe6, 0x98, 0xaf,
    0xe5, 0x9d, 0x97, 0xe8, 0xae, 0xbe, 0xe5, 0xa4, 0x87, 0xe3, 0x80, 0x82, 0x22, 0x0a, 0x20, 0x20,
    0x20, 0x20, 0x20, 0x20, 0x72, 0x65, 0x74, 0x75, 0x72, 0x6e, 0x20, 0x31, 0x0a, 0x20, 0x20, 0x20,
    0x20, 0x66, 0x69, 0x0a, 0x20, 0x20, 0x7d, 0x0a, 0x0a, 0x20, 0x20, 0x72, 0x65, 0x61, 0x64, 0x20,
    0x2d, 0x72, 0x20, 0x2d, 0x70, 0x20, 0x22, 0xe6, 0x8c, 0x82, 0xe8, 0xbd, 0xbd, 0xe7, 0x9b, 0xae,
    0xe5, 0xbd, 0x95, 0x20, 0x5b, 0x24, 0x44, 0x41, 0x54, 0x41, 0x5f, 0x4d, 0x4f, 0x55, 0x4e, 0x54,
    0x5f, 0x44, 0x45, 0x46, 0x41, 0x55, 0x4c, 0x54, 0x5d, 0x3a, 0x20, 0x22, 0x20, 0x6d, 0x6f, 0x75,
    0x6e, 0x74, 0x70, 0x6f, 0x69, 0x6e, 0x74, 0x0a, 0x20, 0x20, 0x6d, 0x6f, 0x75, 0x6e, 0x74, 0x70,
    0x6f, 0x69, 0x6e, 0x74, 0x3d, 0x22, 0x24, 0x7b, 0x6d, 0x6f, 0x75, 0x6e, 0x74, 0x70, 0x6f, 0x69,
    0x6e, 0x74, 0x3a, 0x2d, 0x24, 0x44, 0x41, 0x54, 0x41, 0x5f, 0x4d, 0x4f, 0x55, 0x4e, 0x54, 0x5f,
    0x44, 0x45, 0x46, 0x41, 0x55, 0x4c, 0x54, 0x7d, 0x22, 0x0a, 0x20, 0x20, 0x5b, 0x5b, 0x20, 0x22,
    0x24, 0x6d, 0x6f, 0x75, 0x6e, 0x74, 0x70, 0x6f, 0x69, 0x6e, 0x74, 0x22, 0x20, 0x3d, 0x3d, 0x20,
    0x2f, 0x2a, 0x20, 0x5d, 0x5d, 0x20, 0x7c, 0x7c, 0x20, 0x7b, 0x20, 0x77, 0x61, 0x72, 0x6e, 0x20,
    0x22, 0xe6, 0x8c, 0x82, 0xe8, 0xbd, 0xbd, 0xe7, 0x9b, 0xae, 0xe5, 0xbd, 0x95, 0xe5, 0xbf, 0x85,
    0xe9, 0xa1, 0xbb, 0xe6, 0x98, 0xaf, 0xe7, 0xbb, 0x9d, 0xe5, 0xaf, 0xb9, 0xe8, 0xb7, 0xaf, 0xe5,
    0xbe, 0x84, 0xe3, 0x80, 0x82, 0x22, 0x3b, 0x20, 0x72, 0x65, 0x74, 0x75, 0x72, 0x6e, 0x20, 0x31,
    0x3b, 0x20, 0x7d, 0x0a, 0x0a, 0x20, 0x20, 0x66, 0x73, 0x5f, 0x74, 0x79, 0x70, 0x65, 0x3d, 0x22,
    0x24, 0x28, 0x62, 0x6c, 0x6b, 0x69, 0x64, 0x20, 0x2d, 0x73, 0x20, 0x54, 0x59, 0x50, 0x45, 0x20,
    0x2d, 0x6f, 0x20, 0x76, 0x61, 0x6c, 0x75, 0x65, 0x20, 0x22, 0x24, 0x64, 0x65, 0x76, 0x69, 0x63,
    0x65, 0x22, 0x20, 0x32, 0x3e, 0x2f, 0x64, 0x65, 0x76, 0x2f, 0x6e, 0x75, 0x6c, 0x6c, 0x20, 0x7c,
    0x7c, 0x20, 0x74, 0x72, 0x75, 0x65, 0x29, 0x22, 0x0a, 0x20, 0x20, 0x69, 0x66, 0x20, 0x5b, 0x5b,
    0x20, 0x22, 0x24, 0x66, 0x73, 0x5f, 0x74, 0x79, 0x70, 0x65, 0x22, 0x20, 0x21, 0x3d, 0x20, 0x22,
    0x78, 0x66, 0x73, 0x22, 0x20, 0x5d, 0x5d, 0x3b, 0x20, 0x74, 0x68, 0x65, 0x6e, 0x0a, 0x20, 0x20,
    0x20, 0x20, 0x77, 0x61, 0x72, 0x6e, 0x20, 0x22, 0x24, 0x64, 0x65, 0x76, 0x69, 0x63, 0x65, 0x20,
    0xe5, 0xbd, 0x93, 0xe5, 0x89, 0x8d, 0xe6, 0x96, 0x87, 0xe4, 0xbb, 0xb6, 0xe7, 0xb3, 0xbb, 0xe7,
    0xbb, 0x9f, 0x3a, 0x20, 0x24, 0x7b, 0x66, 0x73, 0x5f, 0x74, 0x79, 0x70, 0x65, 0x3a, 0x2d, 0xe6,
    0x9c, 0xaa, 0xe6, 0xa0, 0xbc, 0xe5, 0xbc, 0x8f, 0xe5, 0x8c, 0x96, 0x2f, 0xe6, 0x9c, 0xaa, 0xe7,
    0x9f, 0xa5, 0x7d, 0xe3, 0x80, 0x82, 0x71, 0x75, 0x6f, 0x74, 0x61, 0x20, 0xe6, 0x96, 0xb9, 0xe6,
    0xa1, 0x88, 0xe6, 0x8c, 0x89, 0x20, 0x58, 0x46, 0x53, 0x20, 0xe8, 0xae, 0xbe, 0xe8, 0xae, 0xa1,
    0xe3, 0x80, 0x82, 0x22, 0x0a, 0x20, 0x20, 0x20, 0x20, 0x61, 0x73, 0x73, 0x65, 0x72, 0x74, 0x5f,
    0x73, 0x61, 0x66, 0x65, 0x5f, 0x74, 0x6f, 0x5f, 0x66, 0x6f, 0x72, 0x6d, 0x61, 0x74, 0x20, 0x22,
    0x24, 0x64, 0x65, 0x76, 0x69, 0x63, 0x65, 0x22, 0x20, 0x7c, 0x7c, 0x20, 0x72, 0x65, 0x74, 0x75,
    0x72, 0x6e, 0x20, 0x31, 0x0a, 0x0a, 0x20, 0x20, 0x20, 0x20, 0x69, 0x66, 0x20, 0x21, 0x20, 0x63,
    0x6f, 0x6e, 0x66, 0x69, 0x72, 0x6d, 0x5f, 0x64, 0x65, 0x73, 0x74, 0x72, 0x75, 0x63, 0x74, 0x69,
    0x76, 0x65, 0x5f, 0x66, 0x6f, 0x72, 0x6d, 0x61, 0x74, 0x5f, 0x74, 0x68, 0x72, 0x65, 0x65, 0x5f,
    0x74, 0x69, 0x6d, 0x65, 0x73, 0x20, 0x22, 0x24, 0x64, 0x65, 0x76, 0x69, 0x63, 0x65, 0x22, 0x3b,
    0x20, 0x74, 0x68, 0x65, 0x6e, 0x0a, 0x20, 0x20, 0x20, 0x20, 0x20, 0x20, 0x77, 0x61, 0x72, 0x6e,
    0x20, 0x22, 0xe4, 0xb8, 0x89, 0xe6, 0xac, 0xa1, 0xe7, 0xa1, 0xae, 0xe8, 0xae, 0xa4, 0xe6, 0x9c,
    0xaa, 0xe5, 0x85, 0xa8, 0xe9, 0x83, 0xa8, 0xe9, 0x80, 0x9a, 0xe8, 0xbf, 0x87, 0xef, 0xbc, 0x8c,
    0xe5, 0xb7, 0xb2, 0xe5, 0x8f, 0x96, 0xe6, 0xb6, 0x88, 0xe5, 0xad, 0x98, 0xe5, 0x82, 0xa8, 0xe5,
    0x88, 0x9d, 0xe5, 0xa7, 0x8b, 0xe5, 0x8c, 0x96, 0xe3, 0x80, 0x82, 0x22, 0x0a, 0x20, 0x20, 0x20,
    0x20, 0x20, 0x20, 0x72, 0x65, 0x74, 0x75, 0x72, 0x6e, 0x20, 0x30, 0x0a, 0x20, 0x20, 0x20, 0x20,
    0x66, 0x69, 0x0a, 0x0a, 0x20, 0x20, 0x20, 0x20, 0x77, 0x69, 0x70, 0x65, 0x5f, 0x64, 0x65, 0x76,
    0x69, 0x63, 0x65, 0x5f, 0x6c, 0x61, 0x79, 0x6f, 0x75, 0x74, 0x5f, 0x69, 0x66, 0x5f, 0x6e, 0x65,
    0x65, 0x64, 0x65, 0x64, 0x20, 0x22, 0x24, 0x64, 0x65, 0x76, 0x69, 0x63, 0x65, 0x22, 0x0a, 0x20,
    0x20, 0x20, 0x20, 0x61, 0x73, 0x5f, 0x72, 0x6f, 0x6f, 0x74, 0x20, 0x6d, 0x6b, 0x66, 0x73, 0x2e,
    0x78, 0x66, 0x73, 0x20, 0x2d, 0x66, 0x20, 0x22, 0x24, 0x64, 0x65, 0x76, 0x69, 0x63, 0x65, 0x22,
    0x0a, 0x20, 0x20, 0x20, 0x20, 0x66, 0x73, 0x5f, 0x74, 0x79, 0x70, 0x65, 0x3d, 0x22, 0x78, 0x66,
    0x73, 0x22, 0x0a, 0x20, 0x20, 0x66, 0x69, 0x0a, 0x0a, 0x20, 0x20, 0x61, 0x73, 0x5f, 0x72, 0x6f,
    0x6f, 0x74, 0x20, 0x6d, 0x6b, 0x64, 0x69, 0x72, 0x20, 0x2d, 0x70, 0x20, 0x22, 0x24, 0x6d, 0x6f,
    0x75, 0x6e, 0x74, 0x70, 0x6f, 0x69, 0x6e, 0x74, 0x22, 0x0a, 0x0a, 0x20, 0x20, 0x69, 0x66, 0x20,
    0x21, 0x20, 0x6d, 0x6f, 0x75, 0x6e, 0x74, 0x70, 0x6f, 0x69, 0x6e, 0x74, 0x20, 0x2d, 0x71, 0x20,
    0x22, 0x24, 0x6d, 0x6f, 0x75, 0x6e, 0x74, 0x70, 0x6f, 0x69, 0x6e, 0x74, 0x22, 0x3b, 0x20, 0x74,
    0x68, 0x65, 0x6e, 0x0a, 0x20, 0x20, 0x20, 0x20, 0x61, 0x73, 0x5f, 0x72, 0x6f, 0x6f, 0x74, 0x20,
    0x6d, 0x6f, 0x75, 0x6e, 0x74, 0x20, 0x2d, 0x6f, 0x20, 0x75, 0x71, 0x75, 0x6f, 0x74, 0x61, 0x2c,
    0x67, 0x71, 0x75, 0x6f, 0x74, 0x61, 0x20, 0x22, 0x24, 0x64, 0x65, 0x76, 0x69, 0x63, 0x65, 0x22,
    0x20, 0x22, 0x24, 0x6d, 0x6f, 0x75, 0x6e, 0x74, 0x70, 0x6f, 0x69, 0x6e, 0x74, 0x22, 0x0a, 0x20,
    0x20, 0x65, 0x6c, 0x73, 0x65, 0x0a, 0x20, 0x20, 0x20, 0x20, 0x69, 0x6e, 0x66, 0x6f, 0x20, 0x22,
    0x24, 0x6d, 0x6f, 0x75, 0x6e, 0x74, 0x70, 0x6f, 0x69, 0x6e, 0x74, 0x20, 0xe5, 0xb7, 0xb2, 0xe6,
    0x8c, 0x82, 0xe8, 0xbd, 0xbd, 0xef, 0xbc, 0x8c, 0xe6, 0x9c, 0xaa, 0xe9, 0x87, 0x8d, 0xe5, 0xa4,
    0x8d, 0x20, 0x6d, 0x6f, 0x75, 0x6e, 0x74, 0xe3, 0x80, 0x82, 0x22, 0x0a, 0x20, 0x20, 0x66, 0x69,
    0x0a, 0x0a, 0x20, 0x20, 0x75, 0x75, 0x69, 0x64, 0x3d, 0x22, 0x24, 0x28, 0x62, 0x6c, 0x6b, 0x69,
    0x64, 0x20, 0x2d, 0x73, 0x20, 0x55, 0x55, 0x49, 0x44, 0x20, 0x2d, 0x6f, 0x20, 0x76, 0x61, 0x6c,
    0x75, 0x65, 0x20, 0x22, 0x24, 0x64, 0x65, 0x76, 0x69, 0x63, 0x65, 0x22, 0x20, 0x32, 0x3e, 0x2f,
    0x64, 0x65, 0x76, 0x2f, 0x6e, 0x75, 0x6c, 0x6c, 0x20, 0x7c, 0x7c, 0x20, 0x74, 0x72, 0x75, 0x65,
    0x29, 0x22, 0x0a, 0x20, 0x20, 0x69, 0x66, 0x20, 0x5b, 0x5b, 0x20, 0x2d, 0x7a, 0x20, 0x22, 0x24,
    0x75, 0x75, 0x69, 0x64, 0x22, 0x20, 0x5d, 0x5d, 0x20, 0x26, 0x26, 0x20, 0x28, 0x28, 0x20, 0x44,
    0x52, 0x59, 0x5f, 0x52, 0x55, 0x4e, 0x20, 0x3d, 0x3d, 0x20, 0x30, 0x20, 0x29, 0x29, 0x3b, 0x20,
    0x74, 0x68, 0x65, 0x6e, 0x0a, 0x20, 0x20, 0x20, 0x20, 0x77, 0x61, 0x72, 0x6e, 0x20, 0x22, 0xe6,
    0x97, 0xa0, 0xe6, 0xb3, 0x95, 0xe8, 0xaf, 0xbb, 0xe5, 0x8f, 0x96, 0x20, 0x24, 0x64, 0x65, 0x76,
    0x69, 0x63, 0x65, 0x20, 0x55, 0x55, 0x49, 0x44, 0xef, 0xbc, 0x8c, 0xe8, 0xb7, 0xb3, 0xe8, 0xbf,
    0x87, 0x20, 0x2f, 0x65, 0x74, 0x63, 0x2f, 0x66, 0x73, 0x74, 0x61, 0x62, 0xe3, 0x80, 0x82, 0x22,
    0x0a, 0x20, 0x20, 0x65, 0x6c, 0x73, 0x65, 0x0a, 0x20, 0x20, 0x20, 0x20, 0x5b, 0x5b, 0x20, 0x2d,
    0x6e, 0x20, 0x22, 0x24, 0x75, 0x75, 0x69, 0x64, 0x22, 0x20, 0x5d, 0x5d, 0x20, 0x7c, 0x7c, 0x20,
    0x75, 0x75, 0x69, 0x64, 0x3d, 0x22, 0x3c, 0x44, 0x45, 0x56, 0x49, 0x43, 0x45, 0x5f, 0x55, 0x55,
    0x49, 0x44, 0x3e, 0x22, 0x0a, 0x20, 0x20, 0x20, 0x20, 0x6c, 0x6f, 0x63, 0x61, 0x6c, 0x20, 0x66,
    0x73, 0x74, 0x61, 0x62, 0x5f, 0x6c, 0x69, 0x6e, 0x65, 0x3d, 0x22, 0x55, 0x55, 0x49, 0x44, 0x3d,
    0x24, 0x75, 0x75, 0x69, 0x64, 0x20, 0x24, 0x6d, 0x6f, 0x75, 0x6e, 0x74, 0x70, 0x6f, 0x69, 0x6e,
    0x74, 0x20, 0x78, 0x66, 0x73, 0x20, 0x64, 0x65, 0x66, 0x61, 0x75, 0x6c, 0x74, 0x73, 0x2c, 0x75,
    0x71, 0x75, 0x6f, 0x74, 0x61, 0x2c, 0x67, 0x71, 0x75, 0x6f, 0x74, 0x61, 0x20, 0x30, 0x20, 0x32,
    0x22, 0x0a, 0x20, 0x20, 0x20, 0x20, 0x69, 0x66, 0x20, 0x67, 0x72, 0x65, 0x70, 0x20, 0x2d, 0x45,
    0x71, 0x20, 0x22, 0x5e, 0x5b, 0x5e, 0x23, 0x5d, 0x2e, 0x2a, 0x5b, 0x5b, 0x3a, 0x73, 0x70, 0x61,
    0x63, 0x65, 0x3a, 0x5d, 0x5d, 0x24, 0x7b, 0x6d, 0x6f, 0x75, 0x6e, 0x74, 0x70, 0x6f, 0x69, 0x6e,
    0x74, 0x7d, 0x5b, 0x5b, 0x3a, 0x73, 0x70, 0x61, 0x63, 0x65, 0x3a, 0x5d, 0x5d, 0x22, 0x20, 0x2f,
    0x65, 0x74, 0x63, 0x2f, 0x66, 0x73, 0x74, 0x61, 0x62, 0x20, 0x32, 0x3e, 0x2f, 0x64, 0x65, 0x76,
    0x2f, 0x6e, 0x75, 0x6c, 0x6c, 0x3b, 0x20, 0x74, 0x68, 0x65, 0x6e, 0x0a, 0x20, 0x20, 0x20, 0x20,
    0x20, 0x20, 0x77, 0x61, 0x72, 0x6e, 0x20, 0x22, 0x2f, 0x65, 0x74, 0x63, 0x2f, 0x66, 0x73, 0x74,
    0x61, 0x62, 0x20, 0xe5, 0xb7, 0xb2, 0xe6, 0x9c, 0x89, 0x20, 0x24, 0x6d, 0x6f, 0x75, 0x6e, 0x74,
    0x70, 0x6f, 0x69, 0x6e, 0x74, 0x20, 0xe6, 0x9d, 0xa1, 0xe7, 0x9b, 0xae, 0xef, 0xbc, 0x8c, 0xe8,
    0xaf, 0xb7, 0xe7, 0xa1, 0xae, 0xe8, 0xae, 0xa4, 0xe5, 0x85, 0xb6, 0xe4, 0xb8, 0xad, 0xe5, 0x8c,
    0x85, 0xe5, 0x90, 0xab, 0x20, 0x75, 0x71, 0x75, 0x6f, 0x74, 0x61, 0x2c, 0x67, 0x71, 0x75, 0x6f,
    0x74, 0x61, 0xef, 0xbc, 0x9b, 0xe8, 0x84, 0x9a, 0xe6, 0x9c, 0xac, 0xe4, 0xb8, 0x8d, 0xe8, 0xa6,
    0x86, 0xe7, 0x9b, 0x96, 0xe7, 0x8e, 0xb0, 0xe6, 0x9c, 0x89, 0xe9, 0x85, 0x8d, 0xe7, 0xbd, 0xae,
    0xe3, 0x80, 0x82, 0x22, 0x0a, 0x20, 0x20, 0x20, 0x20, 0x65, 0x6c, 0x73, 0x65, 0x0a, 0x20, 0x20,
    0x20, 0x20, 0x20, 0x20, 0x62, 0x61, 0x63, 0x6b, 0x75, 0x70, 0x5f, 0x66, 0x69, 0x6c, 0x65, 0x20,
    0x2f, 0x65, 0x74, 0x63, 0x2f, 0x66, 0x73, 0x74, 0x61, 0x62, 0x0a, 0x20, 0x20, 0x20, 0x20, 0x20,
    0x20, 0x61, 0x70, 0x70, 0x65, 0x6e, 0x64, 0x5f, 0x6c, 0x69, 0x6e, 0x65, 0x5f, 0x6f, 0x6e, 0x63,
    0x65, 0x20, 0x2f, 0x65, 0x74, 0x63, 0x2f, 0x66, 0x73, 0x74, 0x61, 0x62, 0x20, 0x22, 0x24, 0x66,
    0x73, 0x74, 0x61, 0x62, 0x5f, 0x6c, 0x69, 0x6e, 0x65, 0x22, 0x0a, 0x20, 0x20, 0x20, 0x20, 0x20,
    0x20, 0x69, 0x66, 0x20, 0x63, 0x6f, 0x6d, 0x6d, 0x61, 0x6e, 0x64, 0x20, 0x2d, 0x76, 0x20, 0x66,
    0x69, 0x6e, 0x64, 0x6d, 0x6e, 0x74, 0x20, 0x3e, 0x2f, 0x64, 0x65, 0x76, 0x2f, 0x6e, 0x75, 0x6c,
    0x6c, 0x20, 0x32, 0x3e, 0x26, 0x31, 0x3b, 0x20, 0x74, 0x68, 0x65, 0x6e, 0x0a, 0x20, 0x20, 0x20,
    0x20, 0x20, 0x20, 0x20, 0x20, 0x69, 0x66, 0x20, 0x21, 0x20, 0x61, 0x73, 0x5f, 0x72, 0x6f, 0x6f,
    0x74, 0x20, 0x66, 0x69, 0x6e, 0x64, 0x6d, 0x6e, 0x74, 0x20, 0x2d, 0x2d, 0x76, 0x65, 0x72, 0x69,
    0x66, 0x79, 0x20, 0x2d, 0x2d, 0x74, 0x61, 0x62, 0x2d, 0x66, 0x69, 0x6c, 0x65, 0x20, 0x2f, 0x65,
    0x74, 0x63, 0x2f, 0x66, 0x73, 0x74, 0x61, 0x62, 0x3b, 0x20, 0x74, 0x68, 0x65, 0x6e, 0x0a, 0x20,
    0x20, 0x20, 0x20, 0x20, 0x20, 0x20, 0x20, 0x20, 0x20, 0x77, 0x61, 0x72, 0x6e, 0x20, 0x22, 0x2f,
    0x65, 0x74, 0x63, 0x2f, 0x66, 0x73, 0x74, 0x61, 0x62, 0x20, 0xe6, 0xa0, 0xa1, 0xe9, 0xaa, 0x8c,
    0xe5, 0xa4, 0xb1, 0xe8, 0xb4, 0xa5, 0xef, 0xbc, 0x8c, 0xe8, 0xaf, 0xb7, 0xe4, 0xbd, 0xbf, 0xe7,
    0x94, 0xa8, 0xe5, 0x88, 0x9a, 0xe6, 0x89, 0x8d, 0xe7, 0x94, 0x9f, 0xe6, 0x88, 0x90, 0xe7, 0x9a,
    0x84, 0xe5, 0xa4, 0x87, 0xe4, 0xbb, 0xbd, 0xe6, 0x81, 0xa2, 0xe5, 0xa4, 0x8d, 0xe3, 0x80, 0x82,
    0x22, 0x0a, 0x20, 0x20, 0x20, 0x20, 0x20, 0x20, 0x20, 0x20, 0x20, 0x20, 0x72, 0x65, 0x74, 0x75,
    0x72, 0x6e, 0x20, 0x31, 0x0a, 0x20, 0x20, 0x20, 0x20, 0x20, 0x20, 0x20, 0x20, 0x66, 0x69, 0x0a,
    0x20, 0x20, 0x20, 0x20, 0x20, 0x20, 0x66, 0x69, 0x0a, 0x20, 0x20, 0x20, 0x20, 0x66, 0x69, 0x0a,
    0x20, 0x20, 0x66, 0x69, 0x0a, 0x0a, 0x20, 0x20, 0x61, 0x73, 0x5f, 0x72, 0x6f, 0x6f, 0x74, 0x20,
    0x6d, 0x6b, 0x64, 0x69, 0x72, 0x20, 0x2d, 0x70, 0x20, 0x22, 0x24, 0x6d, 0x6f, 0x75, 0x6e, 0x74,
    0x70, 0x6f, 0x69, 0x6e, 0x74, 0x2f, 0x75, 0x73, 0x65, 0x72, 0x22, 0x0a, 0x20, 0x20, 0x69, 0x66,
    0x20, 0x21, 0x20, 0x6d, 0x6f, 0x75, 0x6e, 0x74, 0x70, 0x6f, 0x69, 0x6e, 0x74, 0x20, 0x2d, 0x71,
    0x20, 0x22, 0x24, 0x6d, 0x6f, 0x75, 0x6e, 0x74, 0x70, 0x6f, 0x69, 0x6e, 0x74, 0x22, 0x3b, 0x20,
    0x74, 0x68, 0x65, 0x6e, 0x0a, 0x20, 0x20, 0x20, 0x20, 0x69, 0x66, 0x20, 0x28, 0x28, 0x20, 0x44,
    0x52, 0x59, 0x5f, 0x52, 0x55, 0x4e, 0x20, 0x29, 0x29, 0x3b, 0x20, 0x74, 0x68, 0x65, 0x6e, 0x0a,
    0x20, 0x20, 0x20, 0x20, 0x20, 0x20, 0x69, 0x6e, 0x66, 0x6f, 0x20, 0x22, 0x64, 0x72, 0x79, 0x2d,
    0x72, 0x75, 0x6e, 0xef, 0xbc, 0x9a, 0xe5, 0x81, 0x87, 0xe5, 0xae, 0x9a, 0x20, 0x24, 0x6d, 0x6f,
    0x75, 0x6e, 0x74, 0x70, 0x6f, 0x69, 0x6e, 0x74, 0x20, 0xe6, 0x8c, 0x82, 0xe8, 0xbd, 0xbd, 0xe6,
    0x88, 0x90, 0xe5, 0x8a, 0x9f, 0xef, 0xbc, 0x8c, 0xe7, 0xbb, 0xa7, 0xe7, 0xbb, 0xad, 0xe5, 0xb1,
    0x95, 0xe7, 0xa4, 0xba, 0xe5, 0x90, 0x8e, 0xe7, 0xbb, 0xad, 0xe6, 0xb5, 0x81, 0xe7, 0xa8, 0x8b,
    0xe3, 0x80, 0x82, 0x22, 0x0a, 0x20, 0x20, 0x20, 0x20, 0x65, 0x6c, 0x73, 0x65, 0x0a, 0x20, 0x20,
    0x20, 0x20, 0x20, 0x20, 0x77, 0x61, 0x72, 0x6e, 0x20, 0x22, 0x24, 0x6d, 0x6f, 0x75, 0x6e, 0x74,
    0x70, 0x6f, 0x69, 0x6e, 0x74, 0x20, 0xe5, 0xbd, 0x93, 0xe5, 0x89, 0x8d, 0xe4, 0xb8, 0x8d, 0xe6,
    0x98, 0xaf, 0xe7, 0x8b, 0xac, 0xe7, 0xab, 0x8b, 0xe6, 0x8c, 0x82, 0xe8, 0xbd, 0xbd, 0xe7, 0x82,
    0xb9, 0xef, 0xbc, 0x8c, 0xe5, 0x81, 0x9c, 0xe6, 0xad, 0xa2, 0xe5, 0x90, 0x8e, 0xe7, 0xbb, 0xad,
    0x20, 0x71, 0x75, 0x6f, 0x74, 0x61, 0x20, 0xe9, 0x85, 0x8d, 0xe7, 0xbd, 0xae, 0xe3, 0x80, 0x82,
    0x22, 0x0a, 0x20, 0x20, 0x20, 0x20, 0x20, 0x20, 0x72, 0x65, 0x74, 0x75, 0x72, 0x6e, 0x20, 0x31,
    0x0a, 0x20, 0x20, 0x20, 0x20, 0x66, 0x69, 0x0a, 0x20, 0x20, 0x66, 0x69, 0x0a, 0x20, 0x20, 0x6c,
    0x6f, 0x67, 0x20, 0x22, 0xe6, 0x95, 0xb0, 0xe6, 0x8d, 0xae, 0xe7, 0x9b, 0x98, 0xe5, 0x88, 0x9d,
    0xe5, 0xa7, 0x8b, 0xe5, 0x8c, 0x96, 0xe5, 0xae, 0x8c, 0xe6, 0x88, 0x90, 0xe3, 0x80, 0x82, 0xe5,
    0xbb, 0xba, 0xe8, 0xae, 0xae, 0xe6, 0x89, 0xa7, 0xe8, 0xa1, 0x8c, 0x20, 0x78, 0x66, 0x73, 0x5f,
    0x71, 0x75, 0x6f, 0x74, 0x61, 0x20, 0x2d, 0x78, 0x20, 0x2d, 0x63, 0x20, 0x27, 0x72, 0x65, 0x70,
    0x6f, 0x72, 0x74, 0x20, 0x2d, 0x75, 0x62, 0x69, 0x68, 0x27, 0x20, 0x27, 0x24, 0x6d, 0x6f, 0x75,
    0x6e, 0x74, 0x70, 0x6f, 0x69, 0x6e, 0x74, 0x27, 0x20, 0xe9, 0xaa, 0x8c, 0xe8, 0xaf, 0x81, 0x20,
    0x71, 0x75, 0x6f, 0x74, 0x61, 0xe3, 0x80, 0x82, 0x22, 0x0a, 0x7d, 0x0a, 0x0a, 0x63, 0x6f, 0x6e,
    0x66, 0x69, 0x67, 0x75, 0x72, 0x65, 0x5f, 0x66, 0x69, 0x72, 0x65, 0x77, 0x61, 0x6c, 0x6c, 0x28,
    0x29, 0x20, 0x7b, 0x0a, 0x20, 0x20, 0x6c, 0x6f, 0x63, 0x61, 0x6c, 0x20, 0x70, 0x6f, 0x72, 0x74,
    0x73, 0x5f, 0x72, 0x61, 0x77, 0x20, 0x70, 0x6f, 0x72, 0x74, 0x0a, 0x20, 0x20, 0x72, 0x65, 0x61,
    0x64, 0x20, 0x2d, 0x72, 0x20, 0x2d, 0x70, 0x20, 0x22, 0xe5, 0x85, 0x81, 0xe8, 0xae, 0xb8, 0x20,
    0x54, 0x43, 0x50, 0x20, 0xe7, 0xab, 0xaf, 0xe5, 0x8f, 0xa3, 0xef, 0xbc, 0x88, 0xe7, 0xa9, 0xba,
    0xe6, 0xa0, 0xbc, 0xe5, 0x88, 0x86, 0xe9, 0x9a, 0x94, 0xef, 0xbc, 0x89, 0x5b, 0x32, 0x32, 0x20,
    0x38, 0x37, 0x38, 0x37, 0x20, 0x38, 0x30, 0x30, 0x30, 0x5d, 0x3a, 0x20, 0x22, 0x20, 0x70, 0x6f,
    0x72, 0x74, 0x73, 0x5f, 0x72, 0x61, 0x77, 0x0a, 0x20, 0x20, 0x70, 0x6f, 0x72, 0x74, 0x73, 0x5f,
    0x72, 0x61, 0x77, 0x3d, 0x22, 0x24, 0x7b, 0x70, 0x6f, 0x72, 0x74, 0x73, 0x5f, 0x72, 0x61, 0x77,
    0x3a, 0x2d, 0x32, 0x32, 0x20, 0x38, 0x37, 0x38, 0x37, 0x20, 0x38, 0x30, 0x30, 0x30, 0x7d, 0x22,
    0x0a, 0x0a, 0x20, 0x20, 0x61, 0x73, 0x5f, 0x72, 0x6f, 0x6f, 0x74, 0x20, 0x61, 0x70, 0x74, 0x2d,
    0x67, 0x65, 0x74, 0x20, 0x75, 0x70, 0x64, 0x61, 0x74, 0x65, 0x0a, 0x20, 0x20, 0x61, 0x73, 0x5f,
    0x72, 0x6f, 0x6f, 0x74, 0x20, 0x65, 0x6e, 0x76, 0x20, 0x44, 0x45, 0x42, 0x49, 0x41, 0x4e, 0x5f,
    0x46, 0x52, 0x4f, 0x4e, 0x54, 0x45, 0x4e, 0x44, 0x3d, 0x6e, 0x6f, 0x6e, 0x69, 0x6e, 0x74, 0x65,
    0x72, 0x61, 0x63, 0x74, 0x69, 0x76, 0x65, 0x20, 0x61, 0x70, 0x74, 0x2d, 0x67, 0x65, 0x74, 0x20,
    0x69, 0x6e, 0x73, 0x74, 0x61, 0x6c, 0x6c, 0x20, 0x2d, 0x79, 0x20, 0x75, 0x66, 0x77, 0x0a, 0x0a,
    0x20, 0x20, 0x66, 0x6f, 0x72, 0x20, 0x70, 0x6f, 0x72, 0x74, 0x20, 0x69, 0x6e, 0x20, 0x24, 0x70,
    0x6f, 0x72, 0x74, 0x73, 0x5f, 0x72, 0x61, 0x77, 0x3b, 0x20, 0x64, 0x6f, 0x0a, 0x20, 0x20, 0x20,
    0x20, 0x69, 0x66, 0x20, 0x5b, 0x5b, 0x20, 0x21, 0x20, 0x22, 0x24, 0x70, 0x6f, 0x72, 0x74, 0x22,
    0x20, 0x3d, 0x7e, 0x20, 0x5e, 0x5b, 0x30, 0x2d, 0x39, 0x5d, 0x7b, 0x31, 0x2c, 0x35, 0x7d, 0x24,
    0x20, 0x5d, 0x5d, 0x20, 0x7c, 0x7c, 0x20, 0x28, 0x28, 0x20, 0x70, 0x6f, 0x72, 0x74, 0x20, 0x3c,
    0x20, 0x31, 0x20, 0x7c, 0x7c, 0x20, 0x70, 0x6f, 0x72, 0x74, 0x20, 0x3e, 0x20, 0x36, 0x35, 0x35,
    0x33, 0x35, 0x20, 0x29, 0x29, 0x3b, 0x20, 0x74, 0x68, 0x65, 0x6e, 0x0a, 0x20, 0x20, 0x20, 0x20,
    0x20, 0x20, 0x77, 0x61, 0x72, 0x6e, 0x20, 0x22, 0xe9, 0x9d, 0x9e, 0xe6, 0xb3, 0x95, 0xe7, 0xab,
    0xaf, 0xe5, 0x8f, 0xa3, 0x3a, 0x20, 0x24, 0x70, 0x6f, 0x72, 0x74, 0x22, 0x0a, 0x20, 0x20, 0x20,
    0x20, 0x20, 0x20, 0x72, 0x65, 0x74, 0x75, 0x72, 0x6e, 0x20, 0x31, 0x0a, 0x20, 0x20, 0x20, 0x20,
    0x66, 0x69, 0x0a, 0x20, 0x20, 0x20, 0x20, 0x61, 0x73, 0x5f, 0x72, 0x6f, 0x6f, 0x74, 0x20, 0x75,
    0x66, 0x77, 0x20, 0x61, 0x6c, 0x6c, 0x6f, 0x77, 0x20, 0x22, 0x24, 0x70, 0x6f, 0x72, 0x74, 0x2f,
    0x74, 0x63, 0x70, 0x22, 0x0a, 0x20, 0x20, 0x64, 0x6f, 0x6e, 0x65, 0x0a, 0x0a, 0x20, 0x20, 0x69,
    0x66, 0x20, 0x63, 0x6f, 0x6e, 0x66, 0x69, 0x72, 0x6d, 0x20, 0x22, 0xe5, 0x90, 0xaf, 0xe7, 0x94,
    0xa8, 0x20, 0x55, 0x46, 0x57, 0xef, 0xbc, 0x9f, 0xe8, 0xaf, 0xb7, 0xe7, 0xa1, 0xae, 0xe8, 0xae,
    0xa4, 0x20, 0x53, 0x53, 0x48, 0x20, 0xe7, 0xab, 0xaf, 0xe5, 0x8f, 0xa3, 0xe5, 0xb7, 0xb2, 0xe5,
    0x8c, 0x85, 0xe5, 0x90, 0xab, 0xe5, 0x9c, 0xa8, 0xe5, 0x85, 0x81, 0xe8, 0xae, 0xb8, 0xe5, 0x88,
    0x97, 0xe8, 0xa1, 0xa8, 0xe4, 0xb8, 0xad, 0xe3, 0x80, 0x82, 0x22, 0x3b, 0x20, 0x74, 0x68, 0x65,
    0x6e, 0x0a, 0x20, 0x20, 0x20, 0x20, 0x61, 0x73, 0x5f, 0x72, 0x6f, 0x6f, 0x74, 0x20, 0x75, 0x66,
    0x77, 0x20, 0x2d, 0x2d, 0x66, 0x6f, 0x72, 0x63, 0x65, 0x20, 0x65, 0x6e, 0x61, 0x62, 0x6c, 0x65,
    0x0a, 0x20, 0x20, 0x20, 0x20, 0x61, 0x73, 0x5f, 0x72, 0x6f, 0x6f, 0x74, 0x20, 0x75, 0x66, 0x77,
    0x20, 0x72, 0x65, 0x6c, 0x6f, 0x61, 0x64, 0x0a, 0x20, 0x20, 0x65, 0x6c, 0x73, 0x65, 0x0a, 0x20,
    0x20, 0x20, 0x20, 0x77, 0x61, 0x72, 0x6e, 0x20, 0x22, 0xe8, 0xa7, 0x84, 0xe5, 0x88, 0x99, 0xe5,
    0xb7, 0xb2, 0xe5, 0x86, 0x99, 0xe5, 0x85, 0xa5, 0xef, 0xbc, 0x8c, 0xe4, 0xbd, 0x86, 0xe6, 0x9c,
    0xaa, 0xe5, 0x90, 0xaf, 0xe7, 0x94, 0xa8, 0x20, 0x55, 0x46, 0x57, 0xe3, 0x80, 0x82, 0x22, 0x0a,
    0x20, 0x20, 0x66, 0x69, 0x0a, 0x20, 0x20, 0x61, 0x73, 0x5f, 0x72, 0x6f, 0x6f, 0x74, 0x20, 0x75,
    0x66, 0x77, 0x20, 0x73, 0x74, 0x61, 0x74, 0x75, 0x73, 0x20, 0x76, 0x65, 0x72, 0x62, 0x6f, 0x73,
    0x65, 0x0a, 0x7d, 0x0a, 0x0a, 0x69, 0x6e, 0x73, 0x74, 0x61, 0x6c, 0x6c, 0x5f, 0x64, 0x65, 0x76,
    0x5f, 0x74, 0x6f, 0x6f, 0x6c, 0x73, 0x28, 0x29, 0x20, 0x7b, 0x0a, 0x20, 0x20, 0x72, 0x65, 0x71,
    0x75, 0x69, 0x72, 0x65, 0x5f, 0x75, 0x62, 0x75, 0x6e, 0x74, 0x75, 0x0a, 0x20, 0x20, 0x6c, 0x6f,
    0x63, 0x61, 0x6c, 0x20, 0x70, 0x61, 0x63, 0x6b, 0x61, 0x67, 0x65, 0x73, 0x3d, 0x28, 0x0a, 0x20,
    0x20, 0x20, 0x20, 0x62, 0x75, 0x69, 0x6c, 0x64, 0x2d, 0x65, 0x73, 0x73, 0x65, 0x6e, 0x74, 0x69,
    0x61, 0x6c, 0x20, 0x67, 0x63, 0x63, 0x20, 0x67, 0x2b, 0x2b, 0x20, 0x67, 0x66, 0x6f, 0x72, 0x74,
    0x72, 0x61, 0x6e, 0x20, 0x6d, 0x61, 0x6b, 0x65, 0x20, 0x63, 0x6d, 0x61, 0x6b, 0x65, 0x20, 0x70,
    0x6b, 0x67, 0x2d, 0x63, 0x6f, 0x6e, 0x66, 0x69, 0x67, 0x0a, 0x20, 0x20, 0x20, 0x20, 0x67, 0x69,
    0x74, 0x20, 0x64, 0x65, 0x66, 0x61, 0x75, 0x6c, 0x74, 0x2d, 0x6a, 0x64, 0x6b, 0x0a, 0x20, 0x20,
    0x20, 0x20, 0x70, 0x79, 0x74, 0x68, 0x6f, 0x6e, 0x33, 0x20, 0x70, 0x79, 0x74, 0x68, 0x6f, 0x6e,
    0x33, 0x2d, 0x70, 0x69, 0x70, 0x20, 0x70, 0x79, 0x74, 0x68, 0x6f, 0x6e, 0x33, 0x2d, 0x76, 0x65,
    0x6e, 0x76, 0x20, 0x70, 0x79, 0x74, 0x68, 0x6f, 0x6e, 0x2d, 0x69, 0x73, 0x2d, 0x70, 0x79, 0x74,
    0x68, 0x6f, 0x6e, 0x33, 0x0a, 0x20, 0x20, 0x20, 0x20, 0x6c, 0x69, 0x62, 0x63, 0x75, 0x72, 0x6c,
    0x34, 0x2d, 0x6f, 0x70, 0x65, 0x6e, 0x73, 0x73, 0x6c, 0x2d, 0x64, 0x65, 0x76, 0x20, 0x6c, 0x69,
    0x62, 0x73, 0x73, 0x6c, 0x2d, 0x64, 0x65, 0x76, 0x20, 0x6c, 0x69, 0x62, 0x78, 0x6d, 0x6c, 0x32,
    0x2d, 0x64, 0x65, 0x76, 0x20, 0x6c, 0x69, 0x62, 0x67, 0x69, 0x74, 0x32, 0x2d, 0x64, 0x65, 0x76,
    0x0a, 0x20, 0x20, 0x20, 0x20, 0x6c, 0x69, 0x62, 0x66, 0x6f, 0x6e, 0x74, 0x63, 0x6f, 0x6e, 0x66,
    0x69, 0x67, 0x31, 0x2d, 0x64, 0x65, 0x76, 0x20, 0x6c, 0x69, 0x62, 0x68, 0x61, 0x72, 0x66, 0x62,
    0x75, 0x7a, 0x7a, 0x2d, 0x64, 0x65, 0x76, 0x20, 0x6c, 0x69, 0x62, 0x66, 0x72, 0x69, 0x62, 0x69,
    0x64, 0x69, 0x2d, 0x64, 0x65, 0x76, 0x0a, 0x20, 0x20, 0x20, 0x20, 0x6c, 0x69, 0x62, 0x66, 0x72,
    0x65, 0x65, 0x74, 0x79, 0x70, 0x65, 0x36, 0x2d, 0x64, 0x65, 0x76, 0x20, 0x6c, 0x69, 0x62, 0x70,
    0x6e, 0x67, 0x2d, 0x64, 0x65, 0x76, 0x20, 0x6c, 0x69, 0x62, 0x74, 0x69, 0x66, 0x66, 0x2d, 0x64,
    0x65, 0x76, 0x20, 0x6c, 0x69, 0x62, 0x6a, 0x70, 0x65, 0x67, 0x2d, 0x64, 0x65, 0x76, 0x0a, 0x20,
    0x20, 0x29, 0x0a, 0x20, 0x20, 0x61, 0x73, 0x5f, 0x72, 0x6f, 0x6f, 0x74, 0x20, 0x61, 0x70, 0x74,
    0x2d, 0x67, 0x65, 0x74, 0x20, 0x75, 0x70, 0x64, 0x61, 0x74, 0x65, 0x0a, 0x20, 0x20, 0x61, 0x73,
    0x5f, 0x72, 0x6f, 0x6f, 0x74, 0x20, 0x65, 0x6e, 0x76, 0x20, 0x44, 0x45, 0x42, 0x49, 0x41, 0x4e,
    0x5f, 0x46, 0x52, 0x4f, 0x4e, 0x54, 0x45, 0x4e, 0x44, 0x3d, 0x6e, 0x6f, 0x6e, 0x69, 0x6e, 0x74,
    0x65, 0x72, 0x61, 0x63, 0x74, 0x69, 0x76, 0x65, 0x20, 0x61, 0x70, 0x74, 0x2d, 0x67, 0x65, 0x74,
    0x20, 0x69, 0x6e, 0x73, 0x74, 0x61, 0x6c, 0x6c, 0x20, 0x2d, 0x79, 0x20, 0x22, 0x24, 0x7b, 0x70,
    0x61, 0x63, 0x6b, 0x61, 0x67, 0x65, 0x73, 0x5b, 0x40, 0x5d, 0x7d, 0x22, 0x0a, 0x0a, 0x20, 0x20,
    0x69, 0x66, 0x20, 0x63, 0x6f, 0x6e, 0x66, 0x69, 0x72, 0x6d, 0x20, 0x22, 0xe5, 0xae, 0x89, 0xe8,
    0xa3, 0x85, 0x20, 0x51, 0x74, 0x35, 0x20, 0xe5, 0xbc, 0x80, 0xe5, 0x8f, 0x91, 0xe5, 0xb7, 0xa5,
    0xe5, 0x85, 0xb7, 0xef, 0xbc, 0x9f, 0x22, 0x3b, 0x20, 0x74, 0x68, 0x65, 0x6e, 0x0a, 0x20, 0x20,
    0x20, 0x20, 0x61, 0x73, 0x5f, 0x72, 0x6f, 0x6f, 0x74, 0x20, 0x65, 0x6e, 0x76, 0x20, 0x44, 0x45,
    0x42, 0x49, 0x41, 0x4e, 0x5f, 0x46, 0x52, 0x4f, 0x4e, 0x54, 0x45, 0x4e, 0x44, 0x3d, 0x6e, 0x6f,
    0x6e, 0x69, 0x6e, 0x74, 0x65, 0x72, 0x61, 0x63, 0x74, 0x69, 0x76, 0x65, 0x20, 0x61, 0x70, 0x74,
    0x2d, 0x67, 0x65, 0x74, 0x20, 0x69, 0x6e, 0x73, 0x74, 0x61, 0x6c, 0x6c, 0x20, 0x2d, 0x79, 0x20,
    0x20, 0x20, 0x20, 0x20, 0x20, 0x20, 0x71, 0x74, 0x62, 0x61, 0x73, 0x65, 0x35, 0x2d, 0x64, 0x65,
    0x76, 0x20, 0x71, 0x74, 0x63, 0x68, 0x6f, 0x6f, 0x73, 0x65, 0x72, 0x20, 0x71, 0x74, 0x35, 0x2d,
    0x71, 0x6d, 0x61, 0x6b, 0x65, 0x20, 0x71, 0x74, 0x62, 0x61, 0x73, 0x65, 0x35, 0x2d, 0x64, 0x65,
    0x76, 0x2d, 0x74, 0x6f, 0x6f, 0x6c, 0x73, 0x20, 0x71, 0x74, 0x63, 0x72, 0x65, 0x61, 0x74, 0x6f,
    0x72, 0x0a, 0x20, 0x20, 0x66, 0x69, 0x0a, 0x20, 0x20, 0x6c, 0x6f, 0x67, 0x20, 0x22, 0xe5, 0xbc,
    0x80, 0xe5, 0x8f, 0x91, 0xe7, 0x8e, 0xaf, 0xe5, 0xa2, 0x83, 0xe5, 0xae, 0x89, 0xe8, 0xa3, 0x85,
    0xe5, 0xae, 0x8c, 0xe6, 0x88, 0x90, 0xe3, 0x80, 0x82, 0x22, 0x0a, 0x7d, 0x0a, 0x0a, 0x69, 0x6e,
    0x73, 0x74, 0x61, 0x6c, 0x6c, 0x5f, 0x64, 0x6f, 0x63, 0x6b, 0x65, 0x72, 0x28, 0x29, 0x20, 0x7b,
    0x0a, 0x20, 0x20, 0x72, 0x65, 0x71, 0x75, 0x69, 0x72, 0x65, 0x5f, 0x75, 0x62, 0x75, 0x6e, 0x74,
    0x75, 0x0a, 0x20, 0x20, 0x6c, 0x6f, 0x63, 0x61, 0x6c, 0x20, 0x61, 0x72, 0x63, 0x68, 0x20, 0x63,
    0x6f, 0x64, 0x65, 0x6e, 0x61, 0x6d, 0x65, 0x0a, 0x20, 0x20, 0x61, 0x72, 0x63, 0x68, 0x3d, 0x22,
    0x24, 0x28, 0x64, 0x70, 0x6b, 0x67, 0x20, 0x2d, 0x2d, 0x70, 0x72, 0x69, 0x6e, 0x74, 0x2d, 0x61,
    0x72, 0x63, 0x68, 0x69, 0x74, 0x65, 0x63, 0x74, 0x75, 0x72, 0x65, 0x29, 0x22, 0x0a, 0x20, 0x20,
    0x63, 0x6f, 0x64, 0x65, 0x6e, 0x61, 0x6d, 0x65, 0x3d, 0x22, 0x24, 0x28, 0x2e, 0x20, 0x2f, 0x65,
    0x74, 0x63, 0x2f, 0x6f, 0x73, 0x2d, 0x72, 0x65, 0x6c, 0x65, 0x61, 0x73, 0x65, 0x20, 0x26, 0x26,
    0x20, 0x70, 0x72, 0x69, 0x6e, 0x74, 0x66, 0x20, 0x27, 0x25, 0x73, 0x27, 0x20, 0x22, 0x24, 0x56,
    0x45, 0x52, 0x53, 0x49, 0x4f, 0x4e, 0x5f, 0x43, 0x4f, 0x44, 0x45, 0x4e, 0x41, 0x4d, 0x45, 0x22,
    0x29, 0x22, 0x0a, 0x20, 0x20, 0x5b, 0x5b, 0x20, 0x2d, 0x6e, 0x20, 0x22, 0x24, 0x63, 0x6f, 0x64,
    0x65, 0x6e, 0x61, 0x6d, 0x65, 0x22, 0x20, 0x5d, 0x5d, 0x20, 0x7c, 0x7c, 0x20, 0x64, 0x69, 0x65,
    0x20, 0x22, 0xe6, 0x97, 0xa0, 0xe6, 0xb3, 0x95, 0xe8, 0xaf, 0xbb, 0xe5, 0x8f, 0x96, 0x20, 0x55,
    0x62, 0x75, 0x6e, 0x74, 0x75, 0x20, 0x56, 0x45, 0x52, 0x53, 0x49, 0x4f, 0x4e, 0x5f, 0x43, 0x4f,
    0x44, 0x45, 0x4e, 0x41, 0x4d, 0x45, 0xe3, 0x80, 0x82, 0x22, 0x0a, 0x0a, 0x20, 0x20, 0x61, 0x73,
    0x5f, 0x72, 0x6f, 0x6f, 0x74, 0x20, 0x61, 0x70, 0x74, 0x2d, 0x67, 0x65, 0x74, 0x20, 0x75, 0x70,
    0x64, 0x61, 0x74, 0x65, 0x0a, 0x20, 0x20, 0x61, 0x73, 0x5f, 0x72, 0x6f, 0x6f, 0x74, 0x20, 0x65,
    0x6e, 0x76, 0x20, 0x44, 0x45, 0x42, 0x49, 0x41, 0x4e, 0x5f, 0x46, 0x52, 0x4f, 0x4e, 0x54, 0x45,
    0x4e, 0x44, 0x3d, 0x6e, 0x6f, 0x6e, 0x69, 0x6e, 0x74, 0x65, 0x72, 0x61, 0x63, 0x74, 0x69, 0x76,
    0x65, 0x20, 0x61, 0x70, 0x74, 0x2d, 0x67, 0x65, 0x74, 0x20, 0x69, 0x6e, 0x73, 0x74, 0x61, 0x6c,
    0x6c, 0x20, 0x2d, 0x79, 0x20, 0x20, 0x20, 0x20, 0x20, 0x63, 0x61, 0x2d, 0x63, 0x65, 0x72, 0x74,
    0x69, 0x66, 0x69, 0x63, 0x61, 0x74, 0x65, 0x73, 0x20, 0x63, 0x75, 0x72, 0x6c, 0x20, 0x67, 0x6e,
    0x75, 0x70, 0x67, 0x0a, 0x20, 0x20, 0x61, 0x73, 0x5f, 0x72, 0x6f, 0x6f, 0x74, 0x20, 0x69, 0x6e,
    0x73, 0x74, 0x61, 0x6c, 0x6c, 0x20, 0x2d, 0x6d, 0x20, 0x30, 0x37, 0x35, 0x35, 0x20, 0x2d, 0x64,
    0x20, 0x2f, 0x65, 0x74, 0x63, 0x2f, 0x61, 0x70, 0x74, 0x2f, 0x6b, 0x65, 0x79, 0x72, 0x69, 0x6e,
    0x67, 0x73, 0x0a, 0x0a, 0x20, 0x20, 0x69, 0x66, 0x20, 0x28, 0x28, 0x20, 0x44, 0x52, 0x59, 0x5f,
    0x52, 0x55, 0x4e, 0x20, 0x29, 0x29, 0x3b, 0x20, 0x74, 0x68, 0x65, 0x6e, 0x0a, 0x20, 0x20, 0x20,
    0x20, 0x70, 0x72, 0x69, 0x6e, 0x74, 0x66, 0x20, 0x27, 0x5b, 0x64, 0x72, 0x79, 0x2d, 0x72, 0x75,
    0x6e, 0x5d, 0x20, 0x69, 0x6e, 0x73, 0x74, 0x61, 0x6c, 0x6c, 0x20, 0x44, 0x6f, 0x63, 0x6b, 0x65,
    0x72, 0x20, 0x47, 0x50, 0x47, 0x20, 0x6b, 0x65, 0x79, 0x20, 0x2d, 0x3e, 0x20, 0x2f, 0x65, 0x74,
    0x63, 0x2f, 0x61, 0x70, 0x74, 0x2f, 0x6b, 0x65, 0x79, 0x72, 0x69, 0x6e, 0x67, 0x73, 0x2f, 0x64,
    0x6f, 0x63, 0x6b, 0x65, 0x72, 0x2e, 0x67, 0x70, 0x67, 0x5c, 0x6e, 0x27, 0x0a, 0x20, 0x20, 0x65,
    0x6c, 0x73, 0x65, 0x0a, 0x20, 0x20, 0x20, 0x20, 0x63, 0x75, 0x72, 0x6c, 0x20, 0x2d, 0x66, 0x73,
    0x53, 0x4c, 0x20, 0x68, 0x74, 0x74, 0x70, 0x73, 0x3a, 0x2f, 0x2f, 0x64, 0x6f, 0x77, 0x6e, 0x6c,
    0x6f, 0x61, 0x64, 0x2e, 0x64, 0x6f, 0x63, 0x6b, 0x65, 0x72, 0x2e, 0x63, 0x6f, 0x6d, 0x2f, 0x6c,
    0x69, 0x6e, 0x75, 0x78, 0x2f, 0x75, 0x62, 0x75, 0x6e, 0x74, 0x75, 0x2f, 0x67, 0x70, 0x67, 0x20,
    0x20, 0x20, 0x20, 0x20, 0x20, 0x20, 0x7c, 0x20, 0x67, 0x70, 0x67, 0x20, 0x2d, 0x2d, 0x64, 0x65,
    0x61, 0x72, 0x6d, 0x6f, 0x72, 0x20, 0x20, 0x20, 0x20, 0x20, 0x20, 0x20, 0x7c, 0x20, 0x69, 0x66,
    0x20, 0x28, 0x28, 0x20, 0x45, 0x55, 0x49, 0x44, 0x20, 0x3d, 0x3d, 0x20, 0x30, 0x20, 0x29, 0x29,
    0x3b, 0x20, 0x74, 0x68, 0x65, 0x6e, 0x20, 0x63, 0x61, 0x74, 0x20, 0x3e, 0x20, 0x2f, 0x65, 0x74,
    0x63, 0x2f, 0x61, 0x70, 0x74, 0x2f, 0x6b, 0x65, 0x79, 0x72, 0x69, 0x6e, 0x67, 0x73, 0x2f, 0x64,
    0x6f, 0x63, 0x6b, 0x65, 0x72, 0x2e, 0x67, 0x70, 0x67, 0x3b, 0x20, 0x65, 0x6c, 0x73, 0x65, 0x20,
    0x73, 0x75, 0x64, 0x6f, 0x20, 0x74, 0x65, 0x65, 0x20, 0x2f, 0x65, 0x74, 0x63, 0x2f, 0x61, 0x70,
    0x74, 0x2f, 0x6b, 0x65, 0x79, 0x72, 0x69, 0x6e, 0x67, 0x73, 0x2f, 0x64, 0x6f, 0x63, 0x6b, 0x65,
    0x72, 0x2e, 0x67, 0x70, 0x67, 0x20, 0x3e, 0x2f, 0x64, 0x65, 0x76, 0x2f, 0x6e, 0x75, 0x6c, 0x6c,
    0x3b, 0x20, 0x66, 0x69, 0x0a, 0x20, 0x20, 0x20, 0x20, 0x61, 0x73, 0x5f, 0x72, 0x6f, 0x6f, 0x74,
    0x20, 0x63, 0x68, 0x6d, 0x6f, 0x64, 0x20, 0x61, 0x2b, 0x72, 0x20, 0x2f, 0x65, 0x74, 0x63, 0x2f,
    0x61, 0x70, 0x74, 0x2f, 0x6b, 0x65, 0x79, 0x72, 0x69, 0x6e, 0x67, 0x73, 0x2f, 0x64, 0x6f, 0x63,
    0x6b, 0x65, 0x72, 0x2e, 0x67, 0x70, 0x67, 0x0a, 0x20, 0x20, 0x66, 0x69, 0x0a, 0x0a, 0x20, 0x20,
    0x6c, 0x6f, 0x63, 0x61, 0x6c, 0x20, 0x72, 0x65, 0x70, 0x6f, 0x3d, 0x22, 0x64, 0x65, 0x62, 0x20,
    0x5b, 0x61, 0x72, 0x63, 0x68, 0x3d, 0x24, 0x61, 0x72, 0x63, 0x68, 0x20, 0x73, 0x69, 0x67, 0x6e,
    0x65, 0x64, 0x2d, 0x62, 0x79, 0x3d, 0x2f, 0x65, 0x74, 0x63, 0x2f, 0x61, 0x70, 0x74, 0x2f, 0x6b,
    0x65, 0x79, 0x72, 0x69, 0x6e, 0x67, 0x73, 0x2f, 0x64, 0x6f, 0x63, 0x6b, 0x65, 0x72, 0x2e, 0x67,
    0x70, 0x67, 0x5d, 0x20, 0x68, 0x74, 0x74, 0x70, 0x73, 0x3a, 0x2f, 0x2f, 0x64, 0x6f, 0x77, 0x6e,
    0x6c, 0x6f, 0x61, 0x64, 0x2e, 0x64, 0x6f, 0x63, 0x6b, 0x65, 0x72, 0x2e, 0x63, 0x6f, 0x6d, 0x2f,
    0x6c, 0x69, 0x6e, 0x75, 0x78, 0x2f, 0x75, 0x62, 0x75, 0x6e, 0x74, 0x75, 0x20, 0x24, 0x63, 0x6f,
    0x64, 0x65, 0x6e, 0x61, 0x6d, 0x65, 0x20, 0x73, 0x74, 0x61, 0x62, 0x6c, 0x65, 0x22, 0x0a, 0x20,
    0x20, 0x69, 0x66, 0x20, 0x28, 0x28, 0x20, 0x44, 0x52, 0x59, 0x5f, 0x52, 0x55, 0x4e, 0x20, 0x29,
    0x29, 0x3b, 0x20, 0x74, 0x68, 0x65, 0x6e, 0x0a, 0x20, 0x20, 0x20, 0x20, 0x70, 0x72, 0x69, 0x6e,
    0x74, 0x66, 0x20, 0x27, 0x5b, 0x64, 0x72, 0x79, 0x2d, 0x72, 0x75, 0x6e, 0x5d, 0x20, 0x77, 0x72,
    0x69, 0x74, 0x65, 0x20, 0x25, 0x71, 0x20, 0x74, 0x6f, 0x20, 0x2f, 0x65, 0x74, 0x63, 0x2f, 0x61,
    0x70, 0x74, 0x2f, 0x73, 0x6f, 0x75, 0x72, 0x63, 0x65, 0x73, 0x2e, 0x6c, 0x69, 0x73, 0x74, 0x2e,
    0x64, 0x2f, 0x64, 0x6f, 0x63, 0x6b, 0x65, 0x72, 0x2e, 0x6c, 0x69, 0x73, 0x74, 0x5c, 0x6e, 0x27,
    0x20, 0x22, 0x24, 0x72, 0x65, 0x70, 0x6f, 0x22, 0x0a, 0x20, 0x20, 0x65, 0x6c, 0x69, 0x66, 0x20,
    0x28, 0x28, 0x20, 0x45, 0x55, 0x49, 0x44, 0x20, 0x3d, 0x3d, 0x20, 0x30, 0x20, 0x29, 0x29, 0x3b,
    0x20, 0x74, 0x68, 0x65, 0x6e, 0x0a, 0x20, 0x20, 0x20, 0x20, 0x70, 0x72, 0x69, 0x6e, 0x74, 0x66,
    0x20, 0x27, 0x25, 0x73, 0x5c, 0x6e, 0x27, 0x20, 0x22, 0x24, 0x72, 0x65, 0x70, 0x6f, 0x22, 0x20,
    0x3e, 0x20, 0x2f, 0x65, 0x74, 0x63, 0x2f, 0x61, 0x70, 0x74, 0x2f, 0x73, 0x6f, 0x75, 0x72, 0x63,
    0x65, 0x73, 0x2e, 0x6c, 0x69, 0x73, 0x74, 0x2e, 0x64, 0x2f, 0x64, 0x6f, 0x63, 0x6b, 0x65, 0x72,
    0x2e, 0x6c, 0x69, 0x73, 0x74, 0x0a, 0x20, 0x20, 0x65, 0x6c, 0x73, 0x65, 0x0a, 0x20, 0x20, 0x20,
    0x20, 0x70, 0x72, 0x69, 0x6e, 0x74, 0x66, 0x20, 0x27, 0x25, 0x73, 0x5c, 0x6e, 0x27, 0x20, 0x22,
    0x24, 0x72, 0x65, 0x70, 0x6f, 0x22, 0x20, 0x7c, 0x20, 0x73, 0x75, 0x64, 0x6f, 0x20, 0x74, 0x65,
    0x65, 0x20, 0x2f, 0x65, 0x74, 0x63, 0x2f, 0x61, 0x70, 0x74, 0x2f, 0x73, 0x6f, 0x75, 0x72, 0x63,
    0x65, 0x73, 0x2e, 0x6c, 0x69, 0x73, 0x74, 0x2e, 0x64, 0x2f, 0x64, 0x6f, 0x63, 0x6b, 0x65, 0x72,
    0x2e, 0x6c, 0x69, 0x73, 0x74, 0x20, 0x3e, 0x2f, 0x64, 0x65, 0x76, 0x2f, 0x6e, 0x75, 0x6c, 0x6c,
    0x0a, 0x20, 0x20, 0x66, 0x69, 0x0a, 0x0a, 0x20, 0x20, 0x61, 0x73, 0x5f, 0x72, 0x6f, 0x6f, 0x74,
    0x20, 0x61, 0x70, 0x74, 0x2d, 0x67, 0x65, 0x74, 0x20, 0x75, 0x70, 0x64, 0x61, 0x74, 0x65, 0x0a,
    0x20, 0x20, 0x61, 0x73, 0x5f, 0x72, 0x6f, 0x6f, 0x74, 0x20, 0x65, 0x6e, 0x76, 0x20, 0x44, 0x45,
    0x42, 0x49, 0x41, 0x4e, 0x5f, 0x46, 0x52, 0x4f, 0x4e, 0x54, 0x45, 0x4e, 0x44, 0x3d, 0x6e, 0x6f,
    0x6e, 0x69, 0x6e, 0x74, 0x65, 0x72, 0x61, 0x63, 0x74, 0x69, 0x76, 0x65, 0x20, 0x61, 0x70, 0x74,
    0x2d, 0x67, 0x65, 0x74, 0x20, 0x69, 0x6e, 0x73, 0x74, 0x61, 0x6c, 0x6c, 0x20, 0x2d, 0x79, 0x20,
    0x20, 0x20, 0x20, 0x20, 0x64, 0x6f, 0x63, 0x6b, 0x65, 0x72, 0x2d, 0x63, 0x65, 0x20, 0x64, 0x6f,
    0x63, 0x6b, 0x65, 0x72, 0x2d, 0x63, 0x65, 0x2d, 0x63, 0x6c, 0x69, 0x20, 0x63, 0x6f, 0x6e, 0x74,
    0x61, 0x69, 0x6e, 0x65, 0x72, 0x64, 0x2e, 0x69, 0x6f, 0x20, 0x64, 0x6f, 0x63, 0x6b, 0x65, 0x72,
    0x2d, 0x62, 0x75, 0x69, 0x6c, 0x64, 0x78, 0x2d, 0x70, 0x6c, 0x75, 0x67, 0x69, 0x6e, 0x20, 0x64,
    0x6f, 0x63, 0x6b, 0x65, 0x72, 0x2d, 0x63, 0x6f, 0x6d, 0x70, 0x6f, 0x73, 0x65, 0x2d, 0x70, 0x6c,
    0x75, 0x67, 0x69, 0x6e, 0x0a, 0x20, 0x20, 0x61, 0x73, 0x5f, 0x72, 0x6f, 0x6f, 0x74, 0x20, 0x73,
    0x79, 0x73, 0x74, 0x65, 0x6d, 0x63, 0x74, 0x6c, 0x20, 0x65, 0x6e, 0x61, 0x62, 0x6c, 0x65, 0x20,
    0x2d, 0x2d, 0x6e, 0x6f, 0x77, 0x20, 0x64, 0x6f, 0x63, 0x6b, 0x65, 0x72, 0x0a, 0x0a, 0x20, 0x20,
    0x6c, 0x6f, 0x63, 0x61, 0x6c, 0x20, 0x6c, 0x6f, 0x67, 0x69, 0x6e, 0x5f, 0x75, 0x73, 0x65, 0x72,
    0x3d, 0x22, 0x24, 0x7b, 0x53, 0x55, 0x44, 0x4f, 0x5f, 0x55, 0x53, 0x45, 0x52, 0x3a, 0x2d, 0x24,
    0x7b, 0x55, 0x53, 0x45, 0x52, 0x3a, 0x2d, 0x24, 0x28, 0x69, 0x64, 0x20, 0x2d, 0x75, 0x6e, 0x29,
    0x7d, 0x7d, 0x22, 0x0a, 0x20, 0x20, 0x69, 0x66, 0x20, 0x5b, 0x5b, 0x20, 0x22, 0x24, 0x6c, 0x6f,
    0x67, 0x69, 0x6e, 0x5f, 0x75, 0x73, 0x65, 0x72, 0x22, 0x20, 0x21, 0x3d, 0x20, 0x22, 0x72, 0x6f,
    0x6f, 0x74, 0x22, 0x20, 0x5d, 0x5d, 0x20, 0x26, 0x26, 0x20, 0x63, 0x6f, 0x6e, 0x66, 0x69, 0x72,
    0x6d, 0x20, 0x22, 0xe5, 0xb0, 0x86, 0xe5, 0xbd, 0x93, 0xe5, 0x89, 0x8d, 0xe7, 0x99, 0xbb, 0xe5,
    0xbd, 0x95, 0xe7, 0x94, 0xa8, 0xe6, 0x88, 0xb7, 0x20, 0x24, 0x6c, 0x6f, 0x67, 0x69, 0x6e, 0x5f,
    0x75, 0x73, 0x65, 0x72, 0x20, 0xe5, 0x8a, 0xa0, 0xe5, 0x85, 0xa5, 0x20, 0x64, 0x6f, 0x63, 0x6b,
    0x65, 0x72, 0x20, 0xe7, 0xbb, 0x84, 0xef, 0xbc, 0x9f, 0x22, 0x3b, 0x20, 0x74, 0x68, 0x65, 0x6e,
    0x0a, 0x20, 0x20, 0x20, 0x20, 0x61, 0x73, 0x5f, 0x72, 0x6f, 0x6f, 0x74, 0x20, 0x75, 0x73, 0x65,
    0x72, 0x6d, 0x6f, 0x64, 0x20, 0x2d, 0x61, 0x47, 0x20, 0x64, 0x6f, 0x63, 0x6b, 0x65, 0x72, 0x20,
    0x22, 0x24, 0x6c, 0x6f, 0x67, 0x69, 0x6e, 0x5f, 0x75, 0x73, 0x65, 0x72, 0x22, 0x0a, 0x20, 0x20,
    0x20, 0x20, 0x77, 0x61, 0x72, 0x6e, 0x20, 0x22, 0x64, 0x6f, 0x63, 0x6b, 0x65, 0x72, 0x20, 0xe7,
    0xbb, 0x84, 0xe6, 0x9d, 0x83, 0xe9, 0x99, 0x90, 0xe9, 0x9c, 0x80, 0xe9, 0x87, 0x8d, 0xe6, 0x96,
    0xb0, 0xe7, 0x99, 0xbb, 0xe5, 0xbd, 0x95, 0xe5, 0x90, 0x8e, 0xe7, 0x94, 0x9f, 0xe6, 0x95, 0x88,
    0xe3, 0x80, 0x82, 0x22, 0x0a, 0x20, 0x20, 0x66, 0x69, 0x0a, 0x20, 0x20, 0x6c, 0x6f, 0x67, 0x20,
    0x22, 0x44, 0x6f, 0x63, 0x6b, 0x65, 0x72, 0x20, 0xe5, 0xae, 0x89, 0xe8, 0xa3, 0x85, 0xe5, 0xae,
    0x8c, 0xe6, 0x88, 0x90, 0xe3, 0x80, 0x82, 0x22, 0x0a, 0x7d, 0x0a, 0x0a, 0x69, 0x6e, 0x73, 0x74,
    0x61, 0x6c, 0x6c, 0x5f, 0x72, 0x69, 0x67, 0x5f, 0x6d, 0x61, 0x6e, 0x61, 0x67, 0x65, 0x72, 0x28,
    0x29, 0x20, 0x7b, 0x0a, 0x20, 0x20, 0x6c, 0x6f, 0x63, 0x61, 0x6c, 0x20, 0x6b, 0x65, 0x79, 0x5f,
    0x74, 0x6d, 0x70, 0x3d, 0x22, 0x2f, 0x74, 0x6d, 0x70, 0x2f, 0x72, 0x69, 0x67, 0x2e, 0x67, 0x70,
    0x67, 0x22, 0x0a, 0x20, 0x20, 0x6c, 0x6f, 0x63, 0x61, 0x6c, 0x20, 0x72, 0x65, 0x70, 0x6f, 0x3d,
    0x27, 0x64, 0x65, 0x62, 0x20, 0x68, 0x74, 0x74, 0x70, 0x73, 0x3a, 0x2f, 0x2f, 0x72, 0x69, 0x67,
    0x2e, 0x72, 0x2d, 0x70, 0x6b, 0x67, 0x2e, 0x6f, 0x72, 0x67, 0x2f, 0x64, 0x65, 0x62, 0x20, 0x72,
    0x69, 0x67, 0x20, 0x6d, 0x61, 0x69, 0x6e, 0x27, 0x0a, 0x0a, 0x20, 0x20, 0x61, 0x73, 0x5f, 0x72,
    0x6f, 0x6f, 0x74, 0x20, 0x61, 0x70, 0x74, 0x2d, 0x67, 0x65, 0x74, 0x20, 0x75, 0x70, 0x64, 0x61,
    0x74, 0x65, 0x0a, 0x20, 0x20, 0x61, 0x73, 0x5f, 0x72, 0x6f, 0x6f, 0x74, 0x20, 0x65, 0x6e, 0x76,
    0x20, 0x44, 0x45, 0x42, 0x49, 0x41, 0x4e, 0x5f, 0x46, 0x52, 0x4f, 0x4e, 0x54, 0x45, 0x4e, 0x44,
    0x3d, 0x6e, 0x6f, 0x6e, 0x69, 0x6e, 0x74, 0x65, 0x72, 0x61, 0x63, 0x74, 0x69, 0x76, 0x65, 0x20,
    0x61, 0x70, 0x74, 0x2d, 0x67, 0x65, 0x74, 0x20, 0x69, 0x6e, 0x73, 0x74, 0x61, 0x6c, 0x6c, 0x20,
    0x2d, 0x79, 0x20, 0x63, 0x75, 0x72, 0x6c, 0x20, 0x63, 0x61, 0x2d, 0x63, 0x65, 0x72, 0x74, 0x69,
    0x66, 0x69, 0x63, 0x61, 0x74, 0x65, 0x73, 0x0a, 0x0a, 0x20, 0x20, 0x69, 0x66, 0x20, 0x28, 0x28,
    0x20, 0x44, 0x52, 0x59, 0x5f, 0x52, 0x55, 0x4e, 0x20, 0x29, 0x29, 0x3b, 0x20, 0x74, 0x68, 0x65,
    0x6e, 0x0a, 0x20, 0x20, 0x20, 0x20, 0x70, 0x72, 0x69, 0x6e, 0x74, 0x66, 0x20, 0x27, 0x5b, 0x64,
    0x72, 0x79, 0x2d, 0x72, 0x75, 0x6e, 0x5d, 0x20, 0x63, 0x75, 0x72, 0x6c, 0x20, 0x2d, 0x66, 0x4c,
    0x20, 0x68, 0x74, 0x74, 0x70, 0x73, 0x3a, 0x2f, 0x2f, 0x72, 0x69, 0x67, 0x2e, 0x72, 0x2d, 0x70,
    0x6b, 0x67, 0x2e, 0x6f, 0x72, 0x67, 0x2f, 0x64, 0x65, 0x62, 0x2f, 0x72, 0x69, 0x67, 0x2e, 0x67,
    0x70, 0x67, 0x20, 0x2d, 0x6f, 0x20, 0x25, 0x71, 0x5c, 0x6e, 0x27, 0x20, 0x22, 0x24, 0x6b, 0x65,
    0x79, 0x5f, 0x74, 0x6d, 0x70, 0x22, 0x0a, 0x20, 0x20, 0x65, 0x6c, 0x73, 0x65, 0x0a, 0x20, 0x20,
    0x20, 0x20, 0x63, 0x75, 0x72, 0x6c, 0x20, 0x2d, 0x66, 0x4c, 0x20, 0x68, 0x74, 0x74, 0x70, 0x73,
    0x3a, 0x2f, 0x2f, 0x72, 0x69, 0x67, 0x2e, 0x72, 0x2d, 0x70, 0x6b, 0x67, 0x2e, 0x6f, 0x72, 0x67,
    0x2f, 0x64, 0x65, 0x62, 0x2f, 0x72, 0x69, 0x67, 0x2e, 0x67, 0x70, 0x67, 0x20, 0x2d, 0x6f, 0x20,
    0x22, 0x24, 0x6b, 0x65, 0x79, 0x5f, 0x74, 0x6d, 0x70, 0x22, 0x0a, 0x20, 0x20, 0x66, 0x69, 0x0a,
    0x20, 0x20, 0x61, 0x73, 0x5f, 0x72, 0x6f, 0x6f, 0x74, 0x20, 0x69, 0x6e, 0x73, 0x74, 0x61, 0x6c,
    0x6c, 0x20, 0x2d, 0x6d, 0x20, 0x30, 0x36, 0x34, 0x34, 0x20, 0x22, 0x24, 0x6b, 0x65, 0x79, 0x5f,
    0x74, 0x6d, 0x70, 0x22, 0x20, 0x2f, 0x65, 0x74, 0x63, 0x2f, 0x61, 0x70, 0x74, 0x2f, 0x74, 0x72,
    0x75, 0x73, 0x74, 0x65, 0x64, 0x2e, 0x67, 0x70, 0x67, 0x2e, 0x64, 0x2f, 0x72, 0x69, 0x67, 0x2e,
    0x67, 0x70, 0x67, 0x0a, 0x20, 0x20, 0x77, 0x72, 0x69, 0x74, 0x65, 0x5f, 0x72, 0x6f, 0x6f, 0x74,
    0x5f, 0x66, 0x69, 0x6c, 0x65, 0x20, 0x2f, 0x65, 0x74, 0x63, 0x2f, 0x61, 0x70, 0x74, 0x2f, 0x73,
    0x6f, 0x75, 0x72, 0x63, 0x65, 0x73, 0x2e, 0x6c, 0x69, 0x73, 0x74, 0x2e, 0x64, 0x2f, 0x72, 0x69,
    0x67, 0x2e, 0x6c, 0x69, 0x73, 0x74, 0x20, 0x22, 0x24, 0x72, 0x65, 0x70, 0x6f, 0x22, 0x0a, 0x0a,
    0x20, 0x20, 0x61, 0x73, 0x5f, 0x72, 0x6f, 0x6f, 0x74, 0x20, 0x61, 0x70, 0x74, 0x2d, 0x67, 0x65,
    0x74, 0x20, 0x75, 0x70, 0x64, 0x61, 0x74, 0x65, 0x0a, 0x20, 0x20, 0x61, 0x73, 0x5f, 0x72, 0x6f,
    0x6f, 0x74, 0x20, 0x65, 0x6e, 0x76, 0x20, 0x44, 0x45, 0x42, 0x49, 0x41, 0x4e, 0x5f, 0x46, 0x52,
    0x4f, 0x4e, 0x54, 0x45, 0x4e, 0x44, 0x3d, 0x6e, 0x6f, 0x6e, 0x69, 0x6e, 0x74, 0x65, 0x72, 0x61,
    0x63, 0x74, 0x69, 0x76, 0x65, 0x20, 0x61, 0x70, 0x74, 0x2d, 0x67, 0x65, 0x74, 0x20, 0x69, 0x6e,
    0x73, 0x74, 0x61, 0x6c, 0x6c, 0x20, 0x2d, 0x79, 0x20, 0x72, 0x2d, 0x72, 0x69, 0x67, 0x0a, 0x0a,
    0x20, 0x20, 0x69, 0x66, 0x20, 0x28, 0x28, 0x20, 0x44, 0x52, 0x59, 0x5f, 0x52, 0x55, 0x4e, 0x20,
    0x3d, 0x3d, 0x20, 0x30, 0x20, 0x29, 0x29, 0x3b, 0x20, 0x74, 0x68, 0x65, 0x6e, 0x0a, 0x20, 0x20,
    0x20, 0x20, 0x72, 0x69, 0x67, 0x20, 0x2d, 0x2d, 0x76, 0x65, 0x72, 0x73, 0x69, 0x6f, 0x6e, 0x0a,
    0x20, 0x20, 0x66, 0x69, 0x0a, 0x20, 0x20, 0x6c, 0x6f, 0x67, 0x20, 0x22, 0x52, 0x20, 0x49, 0x6e,
    0x73, 0x74, 0x61, 0x6c, 0x6c, 0x61, 0x74, 0x69, 0x6f, 0x6e, 0x20, 0x4d, 0x61, 0x6e, 0x61, 0x67,
    0x65, 0x72, 0x20, 0x28, 0x72, 0x69, 0x67, 0x29, 0x20, 0xe5, 0xb7, 0xb2, 0xe5, 0xae, 0x89, 0xe8,
    0xa3, 0x85, 0x2f, 0xe6, 0x9b, 0xb4, 0xe6, 0x96, 0xb0, 0xe3, 0x80, 0x82, 0x22, 0x0a, 0x7d, 0x0a,
    0x0a, 0x65, 0x6e, 0x73, 0x75, 0x72, 0x65, 0x5f, 0x72, 0x69, 0x67, 0x28, 0x29, 0x20, 0x7b, 0x0a,
    0x20, 0x20, 0x69, 0x66, 0x20, 0x63, 0x6f, 0x6d, 0x6d, 0x61, 0x6e, 0x64, 0x20, 0x2d, 0x76, 0x20,
    0x72, 0x69, 0x67, 0x20, 0x3e, 0x2f, 0x64, 0x65, 0x76, 0x2f, 0x6e, 0x75, 0x6c, 0x6c, 0x20, 0x32,
    0x3e, 0x26, 0x31, 0x3b, 0x20, 0x74, 0x68, 0x65, 0x6e, 0x0a, 0x20, 0x20, 0x20, 0x20, 0x72, 0x65,
    0x74, 0x75, 0x72, 0x6e, 0x20, 0x30, 0x0a, 0x20, 0x20, 0x66, 0x69, 0x0a, 0x20, 0x20, 0x77, 0x61,
    0x72, 0x6e, 0x20, 0x22, 0xe5, 0xb0, 0x9a, 0xe6, 0x9c, 0xaa, 0xe5, 0xae, 0x89, 0xe8, 0xa3, 0x85,
    0x20, 0x72, 0x69, 0x67, 0xe3, 0x80, 0x82, 0x22, 0x0a, 0x20, 0x20, 0x69, 0x66, 0x20, 0x63, 0x6f,
    0x6e, 0x66, 0x69, 0x72, 0x6d, 0x20, 0x22, 0xe7, 0x8e, 0xb0, 0xe5, 0x9c, 0xa8, 0xe5, 0xae, 0x89,
    0xe8, 0xa3, 0x85, 0x20, 0x72, 0x69, 0x67, 0xef, 0xbc, 0x9f, 0x22, 0x20, 0x22, 0x59, 0x22, 0x3b,
    0x20, 0x74, 0x68, 0x65, 0x6e, 0x0a, 0x20, 0x20, 0x20, 0x20, 0x69, 0x6e, 0x73, 0x74, 0x61, 0x6c,
    0x6c, 0x5f, 0x72, 0x69, 0x67, 0x5f, 0x6d, 0x61, 0x6e, 0x61, 0x67, 0x65, 0x72, 0x0a, 0x20, 0x20,
    0x65, 0x6c, 0x73, 0x65, 0x0a, 0x20, 0x20, 0x20, 0x20, 0x72, 0x65, 0x74, 0x75, 0x72, 0x6e, 0x20,
    0x31, 0x0a, 0x20, 0x20, 0x66, 0x69, 0x0a, 0x7d, 0x0a, 0x0a, 0x73, 0x79, 0x6e, 0x63, 0x5f, 0x72,
    0x73, 0x74, 0x75, 0x64, 0x69, 0x6f, 0x5f, 0x72, 0x5f, 0x70, 0x61, 0x74, 0x68, 0x28, 0x29, 0x20,
    0x7b, 0x0a, 0x20, 0x20, 0x6c, 0x6f, 0x63, 0x61, 0x6c, 0x20, 0x72, 0x5f, 0x62, 0x69, 0x6e, 0x0a,
    0x20, 0x20, 0x72, 0x5f, 0x62, 0x69, 0x6e, 0x3d, 0x22, 0x24, 0x28, 0x63, 0x6f, 0x6d, 0x6d, 0x61,
    0x6e, 0x64, 0x20, 0x2d, 0x76, 0x20, 0x52, 0x20, 0x32, 0x3e, 0x2f, 0x64, 0x65, 0x76, 0x2f, 0x6e,
    0x75, 0x6c, 0x6c, 0x20, 0x7c, 0x7c, 0x20, 0x74, 0x72, 0x75, 0x65, 0x29, 0x22, 0x0a, 0x20, 0x20,
    0x69, 0x66, 0x20, 0x5b, 0x5b, 0x20, 0x2d, 0x7a, 0x20, 0x22, 0x24, 0x72, 0x5f, 0x62, 0x69, 0x6e,
    0x22, 0x20, 0x5d, 0x5d, 0x20, 0x26, 0x26, 0x20, 0x28, 0x28, 0x20, 0x44, 0x52, 0x59, 0x5f, 0x52,
    0x55, 0x4e, 0x20, 0x29, 0x29, 0x3b, 0x20, 0x74, 0x68, 0x65, 0x6e, 0x0a, 0x20, 0x20, 0x20, 0x20,
    0x72, 0x5f, 0x62, 0x69, 0x6e, 0x3d, 0x22, 0x2f, 0x75, 0x73, 0x72, 0x2f, 0x6c, 0x6f, 0x63, 0x61,
    0x6c, 0x2f, 0x62, 0x69, 0x6e, 0x2f, 0x52, 0x22, 0x0a, 0x20, 0x20, 0x20, 0x20, 0x69, 0x6e, 0x66,
    0x6f, 0x20, 0x22, 0x64, 0x72, 0x79, 0x2d, 0x72, 0x75, 0x6e, 0xef, 0xbc, 0x9a, 0xe5, 0x81, 0x87,
    0xe5, 0xae, 0x9a, 0x20, 0x72, 0x69, 0x67, 0x20, 0xe9, 0xbb, 0x98, 0xe8, 0xae, 0xa4, 0x20, 0x52,
    0x20, 0xe9, 0x93, 0xbe, 0xe6, 0x8e, 0xa5, 0xe4, 0xb8, 0xba, 0x20, 0x24, 0x72, 0x5f, 0x62, 0x69,
    0x6e, 0xe3, 0x80, 0x82, 0x22, 0x0a, 0x20, 0x20, 0x66, 0x69, 0x0a, 0x20, 0x20, 0x5b, 0x5b, 0x20,
    0x2d, 0x6e, 0x20, 0x22, 0x24, 0x72, 0x5f, 0x62, 0x69, 0x6e, 0x22, 0x20, 0x5d, 0x5d, 0x20, 0x7c,
    0x7c, 0x20, 0x7b, 0x20, 0x77, 0x61, 0x72, 0x6e, 0x20, 0x22, 0xe6, 0x89, 0xbe, 0xe4, 0xb8, 0x8d,
    0xe5, 0x88, 0xb0, 0xe5, 0xbd, 0x93, 0xe5, 0x89, 0x8d, 0xe9, 0xbb, 0x98, 0xe8, 0xae, 0xa4, 0x20,
    0x52, 0xef, 0xbc, 0x8c, 0xe6, 0x97, 0xa0, 0xe6, 0xb3, 0x95, 0xe5, 0x90, 0x8c, 0xe6, 0xad, 0xa5,
    0x20, 0x52, 0x53, 0x74, 0x75, 0x64, 0x69, 0x6f, 0xe3, 0x80, 0x82, 0x22, 0x3b, 0x20, 0x72, 0x65,
    0x74, 0x75, 0x72, 0x6e, 0x20, 0x31, 0x3b, 0x20, 0x7d, 0x0a, 0x0a, 0x20, 0x20, 0x69, 0x66, 0x20,
    0x64, 0x70, 0x6b, 0x67, 0x2d, 0x71, 0x75, 0x65, 0x72, 0x79, 0x20, 0x2d, 0x57, 0x20, 0x2d, 0x66,
    0x3d, 0x27, 0x24, 0x7b, 0x53, 0x74, 0x61, 0x74, 0x75, 0x73, 0x7d, 0x27, 0x20, 0x72, 0x73, 0x74,
    0x75, 0x64, 0x69, 0x6f, 0x2d, 0x73, 0x65, 0x72, 0x76, 0x65, 0x72, 0x20, 0x32, 0x3e, 0x2f, 0x64,
    0x65, 0x76, 0x2f, 0x6e, 0x75, 0x6c, 0x6c, 0x20, 0x7c, 0x20, 0x67, 0x72, 0x65, 0x70, 0x20, 0x2d,
    0x46, 0x71, 0x20, 0x27, 0x69, 0x6e, 0x73, 0x74, 0x61, 0x6c, 0x6c, 0x20, 0x6f, 0x6b, 0x20, 0x69,
    0x6e, 0x73, 0x74, 0x61, 0x6c, 0x6c, 0x65, 0x64, 0x27, 0x3b, 0x20, 0x74, 0x68, 0x65, 0x6e, 0x0a,
    0x20, 0x20, 0x20, 0x20, 0x62, 0x61, 0x63, 0x6b, 0x75, 0x70, 0x5f, 0x66, 0x69, 0x6c, 0x65, 0x20,
    0x2f, 0x65, 0x74, 0x63, 0x2f, 0x72, 0x73, 0x74, 0x75, 0x64, 0x69, 0x6f, 0x2f, 0x72, 0x73, 0x65,
    0x72, 0x76, 0x65, 0x72, 0x2e, 0x63, 0x6f, 0x6e, 0x66, 0x0a, 0x20, 0x20, 0x20, 0x20, 0x73, 0x65,
    0x74, 0x5f, 0x72, 0x6f, 0x6f, 0x74, 0x5f, 0x63, 0x6f, 0x6e, 0x66, 0x69, 0x67, 0x5f, 0x76, 0x61,
    0x6c, 0x75, 0x65, 0x20, 0x2f, 0x65, 0x74, 0x63, 0x2f, 0x72, 0x73, 0x74, 0x75, 0x64, 0x69, 0x6f,
    0x2f, 0x72, 0x73, 0x65, 0x72, 0x76, 0x65, 0x72, 0x2e, 0x63, 0x6f, 0x6e, 0x66, 0x20, 0x22, 0x72,
    0x73, 0x65, 0x73, 0x73, 0x69, 0x6f, 0x6e, 0x2d, 0x77, 0x68, 0x69, 0x63, 0x68, 0x2d, 0x72, 0x22,
    0x20, 0x22, 0x24, 0x72, 0x5f, 0x62, 0x69, 0x6e, 0x22, 0x0a, 0x20, 0x20, 0x20, 0x20, 0x69, 0x66,
    0x20, 0x63, 0x6f, 0x6e, 0x66, 0x69, 0x72, 0x6d, 0x20, 0x22, 0x52, 0x20, 0xe9, 0xbb, 0x98, 0xe8,
    0xae, 0xa4, 0xe7, 0x89, 0x88, 0xe6, 0x9c, 0xac, 0xe5, 0xb7, 0xb2, 0xe5, 0x8f, 0x98, 0xe5, 0x8c,
    0x96, 0xef, 0xbc, 0x8c, 0xe6, 0x98, 0xaf, 0xe5, 0x90, 0xa6, 0xe9, 0x87, 0x8d, 0xe5, 0x90, 0xaf,
    0x20, 0x52, 0x53, 0x74, 0x75, 0x64, 0x69, 0x6f, 0x20, 0x53, 0x65, 0x72, 0x76, 0x65, 0x72, 0x20,
    0xe4, 0xbd, 0xbf, 0xe5, 0x85, 0xb6, 0xe7, 0x94, 0x9f, 0xe6, 0x95, 0x88, 0xef, 0xbc, 0x9f, 0x22,
    0x20, 0x22, 0x59, 0x22, 0x3b, 0x20, 0x74, 0x68, 0x65, 0x6e, 0x0a, 0x20, 0x20, 0x20, 0x20, 0x20,
    0x20, 0x61, 0x73, 0x5f, 0x72, 0x6f, 0x6f, 0x74, 0x20, 0x73, 0x79, 0x73, 0x74, 0x65, 0x6d, 0x63,
    0x74, 0x6c, 0x20, 0x72, 0x65, 0x73, 0x74, 0x61, 0x72, 0x74, 0x20, 0x72, 0x73, 0x74, 0x75, 0x64,
    0x69, 0x6f, 0x2d, 0x73, 0x65, 0x72, 0x76, 0x65, 0x72, 0x0a, 0x20, 0x20, 0x20, 0x20, 0x66, 0x69,
    0x0a, 0x20, 0x20, 0x20, 0x20, 0x6c, 0x6f, 0x67, 0x20, 0x22, 0x52, 0x53, 0x74, 0x75, 0x64, 0x69,
    0x6f, 0x20, 0x53, 0x65, 0x72, 0x76, 0x65, 0x72, 0x20, 0xe5, 0xb7, 0xb2, 0xe6, 0x8c, 0x87, 0xe5,
    0x90, 0x91, 0x3a, 0x20, 0x24, 0x72, 0x5f, 0x62, 0x69, 0x6e, 0x22, 0x0a, 0x20, 0x20, 0x66, 0x69,
    0x0a, 0x7d, 0x0a, 0x0a, 0x69, 0x6e, 0x73, 0x74, 0x61, 0x6c, 0x6c, 0x5f, 0x63, 0x6f, 0x6d, 0x6d,
    0x6f, 0x6e, 0x5f, 0x72, 0x5f, 0x70, 0x61, 0x63, 0x6b, 0x61, 0x67, 0x65, 0x73, 0x28, 0x29, 0x20,
    0x7b, 0x0a, 0x20, 0x20, 0x6c, 0x6f, 0x63, 0x61, 0x6c, 0x20, 0x64, 0x61, 0x74, 0x61, 0x5f, 0x6d,
    0x6f, 0x75, 0x6e, 0x74, 0x20, 0x6c, 0x69, 0x62, 0x5f, 0x64, 0x69, 0x72, 0x20, 0x72, 0x5f, 0x6d,
    0x6d, 0x0a, 0x20, 0x20, 0x63, 0x6f, 0x6d, 0x6d, 0x61, 0x6e, 0x64, 0x20, 0x2d, 0x76, 0x20, 0x52,
    0x73, 0x63, 0x72, 0x69, 0x70, 0x74, 0x20, 0x3e, 0x2f, 0x64, 0x65, 0x76, 0x2f, 0x6e, 0x75, 0x6c,
    0x6c, 0x20, 0x32, 0x3e, 0x26, 0x31, 0x20, 0x7c, 0x7c, 0x20, 0x7b, 0x20, 0x77, 0x61, 0x72, 0x6e,
    0x20, 0x22, 0xe5, 0xbd, 0x93, 0xe5, 0x89, 0x8d, 0xe6, 0xb2, 0xa1, 0xe6, 0x9c, 0x89, 0xe9, 0xbb,
    0x98, 0xe8, 0xae, 0xa4, 0x20, 0x52, 0x73, 0x63, 0x72, 0x69, 0x70, 0x74, 0xe3, 0x80, 0x82, 0x22,
    0x3b, 0x20, 0x72, 0x65, 0x74, 0x75, 0x72, 0x6e, 0x20, 0x31, 0x3b, 0x20, 0x7d, 0x0a, 0x0a, 0x20,
    0x20, 0x72, 0x65, 0x61, 0x64, 0x20, 0x2d, 0x72, 0x20, 0x2d, 0x70, 0x20, 0x22, 0xe5, 0x85, 0xb1,
    0xe4, 0xba, 0xab, 0x20, 0x52, 0x20, 0x6c, 0x69, 0x62, 0x72, 0x61, 0x72, 0x79, 0x20, 0xe6, 0xa0,
    0xb9, 0xe7, 0x9b, 0xae, 0xe5, 0xbd, 0x95, 0x20, 0x5b, 0x24, 0x44, 0x41, 0x54, 0x41, 0x5f, 0x4d,
    0x4f, 0x55, 0x4e, 0x54, 0x5f, 0x44, 0x45, 0x46, 0x41, 0x55, 0x4c, 0x54, 0x2f, 0x52, 0x5f, 0x4c,
    0x69, 0x62, 0x5d, 0x3a, 0x20, 0x22, 0x20, 0x64, 0x61, 0x74, 0x61, 0x5f, 0x6d, 0x6f, 0x75, 0x6e,
    0x74, 0x0a, 0x20, 0x20, 0x5b, 0x5b, 0x20, 0x2d, 0x6e, 0x20, 0x22, 0x24, 0x64, 0x61, 0x74, 0x61,
    0x5f, 0x6d, 0x6f, 0x75, 0x6e, 0x74, 0x22, 0x20, 0x5d, 0x5d, 0x20, 0x7c, 0x7c, 0x20, 0x64, 0x61,
    0x74, 0x61, 0x5f, 0x6d, 0x6f, 0x75, 0x6e, 0x74, 0x3d, 0x22, 0x24, 0x44, 0x41, 0x54, 0x41, 0x5f,
    0x4d, 0x4f, 0x55, 0x4e, 0x54, 0x5f, 0x44, 0x45, 0x46, 0x41, 0x55, 0x4c, 0x54, 0x2f, 0x52, 0x5f,
    0x4c, 0x69, 0x62, 0x22, 0x0a, 0x0a, 0x20, 0x20, 0x72, 0x5f, 0x6d, 0x6d, 0x3d, 0x22, 0x24, 0x28,
    0x52, 0x73, 0x63, 0x72, 0x69, 0x70, 0x74, 0x20, 0x2d, 0x65, 0x20, 0x27, 0x63, 0x61, 0x74, 0x28,
    0x70, 0x61, 0x73, 0x74, 0x65, 0x28, 0x52, 0x2e, 0x76, 0x65, 0x72, 0x73, 0x69, 0x6f, 0x6e, 0x24,
    0x6d, 0x61, 0x6a, 0x6f, 0x72, 0x2c, 0x20, 0x73, 0x74, 0x72, 0x73, 0x70, 0x6c, 0x69, 0x74, 0x28,
    0x52, 0x2e, 0x76, 0x65, 0x72, 0x73, 0x69, 0x6f, 0x6e, 0x24, 0x6d, 0x69, 0x6e, 0x6f, 0x72, 0x2c,
    0x20, 0x22, 0x5c, 0x5c, 0x2e, 0x22, 0x29, 0x5b, 0x5b, 0x31, 0x5d, 0x5d, 0x5b, 0x31, 0x5d, 0x2c,
    0x20, 0x73, 0x65, 0x70, 0x3d, 0x22, 0x2e, 0x22, 0x29, 0x29, 0x27, 0x29, 0x22, 0x0a, 0x20, 0x20,
    0x6c, 0x69, 0x62, 0x5f, 0x64, 0x69, 0x72, 0x3d, 0x22, 0x24, 0x64, 0x61, 0x74, 0x61, 0x5f, 0x6d,
    0x6f, 0x75, 0x6e, 0x74, 0x2f, 0x24, 0x72, 0x5f, 0x6d, 0x6d, 0x22, 0x0a, 0x20, 0x20, 0x61, 0x73,
    0x5f, 0x72, 0x6f, 0x6f, 0x74, 0x20, 0x6d, 0x6b, 0x64, 0x69, 0x72, 0x20, 0x2d, 0x70, 0x20, 0x22,
    0x24, 0x6c, 0x69, 0x62, 0x5f, 0x64, 0x69, 0x72, 0x22, 0x0a, 0x0a, 0x20, 0x20, 0x6c, 0x6f, 0x63,
    0x61, 0x6c, 0x20, 0x72, 0x5f, 0x65, 0x78, 0x70, 0x72, 0x0a, 0x20, 0x20, 0x72, 0x5f, 0x65, 0x78,
    0x70, 0x72, 0x3d, 0x22, 0x2e, 0x6c, 0x69, 0x62, 0x50, 0x61, 0x74, 0x68, 0x73, 0x28, 0x63, 0x28,
    0x27, 0x24, 0x6c, 0x69, 0x62, 0x5f, 0x64, 0x69, 0x72, 0x27, 0x2c, 0x20, 0x2e, 0x6c, 0x69, 0x62,
    0x50, 0x61, 0x74, 0x68, 0x73, 0x28, 0x29, 0x29, 0x29, 0x3b, 0x20, 0x6f, 0x70, 0x74, 0x69, 0x6f,
    0x6e, 0x73, 0x28, 0x72, 0x65, 0x70, 0x6f, 0x73, 0x3d, 0x63, 0x28, 0x43, 0x52, 0x41, 0x4e, 0x3d,
    0x27, 0x68, 0x74, 0x74, 0x70, 0x73, 0x3a, 0x2f, 0x2f, 0x63, 0x6c, 0x6f, 0x75, 0x64, 0x2e, 0x72,
    0x2d, 0x70, 0x72, 0x6f, 0x6a, 0x65, 0x63, 0x74, 0x2e, 0x6f, 0x72, 0x67, 0x27, 0x29, 0x29, 0x3b,
    0x20, 0x69, 0x6e, 0x73, 0x74, 0x61, 0x6c, 0x6c, 0x2e, 0x70, 0x61, 0x63, 0x6b, 0x61, 0x67, 0x65,
    0x73, 0x28, 0x63, 0x28, 0x27, 0x42, 0x69, 0x6f, 0x63, 0x4d, 0x61, 0x6e, 0x61, 0x67, 0x65, 0x72,
    0x27, 0x2c, 0x27, 0x74, 0x69, 0x64, 0x79, 0x76, 0x65, 0x72, 0x73, 0x65, 0x27, 0x2c, 0x27, 0x64,
    0x65, 0x76, 0x74, 0x6f, 0x6f, 0x6c, 0x73, 0x27, 0x2c, 0x27, 0x53, 0x65, 0x75, 0x72, 0x61, 0x74,
    0x27, 0x2c, 0x27, 0x53, 0x65, 0x75, 0x72, 0x61, 0x74, 0x4f, 0x62, 0x6a, 0x65, 0x63, 0x74, 0x27,
    0x2c, 0x27, 0x68, 0x61, 0x72, 0x6d, 0x6f, 0x6e, 0x79, 0x27, 0x2c, 0x27, 0x70, 0x61, 0x74, 0x63,
    0x68, 0x77, 0x6f, 0x72, 0x6b, 0x27, 0x29, 0x2c, 0x20, 0x6c, 0x69, 0x62, 0x3d, 0x27, 0x24, 0x6c,
    0x69, 0x62, 0x5f, 0x64, 0x69, 0x72, 0x27, 0x29, 0x3b, 0x20, 0x42, 0x69, 0x6f, 0x63, 0x4d, 0x61,
    0x6e, 0x61, 0x67, 0x65, 0x72, 0x3a, 0x3a, 0x69, 0x6e, 0x73, 0x74, 0x61, 0x6c, 0x6c, 0x28, 0x63,
    0x28, 0x27, 0x44, 0x45, 0x53, 0x65, 0x71, 0x32, 0x27, 0x2c, 0x27, 0x65, 0x64, 0x67, 0x65, 0x52,
    0x27, 0x2c, 0x27, 0x44, 0x69, 0x66, 0x66, 0x42, 0x69, 0x6e, 0x64, 0x27, 0x2c, 0x27, 0x42, 0x53,
    0x67, 0x65, 0x6e, 0x6f, 0x6d, 0x65, 0x27, 0x2c, 0x27, 0x63, 0x6c, 0x75, 0x73, 0x74, 0x65, 0x72,
    0x50, 0x72, 0x6f, 0x66, 0x69, 0x6c, 0x65, 0x72, 0x27, 0x2c, 0x27, 0x47, 0x53, 0x56, 0x41, 0x27,
    0x2c, 0x27, 0x70, 0x68, 0x65, 0x61, 0x74, 0x6d, 0x61, 0x70, 0x27, 0x2c, 0x27, 0x43, 0x6f, 0x6d,
    0x70, 0x6c, 0x65, 0x78, 0x48, 0x65, 0x61, 0x74, 0x6d, 0x61, 0x70, 0x27, 0x2c, 0x27, 0x53, 0x69,
    0x6e, 0x67, 0x6c, 0x65, 0x43, 0x65, 0x6c, 0x6c, 0x45, 0x78, 0x70, 0x65, 0x72, 0x69, 0x6d, 0x65,
    0x6e, 0x74, 0x27, 0x2c, 0x27, 0x48, 0x44, 0x46, 0x35, 0x41, 0x72, 0x72, 0x61, 0x79, 0x27, 0x2c,
    0x27, 0x6c, 0x69, 0x6d, 0x6d, 0x61, 0x27, 0x2c, 0x27, 0x53, 0x34, 0x56, 0x65, 0x63, 0x74, 0x6f,
    0x72, 0x73, 0x27, 0x2c, 0x27, 0x53, 0x69, 0x6e, 0x67, 0x6c, 0x65, 0x52, 0x27, 0x2c, 0x27, 0x54,
    0x43, 0x47, 0x41, 0x62, 0x69, 0x6f, 0x6c, 0x69, 0x6e, 0x6b, 0x73, 0x27, 0x29, 0x2c, 0x20, 0x6c,
    0x69, 0x62, 0x3d, 0x27, 0x24, 0x6c, 0x69, 0x62, 0x5f, 0x64, 0x69, 0x72, 0x27, 0x2c, 0x20, 0x61,
    0x73, 0x6b, 0x3d, 0x46, 0x41, 0x4c, 0x53, 0x45, 0x2c, 0x20, 0x75, 0x70, 0x64, 0x61, 0x74, 0x65,
    0x3d, 0x46, 0x41, 0x4c, 0x53, 0x45, 0x29, 0x22, 0x0a, 0x20, 0x20, 0x61, 0x73, 0x5f, 0x72, 0x6f,
    0x6f, 0x74, 0x20, 0x52, 0x73, 0x63, 0x72, 0x69, 0x70, 0x74, 0x20, 0x2d, 0x65, 0x20, 0x22, 0x24,
    0x72, 0x5f, 0x65, 0x78, 0x70, 0x72, 0x22, 0x0a, 0x20, 0x20, 0x6c, 0x6f, 0x67, 0x20, 0x22, 0xe5,
    0xb8, 0xb8, 0xe7, 0x94, 0xa8, 0x20, 0x52, 0x2f, 0x42, 0x69, 0x6f, 0x63, 0x6f, 0x6e, 0x64, 0x75,
    0x63, 0x74, 0x6f, 0x72, 0x20, 0xe5, 0x8c, 0x85, 0xe5, 0xb7, 0xb2, 0xe5, 0xae, 0x89, 0xe8, 0xa3,
    0x85, 0xe5, 0x88, 0xb0, 0x20, 0x24, 0x6c, 0x69, 0x62, 0x5f, 0x64, 0x69, 0x72, 0x22, 0x0a, 0x7d,
    0x0a, 0x0a, 0x69, 0x6e, 0x73, 0x74, 0x61, 0x6c, 0x6c, 0x5f, 0x72, 0x5f, 0x66, 0x6f, 0x72, 0x5f,
    0x62, 0x6f, 0x6f, 0x74, 0x73, 0x74, 0x72, 0x61, 0x70, 0x28, 0x29, 0x20, 0x7b, 0x0a, 0x20, 0x20,
    0x6c, 0x6f, 0x63, 0x61, 0x6c, 0x20, 0x74, 0x61, 0x72, 0x67, 0x65, 0x74, 0x3d, 0x22, 0x24, 0x7b,
    0x31, 0x3a, 0x2d, 0x72, 0x65, 0x6c, 0x65, 0x61, 0x73, 0x65, 0x7d, 0x22, 0x0a, 0x20, 0x20, 0x43,
    0x55, 0x52, 0x52, 0x45, 0x4e, 0x54, 0x5f, 0x41, 0x43, 0x54, 0x49, 0x4f, 0x4e, 0x3d, 0x22, 0x62,
    0x6f, 0x6f, 0x74, 0x73, 0x74, 0x72, 0x61, 0x70, 0x20, 0x52, 0x20, 0x24, 0x74, 0x61, 0x72, 0x67,
    0x65, 0x74, 0x22, 0x0a, 0x0a, 0x20, 0x20, 0x69, 0x66, 0x20, 0x21, 0x20, 0x63, 0x6f, 0x6d, 0x6d,
    0x61, 0x6e, 0x64, 0x20, 0x2d, 0x76, 0x20, 0x72, 0x69, 0x67, 0x20, 0x3e, 0x2f, 0x64, 0x65, 0x76,
    0x2f, 0x6e, 0x75, 0x6c, 0x6c, 0x20, 0x32, 0x3e, 0x26, 0x31, 0x3b, 0x20, 0x74, 0x68, 0x65, 0x6e,
    0x0a, 0x20, 0x20, 0x20, 0x20, 0x69, 0x6e, 0x73, 0x74, 0x61, 0x6c, 0x6c, 0x5f, 0x72, 0x69, 0x67,
    0x5f, 0x6d, 0x61, 0x6e, 0x61, 0x67, 0x65, 0x72, 0x0a, 0x20, 0x20, 0x66, 0x69, 0x0a, 0x0a, 0x20,
    0x20, 0x69, 0x6e, 0x66, 0x6f, 0x20, 0x22, 0xe4, 0xb8, 0x80, 0xe9, 0x94, 0xae, 0xe5, 0xbc, 0x80,
    0xe5, 0xb1, 0x80, 0xe5, 0xae, 0x89, 0xe8, 0xa3, 0x85, 0x20, 0x52, 0xef, 0xbc, 0x9a, 0xe7, 0x9b,
    0xae, 0xe6, 0xa0, 0x87, 0xe7, 0x89, 0x88, 0xe6, 0x9c, 0xac, 0x3d, 0x24, 0x74, 0x61, 0x72, 0x67,
    0x65, 0x74, 0x22, 0x0a, 0x20, 0x20, 0x61, 0x73, 0x5f, 0x72, 0x6f, 0x6f, 0x74, 0x20, 0x72, 0x69,
    0x67, 0x20, 0x61, 0x64, 0x64, 0x20, 0x22, 0x24, 0x74, 0x61, 0x72, 0x67, 0x65, 0x74, 0x22, 0x0a,
    0x20, 0x20, 0x61, 0x73, 0x5f, 0x72, 0x6f, 0x6f, 0x74, 0x20, 0x72, 0x69, 0x67, 0x20, 0x64, 0x65,
    0x66, 0x61, 0x75, 0x6c, 0x74, 0x20, 0x22, 0x24, 0x74, 0x61, 0x72, 0x67, 0x65, 0x74, 0x22, 0x0a,
    0x0a, 0x20, 0x20, 0x69, 0x66, 0x20, 0x28, 0x28, 0x20, 0x44, 0x52, 0x59, 0x5f, 0x52, 0x55, 0x4e,
    0x20, 0x3d, 0x3d, 0x20, 0x30, 0x20, 0x29, 0x29, 0x3b, 0x20, 0x74, 0x68, 0x65, 0x6e, 0x0a, 0x20,
    0x20, 0x20, 0x20, 0x63, 0x6f, 0x6d, 0x6d, 0x61, 0x6e, 0x64, 0x20, 0x2d, 0x76, 0x20, 0x52, 0x20,
    0x3e, 0x2f, 0x64, 0x65, 0x76, 0x2f, 0x6e, 0x75, 0x6c, 0x6c, 0x20, 0x32, 0x3e, 0x26, 0x31, 0x20,
    0x7c, 0x7c, 0x20, 0x7b, 0x20, 0x77, 0x61, 0x72, 0x6e, 0x20, 0x22, 0x52, 0x20, 0xe5, 0xae, 0x89,
    0xe8, 0xa3, 0x85, 0xe5, 0x90, 0x8e, 0xe4, 0xbb, 0x8d, 0xe6, 0x89, 0xbe, 0xe4, 0xb8, 0x8d, 0xe5,
    0x88, 0xb0, 0x20, 0x52, 0x20, 0xe5, 0x91, 0xbd, 0xe4, 0xbb, 0xa4, 0xe3, 0x80, 0x82, 0x22, 0x3b,
    0x20, 0x72, 0x65, 0x74, 0x75, 0x72, 0x6e, 0x20, 0x31, 0x3b, 0x20, 0x7d, 0x0a, 0x20, 0x20, 0x20,
    0x20, 0x6c, 0x6f, 0x67, 0x20, 0x22, 0x52, 0x20, 0xe9, 0xbb, 0x98, 0xe8, 0xae, 0xa4, 0xe7, 0x89,
    0x88, 0xe6, 0x9c, 0xac, 0xe5, 0xb7, 0xb2, 0xe8, 0xae, 0xbe, 0xe7, 0xbd, 0xae, 0xef, 0xbc, 0x9a,
    0x24, 0x28, 0x52, 0x20, 0x2d, 0x2d, 0x76, 0x65, 0x72, 0x73, 0x69, 0x6f, 0x6e, 0x20, 0x32, 0x3e,
    0x2f, 0x64, 0x65, 0x76, 0x2f, 0x6e, 0x75, 0x6c, 0x6c, 0x20, 0x7c, 0x20, 0x68, 0x65, 0x61, 0x64,
    0x20, 0x2d, 0x31, 0x29, 0x22, 0x0a, 0x20, 0x20, 0x65, 0x6c, 0x73, 0x65, 0x0a, 0x20, 0x20, 0x20,
    0x20, 0x6c, 0x6f, 0x67, 0x20, 0x22, 0x64, 0x72, 0x79, 0x2d, 0x72, 0x75, 0x6e, 0xef, 0xbc, 0x9a,
    0xe5, 0xb0, 0x86, 0xe5, 0xae, 0x89, 0xe8, 0xa3, 0x85, 0xe5, 0xb9, 0xb6, 0xe8, 0xae, 0xbe, 0xe4,
    0xb8, 0xba, 0xe9, 0xbb, 0x98, 0xe8, 0xae, 0xa4, 0x20, 0x52, 0x20, 0x24, 0x74, 0x61, 0x72, 0x67,
    0x65, 0x74, 0x22, 0x0a, 0x20, 0x20, 0x66, 0x69, 0x0a, 0x7d, 0x0a, 0x0a, 0x69, 0x6e, 0x73, 0x74,
    0x61, 0x6c, 0x6c, 0x5f, 0x72, 0x28, 0x29, 0x20, 0x7b, 0x0a, 0x20, 0x20, 0x6c, 0x6f, 0x63, 0x61,
    0x6c, 0x20, 0x63, 0x68, 0x6f, 0x69, 0x63, 0x65, 0x20, 0x74, 0x61, 0x72, 0x67, 0x65, 0x74, 0x20,
    0x63, 0x75, 0x72, 0x72, 0x65, 0x6e, 0x74, 0x0a, 0x0a, 0x20, 0x20, 0x77, 0x68, 0x69, 0x6c, 0x65,
    0x20, 0x74, 0x72, 0x75, 0x65, 0x3b, 0x20, 0x64, 0x6f, 0x0a, 0x20, 0x20, 0x20, 0x20, 0x63, 0x75,
    0x72, 0x72, 0x65, 0x6e, 0x74, 0x3d, 0x22, 0x24, 0x28, 0x52, 0x20, 0x2d, 0x2d, 0x76, 0x65, 0x72,
    0x73, 0x69, 0x6f, 0x6e, 0x20, 0x32, 0x3e, 0x2f, 0x64, 0x65, 0x76, 0x2f, 0x6e, 0x75, 0x6c, 0x6c,
    0x20, 0x7c, 0x20, 0x68, 0x65, 0x61, 0x64, 0x20, 0x2d, 0x31, 0x20, 0x7c, 0x7c, 0x20, 0x74, 0x72,
    0x75, 0x65, 0x29, 0x22, 0x0a, 0x20, 0x20, 0x20, 0x20, 0x70, 0x72, 0x69, 0x6e, 0x74, 0x66, 0x20,
    0x27, 0x5c, 0x6e, 0x3d, 0x3d, 0x3d, 0x3d, 0x3d, 0x3d, 0x3d, 0x3d, 0x3d, 0x3d, 0x3d, 0x3d, 0x3d,
    0x3d, 0x3d, 0x3d, 0x3d, 0x3d, 0x3d, 0x3d, 0x3d, 0x3d, 0x3d, 0x3d, 0x3d, 0x3d, 0x3d, 0x3d, 0x3d,
    0x3d, 0x3d, 0x3d, 0x3d, 0x3d, 0x3d, 0x3d, 0x3d, 0x3d, 0x3d, 0x3d, 0x3d, 0x3d, 0x3d, 0x3d, 0x3d,
    0x3d, 0x3d, 0x3d, 0x3d, 0x3d, 0x3d, 0x3d, 0x3d, 0x3d, 0x3d, 0x3d, 0x3d, 0x3d, 0x3d, 0x3d, 0x5c,
    0x6e, 0x27, 0x0a, 0x20, 0x20, 0x20, 0x20, 0x70, 0x72, 0x69, 0x6e, 0x74, 0x66, 0x20, 0x27, 0x20,
    0x52, 0x20, 0xe5, 0xa4, 0x9a, 0xe7, 0x89, 0x88, 0xe6, 0x9c, 0xac, 0xe7, 0xae, 0xa1, 0xe7, 0x90,
    0x86, 0xef, 0xbc, 0x88, 0x72, 0x69, 0x67, 0xef, 0xbc, 0x89, 0x5c, 0x6e, 0x27, 0x0a, 0x20, 0x20,
    0x20, 0x20, 0x70, 0x72, 0x69, 0x6e, 0x74, 0x66, 0x20, 0x27, 0x20, 0xe5, 0xbd, 0x93, 0xe5, 0x89,
    0x8d, 0xe9, 0xbb, 0x98, 0xe8, 0xae, 0xa4, 0x3a, 0x20, 0x25, 0x73, 0x5c, 0x6e, 0x27, 0x20, 0x22,
    0x24, 0x7b, 0x63, 0x75, 0x72, 0x72, 0x65, 0x6e, 0x74, 0x3a, 0x2d, 0xe6, 0x9c, 0xaa, 0xe5, 0xae,
    0x89, 0xe8, 0xa3, 0x85, 0x7d, 0x22, 0x0a, 0x20, 0x20, 0x20, 0x20, 0x70, 0x72, 0x69, 0x6e, 0x74,
    0x66, 0x20, 0x27, 0x3d, 0x3d, 0x3d, 0x3d, 0x3d, 0x3d, 0x3d, 0x3d, 0x3d, 0x3d, 0x3d, 0x3d, 0x3d,
    0x3d, 0x3d, 0x3d, 0x3d, 0x3d, 0x3d, 0x3d, 0x3d, 0x3d, 0x3d, 0x3d, 0x3d, 0x3d, 0x3d, 0x3d, 0x3d,
    0x3d, 0x3d, 0x3d, 0x3d, 0x3d, 0x3d, 0x3d, 0x3d, 0x3d, 0x3d, 0x3d, 0x3d, 0x3d, 0x3d, 0x3d, 0x3d,
    0x3d, 0x3d, 0x3d, 0x3d, 0x3d, 0x3d, 0x3d, 0x3d, 0x3d, 0x3d, 0x3d, 0x3d, 0x3d, 0x3d, 0x3d, 0x5c,
    0x6e, 0x27, 0x0a, 0x20, 0x20, 0x20, 0x20, 0x70, 0x72, 0x69, 0x6e, 0x74, 0x66, 0x20, 0x27, 0x31,
    0x29, 0x20, 0xe5, 0xae, 0x89, 0xe8, 0xa3, 0x85, 0x20, 0x2f, 0x20, 0xe6, 0x9b, 0xb4, 0xe6, 0x96,
    0xb0, 0x20, 0x72, 0x69, 0x67, 0x5c, 0x6e, 0x27, 0x0a, 0x20, 0x20, 0x20, 0x20, 0x70, 0x72, 0x69,
    0x6e, 0x74, 0x66, 0x20, 0x27, 0x32, 0x29, 0x20, 0xe6, 0x9f, 0xa5, 0xe7, 0x9c, 0x8b, 0xe5, 0xb7,
    0xb2, 0xe5, 0xae, 0x89, 0xe8, 0xa3, 0x85, 0x20, 0x52, 0x20, 0xe7, 0x89, 0x88, 0xe6, 0x9c, 0xac,
    0x5c, 0x6e, 0x27, 0x0a, 0x20, 0x20, 0x20, 0x20, 0x70, 0x72, 0x69, 0x6e, 0x74, 0x66, 0x20, 0x27,
    0x33, 0x29, 0x20, 0xe6, 0x9f, 0xa5, 0xe7, 0x9c, 0x8b, 0xe5, 0x8f, 0xaf, 0xe5, 0xae, 0x89, 0xe8,
    0xa3, 0x85, 0x20, 0x52, 0x20, 0xe7, 0x89, 0x88, 0xe6, 0x9c, 0xac, 0x5c, 0x6e, 0x27, 0x0a, 0x20,
    0x20, 0x20, 0x20, 0x70, 0x72, 0x69, 0x6e, 0x74, 0x66, 0x20, 0x27, 0x34, 0x29, 0x20, 0xe5, 0xae,
    0x89, 0xe8, 0xa3, 0x85, 0xe6, 0x8c, 0x87, 0xe5, 0xae, 0x9a, 0x20, 0x52, 0x20, 0xe7, 0x89, 0x88,
    0xe6, 0x9c, 0xac, 0x20, 0x2f, 0x20, 0xe5, 0x88, 0xab, 0xe5, 0x90, 0x8d, 0x5c, 0x6e, 0x27, 0x0a,
    0x20, 0x20, 0x20, 0x20, 0x70, 0x72, 0x69, 0x6e, 0x74, 0x66, 0x20, 0x27, 0x35, 0x29, 0x20, 0xe5,
    0x88, 0x87, 0xe6, 0x8d, 0xa2, 0xe9, 0xbb, 0x98, 0xe8, 0xae, 0xa4, 0x20, 0x52, 0x20, 0xe7, 0x89,
    0x88, 0xe6, 0x9c, 0xac, 0x5c, 0x6e, 0x27, 0x0a, 0x20, 0x20, 0x20, 0x20, 0x70, 0x72, 0x69, 0x6e,
    0x74, 0x66, 0x20, 0x27, 0x36, 0x29, 0x20, 0xe5, 0x88, 0xa0, 0xe9, 0x99, 0xa4, 0xe6, 0x8c, 0x87,
    0xe5, 0xae, 0x9a, 0x20, 0x52, 0x20, 0xe7, 0x89, 0x88, 0xe6, 0x9c, 0xac, 0x5c, 0x6e, 0x27, 0x0a,
    0x20, 0x20, 0x20, 0x20, 0x70, 0x72, 0x69, 0x6e, 0x74, 0x66, 0x20, 0x27, 0x37, 0x29, 0x20, 0xe5,
    0xae, 0x89, 0xe8, 0xa3, 0x85, 0xe5, 0xbd, 0x93, 0xe5, 0x89, 0x8d, 0xe9, 0xbb, 0x98, 0xe8, 0xae,
    0xa4, 0x20, 0x52, 0x20, 0xe7, 0x9a, 0x84, 0xe5, 0xb8, 0xb8, 0xe7, 0x94, 0xa8, 0x20, 0x43, 0x52,
    0x41, 0x4e, 0x2f, 0x42, 0x69, 0x6f, 0x63, 0x6f, 0x6e, 0x64, 0x75, 0x63, 0x74, 0x6f, 0x72, 0x20,
    0xe5, 0x8c, 0x85, 0x5c, 0x6e, 0x27, 0x0a, 0x20, 0x20, 0x20, 0x20, 0x70, 0x72, 0x69, 0x6e, 0x74,
    0x66, 0x20, 0x27, 0x30, 0x29, 0x20, 0xe8, 0xbf, 0x94, 0xe5, 0x9b, 0x9e, 0xe4, 0xb8, 0xbb, 0xe8,
    0x8f, 0x9c, 0xe5, 0x8d, 0x95, 0x5c, 0x6e, 0x27, 0x0a, 0x20, 0x20, 0x20, 0x20, 0x72, 0x65, 0x61,
    0x64, 0x20, 0x2d, 0x72, 0x20, 0x2d, 0x70, 0x20, 0x22, 0xe9, 0x80, 0x89, 0xe6, 0x8b, 0xa9, 0x3a,
    0x20, 0x22, 0x20, 0x63, 0x68, 0x6f, 0x69, 0x63, 0x65, 0x0a, 0x0a, 0x20, 0x20, 0x20, 0x20, 0x63,
    0x61, 0x73, 0x65, 0x20, 0x22, 0x24, 0x63, 0x68, 0x6f, 0x69, 0x63, 0x65, 0x22, 0x20, 0x69, 0x6e,
    0x0a, 0x20, 0x20, 0x20, 0x20, 0x20, 0x20, 0x31, 0x29, 0x0a, 0x20, 0x20, 0x20, 0x20, 0x20, 0x20,
    0x20, 0x20, 0x43, 0x55, 0x52, 0x52, 0x45, 0x4e, 0x54, 0x5f, 0x41, 0x43, 0x54, 0x49, 0x4f, 0x4e,
    0x3d, 0x22, 0x52, 0x3a, 0x20, 0x69, 0x6e, 0x73, 0x74, 0x61, 0x6c, 0x6c, 0x20, 0x72, 0x69, 0x67,
    0x22, 0x0a, 0x20, 0x20, 0x20, 0x20, 0x20, 0x20, 0x20, 0x20, 0x69, 0x6e, 0x73, 0x74, 0x61, 0x6c,
    0x6c, 0x5f, 0x72, 0x69, 0x67, 0x5f, 0x6d, 0x61, 0x6e, 0x61, 0x67, 0x65, 0x72, 0x0a, 0x20, 0x20,
    0x20, 0x20, 0x20, 0x20, 0x20, 0x20, 0x3b, 0x3b, 0x0a, 0x20, 0x20, 0x20, 0x20, 0x20, 0x20, 0x32,
    0x29, 0x0a, 0x20, 0x20, 0x20, 0x20, 0x20, 0x20, 0x20, 0x20, 0x43, 0x55, 0x52, 0x52, 0x45, 0x4e,
    0x54, 0x5f, 0x41, 0x43, 0x54, 0x49, 0x4f, 0x4e, 0x3d, 0x22, 0x52, 0x3a, 0x20, 0x6c, 0x69, 0x73,
    0x74, 0x20, 0x69, 0x6e, 0x73, 0x74, 0x61, 0x6c, 0x6c, 0x65, 0x64, 0x22, 0x0a, 0x20, 0x20, 0x20,
    0x20, 0x20, 0x20, 0x20, 0x20, 0x65, 0x6e, 0x73, 0x75, 0x72, 0x65, 0x5f, 0x72, 0x69, 0x67, 0x20,
    0x7c, 0x7c, 0x20, 0x63, 0x6f, 0x6e, 0x74, 0x69, 0x6e, 0x75, 0x65, 0x0a, 0x20, 0x20, 0x20, 0x20,
    0x20, 0x20, 0x20, 0x20, 0x61, 0x73, 0x5f, 0x72, 0x6f, 0x6f, 0x74, 0x20, 0x72, 0x69, 0x67, 0x20,
    0x6c, 0x69, 0x73, 0x74, 0x0a, 0x20, 0x20, 0x20, 0x20, 0x20, 0x20, 0x20, 0x20, 0x3b, 0x3b, 0x0a,
    0x20, 0x20, 0x20, 0x20, 0x20, 0x20, 0x33, 0x29, 0x0a, 0x20, 0x20, 0x20, 0x20, 0x20, 0x20, 0x20,
    0x20, 0x43, 0x55, 0x52, 0x52, 0x45, 0x4e, 0x54, 0x5f, 0x41, 0x43, 0x54, 0x49, 0x4f, 0x4e, 0x3d,
    0x22, 0x52, 0x3a, 0x20, 0x6c, 0x69, 0x73, 0x74, 0x20, 0x61, 0x76, 0x61, 0x69, 0x6c, 0x61, 0x62,
    0x6c, 0x65, 0x22, 0x0a, 0x20, 0x20, 0x20, 0x20, 0x20, 0x20, 0x20, 0x20, 0x65, 0x6e, 0x73, 0x75,
    0x72, 0x65, 0x5f, 0x72, 0x69, 0x67, 0x20, 0x7c, 0x7c, 0x20, 0x63, 0x6f, 0x6e, 0x74, 0x69, 0x6e,
    0x75, 0x65, 0x0a, 0x20, 0x20, 0x20, 0x20, 0x20, 0x20, 0x20, 0x20, 0x72, 0x69, 0x67, 0x20, 0x61,
    0x76, 0x61, 0x69, 0x6c, 0x61, 0x62, 0x6c, 0x65, 0x0a, 0x20, 0x20, 0x20, 0x20, 0x20, 0x20, 0x20,
    0x20, 0x3b, 0x3b, 0x0a, 0x20, 0x20, 0x20, 0x20, 0x20, 0x20, 0x34, 0x29, 0x0a, 0x20, 0x20, 0x20,
    0x20, 0x20, 0x20, 0x20, 0x20, 0x43, 0x55, 0x52, 0x52, 0x45, 0x4e, 0x54, 0x5f, 0x41, 0x43, 0x54,
    0x49, 0x4f, 0x4e, 0x3d, 0x22, 0x52, 0x3a, 0x20, 0x61, 0x64, 0x64, 0x20, 0x76, 0x65, 0x72, 0x73,
    0x69, 0x6f, 0x6e, 0x22, 0x0a, 0x20, 0x20, 0x20, 0x20, 0x20, 0x20, 0x20, 0x20, 0x65, 0x6e, 0x73,
    0x75, 0x72, 0x65, 0x5f, 0x72, 0x69, 0x67, 0x20, 0x7c, 0x7c, 0x20, 0x63, 0x6f, 0x6e, 0x74, 0x69,
    0x6e, 0x75, 0x65, 0x0a, 0x20, 0x20, 0x20, 0x20, 0x20, 0x20, 0x20, 0x20, 0x70, 0x72, 0x69, 0x6e,
    0x74, 0x66, 0x20, 0x27, 0xe5, 0x8f, 0xaf, 0xe8, 0xbe, 0x93, 0xe5, 0x85, 0xa5, 0x20, 0x72, 0x65,
    0x6c, 0x65, 0x61, 0x73, 0x65, 0x20, 0x2f, 0x20, 0x6f, 0x6c, 0x64, 0x72, 0x65, 0x6c, 0x20, 0x2f,
    0x20, 0x64, 0x65, 0x76, 0x65, 0x6c, 0x20, 0x2f, 0x20, 0x6e, 0x65, 0x78, 0x74, 0xef, 0xbc, 0x8c,
    0xe6, 0x88, 0x96, 0xe7, 0xb2, 0xbe, 0xe7, 0xa1, 0xae, 0xe7, 0x89, 0x88, 0xe6, 0x9c, 0xac, 0xe5,
    0xa6, 0x82, 0x20, 0x34, 0x2e, 0x35, 0x2e, 0x31, 0xe3, 0x80, 0x82, 0x5c, 0x6e, 0x27, 0x0a, 0x20,
    0x20, 0x20, 0x20, 0x20, 0x20, 0x20, 0x20, 0x72, 0x65, 0x61, 0x64, 0x20, 0x2d, 0x72, 0x20, 0x2d,
    0x70, 0x20, 0x22, 0xe8, 0xa6, 0x81, 0xe5, 0xae, 0x89, 0xe8, 0xa3, 0x85, 0xe7, 0x9a, 0x84, 0x20,
    0x52, 0x20, 0xe7, 0x89, 0x88, 0xe6, 0x9c, 0xac, 0x20, 0x5b, 0x72, 0x65, 0x6c, 0x65, 0x61, 0x73,
    0x65, 0x5d, 0x3a, 0x20, 0x22, 0x20, 0x74, 0x61, 0x72, 0x67, 0x65, 0x74, 0x0a, 0x20, 0x20, 0x20,
    0x20, 0x20, 0x20, 0x20, 0x20, 0x5b, 0x5b, 0x20, 0x2d, 0x6e, 0x20, 0x22, 0x24, 0x74, 0x61, 0x72,
    0x67, 0x65, 0x74, 0x22, 0x20, 0x5d, 0x5d, 0x20, 0x7c, 0x7c, 0x20, 0x74, 0x61, 0x72, 0x67, 0x65,
    0x74, 0x3d, 0x22, 0x72, 0x65, 0x6c, 0x65, 0x61, 0x73, 0x65, 0x22, 0x0a, 0x20, 0x20, 0x20, 0x20,
    0x20, 0x20, 0x20, 0x20, 0x61, 0x73, 0x5f, 0x72, 0x6f, 0x6f, 0x74, 0x20, 0x72, 0x69, 0x67, 0x20,
    0x61, 0x64, 0x64, 0x20, 0x22, 0x24, 0x74, 0x61, 0x72, 0x67, 0x65, 0x74, 0x22, 0x0a, 0x20, 0x20,
    0x20, 0x20, 0x20, 0x20, 0x20, 0x20, 0x69, 0x66, 0x20, 0x63, 0x6f, 0x6e, 0x66, 0x69, 0x72, 0x6d,
    0x20, 0x22, 0xe5, 0xb0, 0x86, 0x20, 0x24, 0x74, 0x61, 0x72, 0x67, 0x65, 0x74, 0x20, 0xe8, 0xae,
    0xbe, 0xe4, 0xb8, 0xba, 0xe9, 0xbb, 0x98, 0xe8, 0xae, 0xa4, 0x20, 0x52, 0xef, 0xbc, 0x9f, 0x22,
    0x20, 0x22, 0x59, 0x22, 0x3b, 0x20, 0x74, 0x68, 0x65, 0x6e, 0x0a, 0x20, 0x20, 0x20, 0x20, 0x20,
    0x20, 0x20, 0x20, 0x20, 0x20, 0x61, 0x73, 0x5f, 0x72, 0x6f, 0x6f, 0x74, 0x20, 0x72, 0x69, 0x67,
    0x20, 0x64, 0x65, 0x66, 0x61, 0x75, 0x6c, 0x74, 0x20, 0x22, 0x24, 0x74, 0x61, 0x72, 0x67, 0x65,
    0x74, 0x22, 0x0a, 0x20, 0x20, 0x20, 0x20, 0x20, 0x20, 0x20, 0x20, 0x20, 0x20, 0x73, 0x79, 0x6e,
    0x63, 0x5f, 0x72, 0x73, 0x74, 0x75, 0x64, 0x69, 0x6f, 0x5f, 0x72, 0x5f, 0x70, 0x61, 0x74, 0x68,
    0x0a, 0x20, 0x20, 0x20, 0x20, 0x20, 0x20, 0x20, 0x20, 0x66, 0x69, 0x0a, 0x20, 0x20, 0x20, 0x20,
    0x20, 0x20, 0x20, 0x20, 0x3b, 0x3b, 0x0a, 0x20, 0x20, 0x20, 0x20, 0x20, 0x20, 0x35, 0x29, 0x0a,
    0x20, 0x20, 0x20, 0x20, 0x20, 0x20, 0x20, 0x20, 0x43, 0x55, 0x52, 0x52, 0x45, 0x4e, 0x54, 0x5f,
    0x41, 0x43, 0x54, 0x49, 0x4f, 0x4e, 0x3d, 0x22, 0x52, 0x3a, 0x20, 0x73, 0x65, 0x74, 0x20, 0x64,
    0x65, 0x66, 0x61, 0x75, 0x6c, 0x74, 0x22, 0x0a, 0x20, 0x20, 0x20, 0x20, 0x20, 0x20, 0x20, 0x20,
    0x65, 0x6e, 0x73, 0x75, 0x72, 0x65, 0x5f, 0x72, 0x69, 0x67, 0x20, 0x7c, 0x7c, 0x20, 0x63, 0x6f,
    0x6e, 0x74, 0x69, 0x6e, 0x75, 0x65, 0x0a, 0x20, 0x20, 0x20, 0x20, 0x20, 0x20, 0x20, 0x20, 0x61,
    0x73, 0x5f, 0x72, 0x6f, 0x6f, 0x74, 0x20, 0x72, 0x69, 0x67, 0x20, 0x6c, 0x69, 0x73, 0x74, 0x0a,
    0x20, 0x20, 0x20, 0x20, 0x20, 0x20, 0x20, 0x20, 0x72, 0x65, 0x61, 0x64, 0x20, 0x2d, 0x72, 0x20,
    0x2d, 0x70, 0x20, 0x22, 0xe8, 0xae, 0xbe, 0xe4, 0xb8, 0xba, 0xe9, 0xbb, 0x98, 0xe8, 0xae, 0xa4,
    0xe7, 0x9a, 0x84, 0xe7, 0x89, 0x88, 0xe6, 0x9c, 0xac, 0xe5, 0x8f, 0xb7, 0x2f, 0xe5, 0x88, 0xab,
    0xe5, 0x90, 0x8d, 0x3a, 0x20, 0x22, 0x20, 0x74, 0x61, 0x72, 0x67, 0x65, 0x74, 0x0a, 0x20, 0x20,
    0x20, 0x20, 0x20, 0x20, 0x20, 0x20, 0x5b, 0x5b, 0x20, 0x2d, 0x6e, 0x20, 0x22, 0x24, 0x74, 0x61,
    0x72, 0x67, 0x65, 0x74, 0x22, 0x20, 0x5d, 0x5d, 0x20, 0x7c, 0x7c, 0x20, 0x7b, 0x20, 0x77, 0x61,
    0x72, 0x6e, 0x20, 0x22, 0xe7, 0x89, 0x88, 0xe6, 0x9c, 0xac, 0xe4, 0xb8, 0x8d, 0xe8, 0x83, 0xbd,
    0xe4, 0xb8, 0xba, 0xe7, 0xa9, 0xba, 0xe3, 0x80, 0x82, 0x22, 0x3b, 0x20, 0x63, 0x6f, 0x6e, 0x74,
    0x69, 0x6e, 0x75, 0x65, 0x3b, 0x20, 0x7d, 0x0a, 0x20, 0x20, 0x20, 0x20, 0x20, 0x20, 0x20, 0x20,
    0x61, 0x73, 0x5f, 0x72, 0x6f, 0x6f, 0x74, 0x20, 0x72, 0x69, 0x67, 0x20, 0x64, 0x65, 0x66, 0x61,
    0x75, 0x6c, 0x74, 0x20, 0x22, 0x24, 0x74, 0x61, 0x72, 0x67, 0x65, 0x74, 0x22, 0x0a, 0x20, 0x20,
    0x20, 0x20, 0x20, 0x20, 0x20, 0x20, 0x73, 0x79, 0x6e, 0x63, 0x5f, 0x72, 0x73, 0x74, 0x75, 0x64,
    0x69, 0x6f, 0x5f, 0x72, 0x5f, 0x70, 0x61, 0x74, 0x68, 0x0a, 0x20, 0x20, 0x20, 0x20, 0x20, 0x20,
    0x20, 0x20, 0x3b, 0x3b, 0x0a, 0x20, 0x20, 0x20, 0x20, 0x20, 0x20, 0x36, 0x29, 0x0a, 0x20, 0x20,
    0x20, 0x20, 0x20, 0x20, 0x20, 0x20, 0x43, 0x55, 0x52, 0x52, 0x45, 0x4e, 0x54, 0x5f, 0x41, 0x43,
    0x54, 0x49, 0x4f, 0x4e, 0x3d, 0x22, 0x52, 0x3a, 0x20, 0x72, 0x65, 0x6d, 0x6f, 0x76, 0x65, 0x20,
    0x76, 0x65, 0x72, 0x73, 0x69, 0x6f, 0x6e, 0x22, 0x0a, 0x20, 0x20, 0x20, 0x20, 0x20, 0x20, 0x20,
    0x20, 0x65, 0x6e, 0x73, 0x75, 0x72, 0x65, 0x5f, 0x72, 0x69, 0x67, 0x20, 0x7c, 0x7c, 0x20, 0x63,
    0x6f, 0x6e, 0x74, 0x69, 0x6e, 0x75, 0x65, 0x0a, 0x20, 0x20, 0x20, 0x20, 0x20, 0x20, 0x20, 0x20,
    0x61, 0x73, 0x5f, 0x72, 0x6f, 0x6f, 0x74, 0x20, 0x72, 0x69, 0x67, 0x20, 0x6c, 0x69, 0x73, 0x74,
    0x0a, 0x20, 0x20, 0x20, 0x20, 0x20, 0x20, 0x20, 0x20, 0x72, 0x65, 0x61, 0x64, 0x20, 0x2d, 0x72,
    0x20, 0x2d, 0x70, 0x20, 0x22, 0xe8, 0xa6, 0x81, 0xe5, 0x88, 0xa0, 0xe9, 0x99, 0xa4, 0xe7, 0x9a,
    0x84, 0xe7, 0x89, 0x88, 0xe6, 0x9c, 0xac, 0xe5, 0x8f, 0xb7, 0x3a, 0x20, 0x22, 0x20, 0x74, 0x61,
    0x72, 0x67, 0x65, 0x74, 0x0a, 0x20, 0x20, 0x20, 0x20, 0x20, 0x20, 0x20, 0x20, 0x5b, 0x5b, 0x20,
    0x2d, 0x6e, 0x20, 0x22, 0x24, 0x74, 0x61, 0x72, 0x67, 0x65, 0x74, 0x22, 0x20, 0x5d, 0x5d, 0x20,
    0x7c, 0x7c, 0x20, 0x7b, 0x20, 0x77, 0x61, 0x72, 0x6e, 0x20, 0x22, 0xe7, 0x89, 0x88, 0xe6, 0x9c,
    0xac, 0xe4, 0xb8, 0x8d, 0xe8, 0x83, 0xbd, 0xe4, 0xb8, 0xba, 0xe7, 0xa9, 0xba, 0xe3, 0x80, 0x82,
    0x22, 0x3b, 0x20, 0x63, 0x6f, 0x6e, 0x74, 0x69, 0x6e, 0x75, 0x65, 0x3b, 0x20, 0x7d, 0x0a, 0x20,
    0x20, 0x20, 0x20, 0x20, 0x20, 0x20, 0x20, 0x63, 0x6f, 0x6e, 0x66, 0x69, 0x72, 0x6d, 0x20, 0x22,
    0xe7, 0xa1, 0xae, 0xe8, 0xae, 0xa4, 0xe5, 0x88, 0xa0, 0xe9, 0x99, 0xa4, 0x20, 0x52, 0x20, 0x24,
    0x74, 0x61, 0x72, 0x67, 0x65, 0x74, 0xef, 0xbc, 0x9f, 0x22, 0x20, 0x7c, 0x7c, 0x20, 0x63, 0x6f,
    0x6e, 0x74, 0x69, 0x6e, 0x75, 0x65, 0x0a, 0x20, 0x20, 0x20, 0x20, 0x20, 0x20, 0x20, 0x20, 0x61,
    0x73, 0x5f, 0x72, 0x6f, 0x6f, 0x74, 0x20, 0x72, 0x69, 0x67, 0x20, 0x72, 0x6d, 0x20, 0x22, 0x24,
    0x74, 0x61, 0x72, 0x67, 0x65, 0x74, 0x22, 0x0a, 0x20, 0x20, 0x20, 0x20, 0x20, 0x20, 0x20, 0x20,
    0x3b, 0x3b, 0x0a, 0x20, 0x20, 0x20, 0x20, 0x20, 0x20, 0x37, 0x29, 0x0a, 0x20, 0x20, 0x20, 0x20,
    0x20, 0x20, 0x20, 0x20, 0x43, 0x55, 0x52, 0x52, 0x45, 0x4e, 0x54, 0x5f, 0x41, 0x43, 0x54, 0x49,
    0x4f, 0x4e, 0x3d, 0x22, 0x52, 0x3a, 0x20, 0x63, 0x6f, 0x6d, 0x6d, 0x6f, 0x6e, 0x20, 0x70, 0x61,
    0x63, 0x6b, 0x61, 0x67, 0x65, 0x73, 0x22, 0x0a, 0x20, 0x20, 0x20, 0x20, 0x20, 0x20, 0x20, 0x20,
    0x69, 0x6e, 0x73, 0x74, 0x61, 0x6c, 0x6c, 0x5f, 0x63, 0x6f, 0x6d, 0x6d, 0x6f, 0x6e, 0x5f, 0x72,
    0x5f, 0x70, 0x61, 0x63, 0x6b, 0x61, 0x67, 0x65, 0x73, 0x0a, 0x20, 0x20, 0x20, 0x20, 0x20, 0x20,
    0x20, 0x20, 0x3b, 0x3b, 0x0a, 0x20, 0x20, 0x20, 0x20, 0x20, 0x20, 0x30, 0x29, 0x0a, 0x20, 0x20,
    0x20, 0x20, 0x20, 0x20, 0x20, 0x20, 0x43, 0x55, 0x52, 0x52, 0x45, 0x4e, 0x54, 0x5f, 0x41, 0x43,
    0x54, 0x49, 0x4f, 0x4e, 0x3d, 0x22, 0x6d, 0x61, 0x69, 0x6e, 0x20, 0x6d, 0x65, 0x6e, 0x75, 0x22,
    0x0a, 0x20, 0x20, 0x20, 0x20, 0x20, 0x20, 0x20, 0x20, 0x72, 0x65, 0x74, 0x75, 0x72, 0x6e, 0x20,
    0x30, 0x0a, 0x20, 0x20, 0x20, 0x20, 0x20, 0x20, 0x20, 0x20, 0x3b, 0x3b, 0x0a, 0x20, 0x20, 0x20,
    0x20, 0x20, 0x20, 0x2a, 0x29, 0x0a, 0x20, 0x20, 0x20, 0x20, 0x20, 0x20, 0x20, 0x20, 0x77, 0x61,
    0x72, 0x6e, 0x20, 0x22, 0xe6, 0x97, 0xa0, 0xe6, 0x95, 0x88, 0xe9, 0x80, 0x89, 0xe6, 0x8b, 0xa9,
    0x3a, 0x20, 0x24, 0x63, 0x68, 0x6f, 0x69, 0x63, 0x65, 0x22, 0x0a, 0x20, 0x20, 0x20, 0x20, 0x20,
    0x20, 0x20, 0x20, 0x3b, 0x3b, 0x0a, 0x20, 0x20, 0x20, 0x20, 0x65, 0x73, 0x61, 0x63, 0x0a, 0x20,
    0x20, 0x64, 0x6f, 0x6e, 0x65, 0x0a, 0x7d, 0x0a, 0x0a, 0x69, 0x6e, 0x73, 0x74, 0x61, 0x6c, 0x6c,
    0x5f, 0x72, 0x73, 0x74, 0x75, 0x64, 0x69, 0x6f, 0x28, 0x29, 0x20, 0x7b, 0x0a, 0x20, 0x20, 0x6c,
    0x6f, 0x63, 0x61, 0x6c, 0x20, 0x72, 0x65, 0x6c, 0x65, 0x61, 0x73, 0x65, 0x73, 0x5f, 0x75, 0x72,
    0x6c, 0x3d, 0x22, 0x68, 0x74, 0x74, 0x70, 0x73, 0x3a, 0x2f, 0x2f, 0x64, 0x61, 0x69, 0x6c, 0x69,
    0x65, 0x73, 0x2e, 0x72, 0x73, 0x74, 0x75, 0x64, 0x69, 0x6f, 0x2e, 0x63, 0x6f, 0x6d, 0x2f, 0x72,
    0x65, 0x6c, 0x65, 0x61, 0x73, 0x65, 0x2f, 0x22, 0x0a, 0x20, 0x20, 0x6c, 0x6f, 0x63, 0x61, 0x6c,
    0x20, 0x64, 0x6f, 0x77, 0x6e, 0x6c, 0x6f, 0x61, 0x64, 0x5f, 0x62, 0x61, 0x73, 0x65, 0x3d, 0x22,
    0x68, 0x74, 0x74, 0x70, 0x73, 0x3a, 0x2f, 0x2f, 0x64, 0x6f, 0x77, 0x6e, 0x6c, 0x6f, 0x61, 0x64,
    0x32, 0x2e, 0x72, 0x73, 0x74, 0x75, 0x64, 0x69, 0x6f, 0x2e, 0x6f, 0x72, 0x67, 0x2f, 0x73, 0x65,
    0x72, 0x76, 0x65, 0x72, 0x2f, 0x6a, 0x61, 0x6d, 0x6d, 0x79, 0x2f, 0x61, 0x6d, 0x64, 0x36, 0x34,
    0x22, 0x0a, 0x20, 0x20, 0x6c, 0x6f, 0x63, 0x61, 0x6c, 0x20, 0x74, 0x6d, 0x70, 0x3d, 0x22, 0x2f,
    0x74, 0x6d, 0x70, 0x2f, 0x72, 0x73, 0x74, 0x75, 0x64, 0x69, 0x6f, 0x2d, 0x73, 0x65, 0x72, 0x76,
    0x65, 0x72, 0x2e, 0x64, 0x65, 0x62, 0x22, 0x0a, 0x20, 0x20, 0x6c, 0x6f, 0x63, 0x61, 0x6c, 0x20,
    0x63, 0x75, 0x72, 0x72, 0x65, 0x6e, 0x74, 0x5f, 0x76, 0x65, 0x72, 0x73, 0x69, 0x6f, 0x6e, 0x20,
    0x74, 0x61, 0x72, 0x67, 0x65, 0x74, 0x5f, 0x76, 0x65, 0x72, 0x73, 0x69, 0x6f, 0x6e, 0x20, 0x66,
    0x69, 0x6c, 0x65, 0x5f, 0x76, 0x65, 0x72, 0x73, 0x69, 0x6f, 0x6e, 0x20, 0x75, 0x72, 0x6c, 0x20,
    0x61, 0x63, 0x74, 0x69, 0x6f, 0x6e, 0x20, 0x63, 0x68, 0x6f, 0x69, 0x63, 0x65, 0x20, 0x6d, 0x61,
    0x6e, 0x75, 0x61, 0x6c, 0x5f, 0x76, 0x65, 0x72, 0x73, 0x69, 0x6f, 0x6e, 0x20, 0x72, 0x5f, 0x62,
    0x69, 0x6e, 0x0a, 0x20, 0x20, 0x6c, 0x6f, 0x63, 0x61, 0x6c, 0x20, 0x62, 0x61, 0x63, 0x6b, 0x75,
    0x70, 0x5f, 0x64, 0x69, 0x72, 0x3d, 0x22, 0x22, 0x20, 0x69, 0x6e, 0x73, 0x74, 0x61, 0x6c, 0x6c,
    0x65, 0x64, 0x3d, 0x30, 0x0a, 0x20, 0x20, 0x6c, 0x6f, 0x63, 0x61, 0x6c, 0x20, 0x2d, 0x61, 0x20,
    0x76, 0x65, 0x72, 0x73, 0x69, 0x6f, 0x6e, 0x73, 0x3d, 0x28, 0x29, 0x0a, 0x0a, 0x20, 0x20, 0x5b,
    0x5b, 0x20, 0x22, 0x24, 0x28, 0x75, 0x6e, 0x61, 0x6d, 0x65, 0x20, 0x2d, 0x6d, 0x29, 0x22, 0x20,
    0x3d, 0x3d, 0x20, 0x22, 0x78, 0x38, 0x36, 0x5f, 0x36, 0x34, 0x22, 0x20, 0x5d, 0x5d, 0x20, 0x7c,
    0x7c, 0x20, 0x7b, 0x0a, 0x20, 0x20, 0x20, 0x20, 0x77, 0x61, 0x72, 0x6e, 0x20, 0x22, 0xe5, 0xbd,
    0x93, 0xe5, 0x89, 0x8d, 0x20, 0x52, 0x53, 0x74, 0x75, 0x64, 0x69, 0x6f, 0x20, 0x53, 0x65, 0x72,
    0x76, 0x65, 0x72, 0x20, 0xe5, 0xae, 0x89, 0xe8, 0xa3, 0x85, 0xe5, 0x99, 0xa8, 0xe6, 0x8c, 0x89,
    0x20, 0x55, 0x62, 0x75, 0x6e, 0x74, 0x75, 0x20, 0x61, 0x6d, 0x64, 0x36, 0x34, 0x2f, 0x78, 0x38,
    0x36, 0x5f, 0x36, 0x34, 0x20, 0xe8, 0xae, 0xbe, 0xe8, 0xae, 0xa1, 0xef, 0xbc, 0x9b, 0xe6, 0xa3,
    0x80, 0xe6, 0xb5, 0x8b, 0xe5, 0x88, 0xb0, 0xe6, 0x9e, 0xb6, 0xe6, 0x9e, 0x84, 0x3a, 0x20, 0x24,
    0x28, 0x75, 0x6e, 0x61, 0x6d, 0x65, 0x20, 0x2d, 0x6d, 0x29, 0x22, 0x0a, 0x20, 0x20, 0x20, 0x20,
    0x72, 0x65, 0x74, 0x75, 0x72, 0x6e, 0x20, 0x31, 0x0a, 0x20, 0x20, 0x7d, 0x0a, 0x0a, 0x20, 0x20,
    0x61, 0x73, 0x5f, 0x72, 0x6f, 0x6f, 0x74, 0x20, 0x61, 0x70, 0x74, 0x2d, 0x67, 0x65, 0x74, 0x20,
    0x75, 0x70, 0x64, 0x61, 0x74, 0x65, 0x0a, 0x20, 0x20, 0x61, 0x73, 0x5f, 0x72, 0x6f, 0x6f, 0x74,
    0x20, 0x65, 0x6e, 0x76, 0x20, 0x44, 0x45, 0x42, 0x49, 0x41, 0x4e, 0x5f, 0x46, 0x52, 0x4f, 0x4e,
    0x54, 0x45, 0x4e, 0x44, 0x3d, 0x6e, 0x6f, 0x6e, 0x69, 0x6e, 0x74, 0x65, 0x72, 0x61, 0x63, 0x74,
    0x69, 0x76, 0x65, 0x20, 0x61, 0x70, 0x74, 0x2d, 0x67, 0x65, 0x74, 0x20, 0x69, 0x6e, 0x73, 0x74,
    0x61, 0x6c, 0x6c, 0x20, 0x2d, 0x79, 0x20, 0x63, 0x75, 0x72, 0x6c, 0x20, 0x63, 0x61, 0x2d, 0x63,
    0x65, 0x72, 0x74, 0x69, 0x66, 0x69, 0x63, 0x61, 0x74, 0x65, 0x73, 0x0a, 0x0a, 0x20, 0x20, 0x69,
    0x66, 0x20, 0x64, 0x70, 0x6b, 0x67, 0x2d, 0x71, 0x75, 0x65, 0x72, 0x79, 0x20, 0x2d, 0x57, 0x20,
    0x2d, 0x66, 0x3d, 0x27, 0x24, 0x7b, 0x53, 0x74, 0x61, 0x74, 0x75, 0x73, 0x7d, 0x27, 0x20, 0x72,
    0x73, 0x74, 0x75, 0x64, 0x69, 0x6f, 0x2d, 0x73, 0x65, 0x72, 0x76, 0x65, 0x72, 0x20, 0x32, 0x3e,
    0x2f, 0x64, 0x65, 0x76, 0x2f, 0x6e, 0x75, 0x6c, 0x6c, 0x20, 0x7c, 0x20, 0x67, 0x72, 0x65, 0x70,
    0x20, 0x2d, 0x46, 0x71, 0x20, 0x22, 0x69, 0x6e, 0x73, 0x74, 0x61, 0x6c, 0x6c, 0x20, 0x6f, 0x6b,
    0x20, 0x69, 0x6e, 0x73, 0x74, 0x61, 0x6c, 0x6c, 0x65, 0x64, 0x22, 0x3b, 0x20, 0x74, 0x68, 0x65,
    0x6e, 0x0a, 0x20, 0x20, 0x20, 0x20, 0x63, 0x75, 0x72, 0x72, 0x65, 0x6e, 0x74, 0x5f, 0x76, 0x65,
    0x72, 0x73, 0x69, 0x6f, 0x6e, 0x3d, 0x22, 0x24, 0x28, 0x64, 0x70, 0x6b, 0x67, 0x2d, 0x71, 0x75,
    0x65, 0x72, 0x79, 0x20, 0x2d, 0x57, 0x20, 0x2d, 0x66, 0x3d, 0x27, 0x24, 0x7b, 0x56, 0x65, 0x72,
    0x73, 0x69, 0x6f, 0x6e, 0x7d, 0x27, 0x20, 0x72, 0x73, 0x74, 0x75, 0x64, 0x69, 0x6f, 0x2d, 0x73,
    0x65, 0x72, 0x76, 0x65, 0x72, 0x20, 0x32, 0x3e, 0x2f, 0x64, 0x65, 0x76, 0x2f, 0x6e, 0x75, 0x6c,
    0x6c, 0x20, 0x7c, 0x7c, 0x20, 0x74, 0x72, 0x75, 0x65, 0x29, 0x22, 0x0a, 0x20, 0x20, 0x20, 0x20,
    0x69, 0x6e, 0x73, 0x74, 0x61, 0x6c, 0x6c, 0x65, 0x64, 0x3d, 0x31, 0x0a, 0x20, 0x20, 0x20, 0x20,
    0x69, 0x6e, 0x66, 0x6f, 0x20, 0x22, 0xe5, 0xbd, 0x93, 0xe5, 0x89, 0x8d, 0xe5, 0xb7, 0xb2, 0xe5,
    0xae, 0x89, 0xe8, 0xa3, 0x85, 0x20, 0x52, 0x53, 0x74, 0x75, 0x64, 0x69, 0x6f, 0x20, 0x53, 0x65,
    0x72, 0x76, 0x65, 0x72, 0x3a, 0x20, 0x24, 0x63, 0x75, 0x72, 0x72, 0x65, 0x6e, 0x74, 0x5f, 0x76,
    0x65, 0x72, 0x73, 0x69, 0x6f, 0x6e, 0x22, 0x0a, 0x20, 0x20, 0x65, 0x6c, 0x73, 0x65, 0x0a, 0x20,
    0x20, 0x20, 0x20, 0x63, 0x75, 0x72, 0x72, 0x65, 0x6e, 0x74, 0x5f, 0x76, 0x65, 0x72, 0x73, 0x69,
    0x6f, 0x6e, 0x3d, 0x22, 0x22, 0x0a, 0x20, 0x20, 0x20, 0x20, 0x69, 0x6e, 0x66, 0x6f, 0x20, 0x22,
    0xe5, 0xbd, 0x93, 0xe5, 0x89, 0x8d, 0xe6, 0x9c, 0xaa, 0xe5, 0xae, 0x89, 0xe8, 0xa3, 0x85, 0x20,
    0x52, 0x53, 0x74, 0x75, 0x64, 0x69, 0x6f, 0x20, 0x53, 0x65, 0x72, 0x76, 0x65, 0x72, 0xe3, 0x80,
    0x82, 0x22, 0x0a, 0x20, 0x20, 0x66, 0x69, 0x0a, 0x0a, 0x20, 0x20, 0x69, 0x66, 0x20, 0x28, 0x28,
    0x20, 0x44, 0x52, 0x59, 0x5f, 0x52, 0x55, 0x4e, 0x20, 0x29, 0x29, 0x3b, 0x20, 0x74, 0x68, 0x65,
    0x6e, 0x0a, 0x20, 0x20, 0x20, 0x20, 0x69, 0x6e, 0x66, 0x6f, 0x20, 0x22, 0xe6, 0xad, 0xa3, 0xe5,
    0x9c, 0xa8, 0xe8, 0xaf, 0xbb, 0xe5, 0x8f, 0x96, 0x20, 0x50, 0x6f, 0x73, 0x69, 0x74, 0x20, 0xe5,
    0xae, 0x98, 0xe6, 0x96, 0xb9, 0xe7, 0xa8, 0xb3, 0xe5, 0xae, 0x9a, 0xe7, 0x89, 0x88, 0xe6, 0x9c,
    0xac, 0xe5, 0x88, 0x97, 0xe8, 0xa1, 0xa8, 0xef, 0xbc, 0x88, 0x64, 0x72, 0x79, 0x2d, 0x72, 0x75,
    0x6e, 0x20, 0xe4, 0xbb, 0x8d, 0xe4, 0xbc, 0x9a, 0xe8, 0x81, 0x94, 0xe7, 0xbd, 0x91, 0xe8, 0xaf,
    0xbb, 0xe5, 0x8f, 0x96, 0xe7, 0x89, 0x88, 0xe6, 0x9c, 0xac, 0xe5, 0x85, 0x83, 0xe6, 0x95, 0xb0,
    0xe6, 0x8d, 0xae, 0xef, 0xbc, 0x89, 0xe3, 0x80, 0x82, 0x22, 0x0a, 0x20, 0x20, 0x65, 0x6c, 0x73,
    0x65, 0x0a, 0x20, 0x20, 0x20, 0x20, 0x69, 0x6e, 0x66, 0x6f, 0x20, 0x22, 0xe6, 0xad, 0xa3, 0xe5,
    0x9c, 0xa8, 0xe8, 0xaf, 0xbb, 0xe5, 0x8f, 0x96, 0x20, 0x50, 0x6f, 0x73, 0x69, 0x74, 0x20, 0xe5,
    0xae, 0x98, 0xe6, 0x96, 0xb9, 0xe7, 0xa8, 0xb3, 0xe5, 0xae, 0x9a, 0xe7, 0x89, 0x88, 0xe6, 0x9c,
    0xac, 0xe5, 0x88, 0x97, 0xe8, 0xa1, 0xa8, 0x2e, 0x2e, 0x2e, 0x22, 0x0a, 0x20, 0x20, 0x66, 0x69,
    0x0a, 0x0a, 0x20, 0x20, 0x6d, 0x61, 0x70, 0x66, 0x69, 0x6c, 0x65, 0x20, 0x2d, 0x74, 0x20, 0x76,
    0x65, 0x72, 0x73, 0x69, 0x6f, 0x6e, 0x73, 0x20, 0x3c, 0x20, 0x3c, 0x28, 0x0a, 0x20, 0x20, 0x20,
    0x20, 0x63, 0x75, 0x72, 0x6c, 0x20, 0x2d, 0x66, 0x73, 0x53, 0x4c, 0x20, 0x22, 0x24, 0x72, 0x65,
    0x6c, 0x65, 0x61, 0x73, 0x65, 0x73, 0x5f, 0x75, 0x72, 0x6c, 0x22, 0x20, 0x32, 0x3e, 0x2f, 0x64,
    0x65, 0x76, 0x2f, 0x6e, 0x75, 0x6c, 0x6c, 0x20, 0x5c, 0x0a, 0x20, 0x20, 0x20, 0x20, 0x20, 0x20,
    0x7c, 0x20, 0x67, 0x72, 0x65, 0x70, 0x20, 0x2d, 0x6f, 0x45, 0x20, 0x27, 0x2f, 0x76, 0x65, 0x72,
    0x73, 0x69, 0x6f, 0x6e, 0x2f, 0x5b, 0x30, 0x2d, 0x39, 0x5d, 0x7b, 0x34, 0x7d, 0x5c, 0x2e, 0x5b,
    0x30, 0x2d, 0x39, 0x5d, 0x7b, 0x32, 0x7d, 0x5c, 0x2e, 0x5b, 0x30, 0x2d, 0x39, 0x5d, 0x2b, 0x26,
    0x23, 0x34, 0x33, 0x3b, 0x5b, 0x30, 0x2d, 0x39, 0x5d, 0x2b, 0x5c, 0x2e, 0x70, 0x72, 0x6f, 0x5b,
    0x30, 0x2d, 0x39, 0x5d, 0x2b, 0x27, 0x20, 0x5c, 0x0a, 0x20, 0x20, 0x20, 0x20, 0x20, 0x20, 0x7c,
    0x20, 0x73, 0x65, 0x64, 0x20, 0x2d, 0x45, 0x20, 0x27, 0x73, 0x23, 0x5e, 0x2f, 0x76, 0x65, 0x72,
    0x73, 0x69, 0x6f, 0x6e, 0x2f, 0x23, 0x23, 0x3b, 0x20, 0x73, 0x2f, 0x26, 0x23, 0x34, 0x33, 0x3b,
    0x2f, 0x2b, 0x2f, 0x3b, 0x20, 0x73, 0x2f, 0x5c, 0x2e, 0x70, 0x72, 0x6f, 0x5b, 0x30, 0x2d, 0x39,
    0x5d, 0x2b, 0x24, 0x2f, 0x2f, 0x27, 0x20, 0x5c, 0x0a, 0x20, 0x20, 0x20, 0x20, 0x20, 0x20, 0x7c,
    0x20, 0x61, 0x77, 0x6b, 0x20, 0x27, 0x21, 0x73, 0x65, 0x65, 0x6e, 0x5b, 0x24, 0x30, 0x5d, 0x2b,
    0x2b, 0x27, 0x0a, 0x20, 0x20, 0x29, 0x20, 0x7c, 0x7c, 0x20, 0x74, 0x72, 0x75, 0x65, 0x0a, 0x0a,
    0x20, 0x20, 0x69, 0x66, 0x20, 0x28, 0x28, 0x20, 0x24, 0x7b, 0x23, 0x76, 0x65, 0x72, 0x73, 0x69,
    0x6f, 0x6e, 0x73, 0x5b, 0x40, 0x5d, 0x7d, 0x20, 0x3e, 0x20, 0x30, 0x20, 0x29, 0x29, 0x3b, 0x20,
    0x74, 0x68, 0x65, 0x6e, 0x0a, 0x20, 0x20, 0x20, 0x20, 0x6c, 0x6f, 0x63, 0x61, 0x6c, 0x20, 0x69,
    0x20, 0x76, 0x65, 0x72, 0x73, 0x69, 0x6f, 0x6e, 0x20, 0x73, 0x65, 0x72, 0x69, 0x65, 0x73, 0x20,
    0x73, 0x65, 0x6c, 0x65, 0x63, 0x74, 0x65, 0x64, 0x5f, 0x73, 0x65, 0x72, 0x69, 0x65, 0x73, 0x20,
    0x73, 0x65, 0x72, 0x69, 0x65, 0x73, 0x5f, 0x63, 0x68, 0x6f, 0x69, 0x63, 0x65, 0x20, 0x76, 0x65,
    0x72, 0x73, 0x69, 0x6f, 0x6e, 0x5f, 0x63, 0x68, 0x6f, 0x69, 0x63, 0x65, 0x0a, 0x20, 0x20, 0x20,
    0x20, 0x6c, 0x6f, 0x63, 0x61, 0x6c, 0x20, 0x63, 0x75, 0x72, 0x72, 0x65, 0x6e, 0x74, 0x5f, 0x73,
    0x65, 0x72, 0x69, 0x65, 0x73, 0x3d, 0x22, 0x22, 0x0a, 0x20, 0x20, 0x20, 0x20, 0x6c, 0x6f, 0x63,
    0x61, 0x6c, 0x20, 0x2d, 0x61, 0x20, 0x73, 0x65, 0x72, 0x69, 0x65, 0x73, 0x5f, 0x6c, 0x69, 0x73,
    0x74, 0x3d, 0x28, 0x29, 0x20, 0x73, 0x65, 0x72, 0x69, 0x65, 0x73, 0x5f, 0x76, 0x65, 0x72, 0x73,
    0x69, 0x6f, 0x6e, 0x73, 0x3d, 0x28, 0x29, 0x0a, 0x20, 0x20, 0x20, 0x20, 0x64, 0x65, 0x63, 0x6c,
    0x61, 0x72, 0x65, 0x20, 0x2d, 0x41, 0x20, 0x73, 0x65, 0x65, 0x6e, 0x5f, 0x73, 0x65, 0x72, 0x69,
    0x65, 0x73, 0x3d, 0x28, 0x29, 0x0a, 0x0a, 0x20, 0x20, 0x20, 0x20, 0x69, 0x66, 0x20, 0x5b, 0x5b,
    0x20, 0x22, 0x24, 0x63, 0x75, 0x72, 0x72, 0x65, 0x6e, 0x74, 0x5f, 0x76, 0x65, 0x72, 0x73, 0x69,
    0x6f, 0x6e, 0x22, 0x20, 0x3d, 0x7e, 0x20, 0x5e, 0x28, 0x5b, 0x30, 0x2d, 0x39, 0x5d, 0x7b, 0x34,
    0x7d, 0x5c, 0x2e, 0x5b, 0x30, 0x2d, 0x39, 0x5d, 0x7b, 0x32, 0x7d, 0x29, 0x5c, 0x2e, 0x20, 0x5d,
    0x5d, 0x3b, 0x20, 0x74, 0x68, 0x65, 0x6e, 0x0a, 0x20, 0x20, 0x20, 0x20, 0x20, 0x20, 0x63, 0x75,
    0x72, 0x72, 0x65, 0x6e, 0x74, 0x5f, 0x73, 0x65, 0x72, 0x69, 0x65, 0x73, 0x3d, 0x22, 0x24, 0x7b,
    0x42, 0x41, 0x53, 0x48, 0x5f, 0x52, 0x45, 0x4d, 0x41, 0x54, 0x43, 0x48, 0x5b, 0x31, 0x5d, 0x7d,
    0x22, 0x0a, 0x20, 0x20, 0x20, 0x20, 0x66, 0x69, 0x0a, 0x0a, 0x20, 0x20, 0x20, 0x20, 0x66, 0x6f,
    0x72, 0x20, 0x76, 0x65, 0x72, 0x73, 0x69, 0x6f, 0x6e, 0x20, 0x69, 0x6e, 0x20, 0x22, 0x24, 0x7b,
    0x76, 0x65, 0x72, 0x73, 0x69, 0x6f, 0x6e, 0x73, 0x5b, 0x40, 0x5d, 0x7d, 0x22, 0x3b, 0x20, 0x64,
    0x6f, 0x0a, 0x20, 0x20, 0x20, 0x20, 0x20, 0x20, 0x73, 0x65, 0x72, 0x69, 0x65, 0x73, 0x3d, 0x22,
    0x24, 0x7b, 0x76, 0x65, 0x72, 0x73, 0x69, 0x6f, 0x6e, 0x25, 0x2e, 0x2a, 0x7d, 0x22, 0x0a, 0x20,
    0x20, 0x20, 0x20, 0x20, 0x20, 0x69, 0x66, 0x20, 0x5b, 0x5b, 0x20, 0x2d, 0x7a, 0x20, 0x22, 0x24,
    0x7b, 0x73, 0x65, 0x65, 0x6e, 0x5f, 0x73, 0x65, 0x72, 0x69, 0x65, 0x73, 0x5b, 0x24, 0x73, 0x65,
    0x72, 0x69, 0x65, 0x73, 0x5d, 0x3a, 0x2d, 0x7d, 0x22, 0x20, 0x5d, 0x5d, 0x3b, 0x20, 0x74, 0x68,
    0x65, 0x6e, 0x0a, 0x20, 0x20, 0x20, 0x20, 0x20, 0x20, 0x20, 0x20, 0x73, 0x65, 0x72, 0x69, 0x65,
    0x73, 0x5f, 0x6c, 0x69, 0x73, 0x74, 0x2b, 0x3d, 0x28, 0x22, 0x24, 0x73, 0x65, 0x72, 0x69, 0x65,
    0x73, 0x22, 0x29, 0x0a, 0x20, 0x20, 0x20, 0x20, 0x20, 0x20, 0x20, 0x20, 0x73, 0x65, 0x65, 0x6e,
    0x5f, 0x73, 0x65, 0x72, 0x69, 0x65, 0x73, 0x5b, 0x22, 0x24, 0x73, 0x65, 0x72, 0x69, 0x65, 0x73,
    0x22, 0x5d, 0x3d, 0x31, 0x0a, 0x20, 0x20, 0x20, 0x20, 0x20, 0x20, 0x66, 0x69, 0x0a, 0x20, 0x20,
    0x20, 0x20, 0x64, 0x6f, 0x6e, 0x65, 0x0a, 0x0a, 0x20, 0x20, 0x20, 0x20, 0x70, 0x72, 0x69, 0x6e,
    0x74, 0x66, 0x20, 0x27, 0x5c, 0x6e, 0x52, 0x53, 0x74, 0x75, 0x64, 0x69, 0x6f, 0x20, 0x53, 0x65,
    0x72, 0x76, 0x65, 0x72, 0x20, 0xe5, 0xa4, 0xa7, 0xe7, 0x89, 0x88, 0xe6, 0x9c, 0xac, 0xe7, 0xb3,
    0xbb, 0xe5, 0x88, 0x97, 0xef, 0xbc, 0x9a, 0x5c, 0x6e, 0x27, 0x0a, 0x20, 0x20, 0x20, 0x20, 0x66,
    0x6f, 0x72, 0x20, 0x69, 0x20, 0x69, 0x6e, 0x20, 0x22, 0x24, 0x7b, 0x21, 0x73, 0x65, 0x72, 0x69,
    0x65, 0x73, 0x5f, 0x6c, 0x69, 0x73, 0x74, 0x5b, 0x40, 0x5d, 0x7d, 0x22, 0x3b, 0x20, 0x64, 0x6f,
    0x0a, 0x20, 0x20, 0x20, 0x20, 0x20, 0x20, 0x69, 0x66, 0x20, 0x5b, 0x5b, 0x20, 0x22, 0x24, 0x7b,
    0x73, 0x65, 0x72, 0x69, 0x65, 0x73, 0x5f, 0x6c, 0x69, 0x73, 0x74, 0x5b, 0x24, 0x69, 0x5d, 0x7d,
    0x22, 0x20, 0x3d, 0x3d, 0x20, 0x22, 0x24, 0x63, 0x75, 0x72, 0x72, 0x65, 0x6e, 0x74, 0x5f, 0x73,
    0x65, 0x72, 0x69, 0x65, 0x73, 0x22, 0x20, 0x5d, 0x5d, 0x3b, 0x20, 0x74, 0x68, 0x65, 0x6e, 0x0a,
    0x20, 0x20, 0x20, 0x20, 0x20, 0x20, 0x20, 0x20, 0x70, 0x72, 0x69, 0x6e, 0x74, 0x66, 0x20, 0x27,
    0x25, 0x32, 0x64, 0x29, 0x20, 0x25, 0x2d, 0x31, 0x30, 0x73, 0x20, 0x5b, 0xe5, 0xbd, 0x93, 0xe5,
    0x89, 0x8d, 0xe7, 0x89, 0x88, 0xe6, 0x9c, 0xac, 0xe7, 0xb3, 0xbb, 0xe5, 0x88, 0x97, 0x5d, 0x5c,
    0x6e, 0x27, 0x20, 0x22, 0x24, 0x28, 0x28, 0x69, 0x20, 0x2b, 0x20, 0x31, 0x29, 0x29, 0x22, 0x20,
    0x22, 0x24, 0x7b, 0x73, 0x65, 0x72, 0x69, 0x65, 0x73, 0x5f, 0x6c, 0x69, 0x73, 0x74, 0x5b, 0x24,
    0x69, 0x5d, 0x7d, 0x22, 0x0a, 0x20, 0x20, 0x20, 0x20, 0x20, 0x20, 0x65, 0x6c, 0x73, 0x65, 0x0a,
    0x20, 0x20, 0x20, 0x20, 0x20, 0x20, 0x20, 0x20, 0x70, 0x72, 0x69, 0x6e, 0x74, 0x66, 0x20, 0x27,
    0x25, 0x32, 0x64, 0x29, 0x20, 0x25, 0x73, 0x5c, 0x6e, 0x27, 0x20, 0x22, 0x24, 0x28, 0x28, 0x69,
    0x20, 0x2b, 0x20, 0x31, 0x29, 0x29, 0x22, 0x20, 0x22, 0x24, 0x7b, 0x73, 0x65, 0x72, 0x69, 0x65,
    0x73, 0x5f, 0x6c, 0x69, 0x73, 0x74, 0x5b, 0x24, 0x69, 0x5d, 0x7d, 0x22, 0x0a, 0x20, 0x20, 0x20,
    0x20, 0x20, 0x20, 0x66, 0x69, 0x0a, 0x20, 0x20, 0x20, 0x20, 0x64, 0x6f, 0x6e, 0x65, 0x0a, 0x20,
    0x20, 0x20, 0x20, 0x70, 0x72, 0x69, 0x6e, 0x74, 0x66, 0x20, 0x27, 0x25, 0x32, 0x64, 0x29, 0x20,
    0xe7, 0x9b, 0xb4, 0xe6, 0x8e, 0xa5, 0xe6, 0x8c, 0x87, 0xe5, 0xae, 0x9a, 0xe5, 0xae, 0x8c, 0xe6,
    0x95, 0xb4, 0xe7, 0x89, 0x88, 0xe6, 0x9c, 0xac, 0xe5, 0x8f, 0xb7, 0x5c, 0x6e, 0x27, 0x20, 0x22,
    0x24, 0x28, 0x28, 0x24, 0x7b, 0x23, 0x73, 0x65, 0x72, 0x69, 0x65, 0x73, 0x5f, 0x6c, 0x69, 0x73,
    0x74, 0x5b, 0x40, 0x5d, 0x7d, 0x20, 0x2b, 0x20, 0x31, 0x29, 0x29, 0x22, 0x0a, 0x0a, 0x20, 0x20,
    0x20, 0x20, 0x72, 0x65, 0x61, 0x64, 0x20, 0x2d, 0x72, 0x20, 0x2d, 0x70, 0x20, 0x22, 0xe9, 0x80,
    0x89, 0xe6, 0x8b, 0xa9, 0xe5, 0xa4, 0xa7, 0xe7, 0x89, 0x88, 0xe6, 0x9c, 0xac, 0xe7, 0xb3, 0xbb,
    0xe5, 0x88, 0x97, 0x20, 0x5b, 0x31, 0x5d, 0x3a, 0x20, 0x22, 0x20, 0x73, 0x65, 0x72, 0x69, 0x65,
    0x73, 0x5f, 0x63, 0x68, 0x6f, 0x69, 0x63, 0x65, 0x0a, 0x20, 0x20, 0x20, 0x20, 0x73, 0x65, 0x72,
    0x69, 0x65, 0x73, 0x5f, 0x63, 0x68, 0x6f, 0x69, 0x63, 0x65, 0x3d, 0x22, 0x24, 0x7b, 0x73, 0x65,
    0x72, 0x69, 0x65, 0x73, 0x5f, 0x63, 0x68, 0x6f, 0x69, 0x63, 0x65, 0x3a, 0x2d, 0x31, 0x7d, 0x22,
    0x0a, 0x0a, 0x20, 0x20, 0x20, 0x20, 0x69, 0x66, 0x20, 0x5b, 0x5b, 0x20, 0x22, 0x24, 0x73, 0x65,
    0x72, 0x69, 0x65, 0x73, 0x5f, 0x63, 0x68, 0x6f, 0x69, 0x63, 0x65, 0x22, 0x20, 0x3d, 0x7e, 0x20,
    0x5e, 0x5b, 0x30, 0x2d, 0x39, 0x5d, 0x2b, 0x24, 0x20, 0x5d, 0x5d, 0x20, 0x26, 0x26, 0x20, 0x28,
    0x28, 0x20, 0x73, 0x65, 0x72, 0x69, 0x65, 0x73, 0x5f, 0x63, 0x68, 0x6f, 0x69, 0x63, 0x65, 0x20,
    0x3e, 0x3d, 0x20, 0x31, 0x20, 0x26, 0x26, 0x20, 0x73, 0x65, 0x72, 0x69, 0x65, 0x73, 0x5f, 0x63,
    0x68, 0x6f, 0x69, 0x63, 0x65, 0x20, 0x3c, 0x3d, 0x20, 0x24, 0x7b, 0x23, 0x73, 0x65, 0x72, 0x69,
    0x65, 0x73, 0x5f, 0x6c, 0x69, 0x73, 0x74, 0x5b, 0x40, 0x5d, 0x7d, 0x20, 0x29, 0x29, 0x3b, 0x20,
    0x74, 0x68, 0x65, 0x6e, 0x0a, 0x20, 0x20, 0x20, 0x20, 0x20, 0x20, 0x73, 0x65, 0x6c, 0x65, 0x63,
    0x74, 0x65, 0x64, 0x5f, 0x73, 0x65, 0x72, 0x69, 0x65, 0x73, 0x3d, 0x22, 0x24, 0x7b, 0x73, 0x65,
    0x72, 0x69, 0x65, 0x73, 0x5f, 0x6c, 0x69, 0x73, 0x74, 0x5b, 0x24, 0x28, 0x28, 0x73, 0x65, 0x72,
    0x69, 0x65, 0x73, 0x5f, 0x63, 0x68, 0x6f, 0x69, 0x63, 0x65, 0x20, 0x2d, 0x20, 0x31, 0x29, 0x29,
    0x5d, 0x7d, 0x22, 0x0a, 0x0a, 0x20, 0x20, 0x20, 0x20, 0x20, 0x20, 0x66, 0x6f, 0x72, 0x20, 0x76,
    0x65, 0x72, 0x73, 0x69, 0x6f, 0x6e, 0x20, 0x69, 0x6e, 0x20, 0x22, 0x24, 0x7b, 0x76, 0x65, 0x72,
    0x73, 0x69, 0x6f, 0x6e, 0x73, 0x5b, 0x40, 0x5d, 0x7d, 0x22, 0x3b, 0x20, 0x64, 0x6f, 0x0a, 0x20,
    0x20, 0x20, 0x20, 0x20, 0x20, 0x20, 0x20, 0x69, 0x66, 0x20, 0x5b, 0x5b, 0x20, 0x22, 0x24, 0x76,
    0x65, 0x72, 0x73, 0x69, 0x6f, 0x6e, 0x22, 0x20, 0x3d, 0x3d, 0x20, 0x22, 0x24, 0x73, 0x65, 0x6c,
    0x65, 0x63, 0x74, 0x65, 0x64, 0x5f, 0x73, 0x65, 0x72, 0x69, 0x65, 0x73, 0x2e, 0x22, 0x2a, 0x20,
    0x5d, 0x5d, 0x3b, 0x20, 0x74, 0x68, 0x65, 0x6e, 0x0a, 0x20, 0x20, 0x20, 0x20, 0x20, 0x20, 0x20,
    0x20, 0x20, 0x20, 0x73, 0x65, 0x72, 0x69, 0x65, 0x73, 0x5f, 0x76, 0x65, 0x72, 0x73, 0x69, 0x6f,
    0x6e, 0x73, 0x2b, 0x3d, 0x28, 0x22, 0x24, 0x76, 0x65, 0x72, 0x73, 0x69, 0x6f, 0x6e, 0x22, 0x29,
    0x0a, 0x20, 0x20, 0x20, 0x20, 0x20, 0x20, 0x20, 0x20, 0x66, 0x69, 0x0a, 0x20, 0x20, 0x20, 0x20,
    0x20, 0x20, 0x64, 0x6f, 0x6e, 0x65, 0x0a, 0x0a, 0x20, 0x20, 0x20, 0x20, 0x20, 0x20, 0x70, 0x72,
    0x69, 0x6e, 0x74, 0x66, 0x20, 0x27, 0x5c, 0x6e, 0x25, 0x73, 0x20, 0xe7, 0xb3, 0xbb, 0xe5, 0x88,
    0x97, 0xe5, 0x8f, 0xaf, 0xe7, 0x94, 0xa8, 0xe7, 0x89, 0x88, 0xe6, 0x9c, 0xac, 0xef, 0xbc, 0x9a,
    0x5c, 0x6e, 0x27, 0x20, 0x22, 0x24, 0x73, 0x65, 0x6c, 0x65, 0x63, 0x74, 0x65, 0x64, 0x5f, 0x73,
    0x65, 0x72, 0x69, 0x65, 0x73, 0x22, 0x0a, 0x20, 0x20, 0x20, 0x20, 0x20, 0x20, 0x66, 0x6f, 0x72,
    0x20, 0x69, 0x20, 0x69, 0x6e, 0x20, 0x22, 0x24, 0x7b, 0x21, 0x73, 0x65, 0x72, 0x69, 0x65, 0x73,
    0x5f, 0x76, 0x65, 0x72, 0x73, 0x69, 0x6f, 0x6e, 0x73, 0x5b, 0x40, 0x5d, 0x7d, 0x22, 0x3b, 0x20,
    0x64, 0x6f, 0x0a, 0x20, 0x20, 0x20, 0x20, 0x20, 0x20, 0x20, 0x20, 0x69, 0x66, 0x20, 0x5b, 0x5b,
    0x20, 0x22, 0x24, 0x7b, 0x73, 0x65, 0x72, 0x69, 0x65, 0x73, 0x5f, 0x76, 0x65, 0x72, 0x73, 0x69,
    0x6f, 0x6e, 0x73, 0x5b, 0x24, 0x69, 0x5d, 0x7d, 0x22, 0x20, 0x3d, 0x3d, 0x20, 0x22, 0x24, 0x63,
    0x75, 0x72, 0x72, 0x65, 0x6e, 0x74, 0x5f, 0x76, 0x65, 0x72, 0x73, 0x69, 0x6f, 0x6e, 0x22, 0x20,
    0x5d, 0x5d, 0x3b, 0x20, 0x74, 0x68, 0x65, 0x6e, 0x0a, 0x20, 0x20, 0x20, 0x20, 0x20, 0x20, 0x20,
    0x20, 0x20, 0x20, 0x70, 0x72, 0x69, 0x6e, 0x74, 0x66, 0x20, 0x27, 0x25, 0x32, 0x64, 0x29, 0x20,
    0x25, 0x2d, 0x32, 0x30, 0x73, 0x20, 0x5b, 0xe5, 0xbd, 0x93, 0xe5, 0x89, 0x8d, 0xe7, 0x89, 0x88,
    0xe6, 0x9c, 0xac, 0x5d, 0x5c, 0x6e, 0x27, 0x20, 0x22, 0x24, 0x28, 0x28, 0x69, 0x20, 0x2b, 0x20,
    0x31, 0x29, 0x29, 0x22, 0x20, 0x22, 0x24, 0x7b, 0x73, 0x65, 0x72, 0x69, 0x65, 0x73, 0x5f, 0x76,
    0x65, 0x72, 0x73, 0x69, 0x6f, 0x6e, 0x73, 0x5b, 0x24, 0x69, 0x5d, 0x7d, 0x22, 0x0a, 0x20, 0x20,
    0x20, 0x20, 0x20, 0x20, 0x20, 0x20, 0x65, 0x6c, 0x73, 0x65, 0x0a, 0x20, 0x20, 0x20, 0x20, 0x20,
    0x20, 0x20, 0x20, 0x20, 0x20, 0x70, 0x72, 0x69, 0x6e, 0x74, 0x66, 0x20, 0x27, 0x25, 0x32, 0x64,
    0x29, 0x20, 0x25, 0x73, 0x5c, 0x6e, 0x27, 0x20, 0x22, 0x24, 0x28, 0x28, 0x69, 0x20, 0x2b, 0x20,
    0x31, 0x29, 0x29, 0x22, 0x20, 0x22, 0x24, 0x7b, 0x73, 0x65, 0x72, 0x69, 0x65, 0x73, 0x5f, 0x76,
    0x65, 0x72, 0x73, 0x69, 0x6f, 0x6e, 0x73, 0x5b, 0x24, 0x69, 0x5d, 0x7d, 0x22, 0x0a, 0x20, 0x20,
    0x20, 0x20, 0x20, 0x20, 0x20, 0x20, 0x66, 0x69, 0x0a, 0x20, 0x20, 0x20, 0x20, 0x20, 0x20, 0x64,
    0x6f, 0x6e, 0x65, 0x0a, 0x20, 0x20, 0x20, 0x20, 0x20, 0x20, 0x70, 0x72, 0x69, 0x6e, 0x74, 0x66,
    0x20, 0x27, 0x25, 0x32, 0x64, 0x29, 0x20, 0xe7, 0x9b, 0xb4, 0xe6, 0x8e, 0xa5, 0xe6, 0x8c, 0x87,
    0xe5, 0xae, 0x9a, 0xe5, 0xae, 0x8c, 0xe6, 0x95, 0xb4, 0xe7, 0x89, 0x88, 0xe6, 0x9c, 0xac, 0xe5,
    0x8f, 0xb7, 0x5c, 0x6e, 0x27, 0x20, 0x22, 0x24, 0x28, 0x28, 0x24, 0x7b, 0x23, 0x73, 0x65, 0x72,
    0x69, 0x65, 0x73, 0x5f, 0x76, 0x65, 0x72, 0x73, 0x69, 0x6f, 0x6e, 0x73, 0x5b, 0x40, 0x5d, 0x7d,
    0x20, 0x2b, 0x20, 0x31, 0x29, 0x29, 0x22, 0x0a, 0x0a, 0x20, 0x20, 0x20, 0x20, 0x20, 0x20, 0x72,
    0x65, 0x61, 0x64, 0x20, 0x2d, 0x72, 0x20, 0x2d, 0x70, 0x20, 0x22, 0xe9, 0x80, 0x89, 0xe6, 0x8b,
    0xa9, 0xe5, 0x85, 0xb7, 0xe4, 0xbd, 0x93, 0xe7, 0x89, 0x88, 0xe6, 0x9c, 0xac, 0x20, 0x5b, 0x31,
    0x5d, 0x3a, 0x20, 0x22, 0x20, 0x76, 0x65, 0x72, 0x73, 0x69, 0x6f, 0x6e, 0x5f, 0x63, 0x68, 0x6f,
    0x69, 0x63, 0x65, 0x0a, 0x20, 0x20, 0x20, 0x20, 0x20, 0x20, 0x76, 0x65, 0x72, 0x73, 0x69, 0x6f,
    0x6e, 0x5f, 0x63, 0x68, 0x6f, 0x69, 0x63, 0x65, 0x3d, 0x22, 0x24, 0x7b, 0x76, 0x65, 0x72, 0x73,
    0x69, 0x6f, 0x6e, 0x5f, 0x63, 0x68, 0x6f, 0x69, 0x63, 0x65, 0x3a, 0x2d, 0x31, 0x7d, 0x22, 0x0a,
    0x0a, 0x20, 0x20, 0x20, 0x20, 0x20, 0x20, 0x69, 0x66, 0x20, 0x5b, 0x5b, 0x20, 0x22, 0x24, 0x76,
    0x65, 0x72, 0x73, 0x69, 0x6f, 0x6e, 0x5f, 0x63, 0x68, 0x6f, 0x69, 0x63, 0x65, 0x22, 0x20, 0x3d,
    0x7e, 0x20, 0x5e, 0x5b, 0x30, 0x2d, 0x39, 0x5d, 0x2b, 0x24, 0x20, 0x5d, 0x5d, 0x20, 0x26, 0x26,
    0x20, 0x28, 0x28, 0x20, 0x76, 0x65, 0x72, 0x73, 0x69, 0x6f, 0x6e, 0x5f, 0x63, 0x68, 0x6f, 0x69,
    0x63, 0x65, 0x20, 0x3e, 0x3d, 0x20, 0x31, 0x20, 0x26, 0x26, 0x20, 0x76, 0x65, 0x72, 0x73, 0x69,
    0x6f, 0x6e, 0x5f, 0x63, 0x68, 0x6f, 0x69, 0x63, 0x65, 0x20, 0x3c, 0x3d, 0x20, 0x24, 0x7b, 0x23,
    0x73, 0x65, 0x72, 0x69, 0x65, 0x73, 0x5f, 0x76, 0x65, 0x72, 0x73, 0x69, 0x6f, 0x6e, 0x73, 0x5b,
    0x40, 0x5d, 0x7d, 0x20, 0x29, 0x29, 0x3b, 0x20, 0x74, 0x68, 0x65, 0x6e, 0x0a, 0x20, 0x20, 0x20,
    0x20, 0x20, 0x20, 0x20, 0x20, 0x74, 0x61, 0x72, 0x67, 0x65, 0x74, 0x5f, 0x76, 0x65, 0x72, 0x73,
    0x69, 0x6f, 0x6e, 0x3d, 0x22, 0x24, 0x7b, 0x73, 0x65, 0x72, 0x69, 0x65, 0x73, 0x5f, 0x76, 0x65,
    0x72, 0x73, 0x69, 0x6f, 0x6e, 0x73, 0x5b, 0x24, 0x28, 0x28, 0x76, 0x65, 0x72, 0x73, 0x69, 0x6f,
    0x6e, 0x5f, 0x63, 0x68, 0x6f, 0x69, 0x63, 0x65, 0x20, 0x2d, 0x20, 0x31, 0x29, 0x29, 0x5d, 0x7d,
    0x22, 0x0a, 0x20, 0x20, 0x20, 0x20, 0x20, 0x20, 0x65, 0x6c, 0x69, 0x66, 0x20, 0x5b, 0x5b, 0x20,
    0x22, 0x24, 0x76, 0x65, 0x72, 0x73, 0x69, 0x6f, 0x6e, 0x5f, 0x63, 0x68, 0x6f, 0x69, 0x63, 0x65,
    0x22, 0x20, 0x3d, 0x7e, 0x20, 0x5e, 0x5b, 0x30, 0x2d, 0x39, 0x5d, 0x2b, 0x24, 0x20, 0x5d, 0x5d,
    0x20, 0x26, 0x26, 0x20, 0x28, 0x28, 0x20, 0x76, 0x65, 0x72, 0x73, 0x69, 0x6f, 0x6e, 0x5f, 0x63,
    0x68, 0x6f, 0x69, 0x63, 0x65, 0x20, 0x3d, 0x3d, 0x20, 0x24, 0x7b, 0x23, 0x73, 0x65, 0x72, 0x69,
    0x65, 0x73, 0x5f, 0x76, 0x65, 0x72, 0x73, 0x69, 0x6f, 0x6e, 0x73, 0x5b, 0x40, 0x5d, 0x7d, 0x20,
    0x2b, 0x20, 0x31, 0x20, 0x29, 0x29, 0x3b, 0x20, 0x74, 0x68, 0x65, 0x6e, 0x0a, 0x20, 0x20, 0x20,
    0x20, 0x20, 0x20, 0x20, 0x20, 0x72, 0x65, 0x61, 0x64, 0x20, 0x2d, 0x72, 0x20, 0x2d, 0x70, 0x20,
    0x22, 0xe8, 0xbe, 0x93, 0xe5, 0x85, 0xa5, 0xe5, 0xae, 0x8c, 0xe6, 0x95, 0xb4, 0xe7, 0x89, 0x88,
    0xe6, 0x9c, 0xac, 0xe5, 0x8f, 0xb7, 0xef, 0xbc, 0x8c, 0xe4, 0xbe, 0x8b, 0xe5, 0xa6, 0x82, 0x20,
    0x32, 0x30, 0x32, 0x35, 0x2e, 0x30, 0x35, 0x2e, 0x31, 0x2b, 0x35, 0x31, 0x33, 0x3a, 0x20, 0x22,
    0x20, 0x6d, 0x61, 0x6e, 0x75, 0x61, 0x6c, 0x5f, 0x76, 0x65, 0x72, 0x73, 0x69, 0x6f, 0x6e, 0x0a,
    0x20, 0x20, 0x20, 0x20, 0x20, 0x20, 0x20, 0x20, 0x74, 0x61, 0x72, 0x67, 0x65, 0x74, 0x5f, 0x76,
    0x65, 0x72, 0x73, 0x69, 0x6f, 0x6e, 0x3d, 0x22, 0x24, 0x6d, 0x61, 0x6e, 0x75, 0x61, 0x6c, 0x5f,
    0x76, 0x65, 0x72, 0x73, 0x69, 0x6f, 0x6e, 0x22, 0x0a, 0x20, 0x20, 0x20, 0x20, 0x20, 0x20, 0x65,
    0x6c, 0x73, 0x65, 0x0a, 0x20, 0x20, 0x20, 0x20, 0x20, 0x20, 0x20, 0x20, 0x77, 0x61, 0x72, 0x6e,
    0x20, 0x22, 0xe6, 0x97, 0xa0, 0xe6, 0x95, 0x88, 0xe5, 0x85, 0xb7, 0xe4, 0xbd, 0x93, 0xe7, 0x89,
    0x88, 0xe6, 0x9c, 0xac, 0xe9, 0x80, 0x89, 0xe6, 0x8b, 0xa9, 0xe3, 0x80, 0x82, 0x22, 0x0a, 0x20,
    0x20, 0x20, 0x20, 0x20, 0x20, 0x20, 0x20, 0x72, 0x65, 0x74, 0x75, 0x72, 0x6e, 0x20, 0x31, 0x0a,
    0x20, 0x20, 0x20, 0x20, 0x20, 0x20, 0x66, 0x69, 0x0a, 0x20, 0x20, 0x20, 0x20, 0x65, 0x6c, 0x69,
    0x66, 0x20, 0x5b, 0x5b, 0x20, 0x22, 0x24, 0x73, 0x65, 0x72, 0x69, 0x65, 0x73, 0x5f, 0x63, 0x68,
    0x6f, 0x69, 0x63, 0x65, 0x22, 0x20, 0x3d, 0x7e, 0x20, 0x5e, 0x5b, 0x30, 0x2d, 0x39, 0x5d, 0x2b,
    0x24, 0x20, 0x5d, 0x5d, 0x20, 0x26, 0x26, 0x20, 0x28, 0x28, 0x20, 0x73, 0x65, 0x72, 0x69, 0x65,
    0x73, 0x5f, 0x63, 0x68, 0x6f, 0x69, 0x63, 0x65, 0x20, 0x3d, 0x3d, 0x20, 0x24, 0x7b, 0x23, 0x73,
    0x65, 0x72, 0x69, 0x65, 0x73, 0x5f, 0x6c, 0x69, 0x73, 0x74, 0x5b, 0x40, 0x5d, 0x7d, 0x20, 0x2b,
    0x20, 0x31, 0x20, 0x29, 0x29, 0x3b, 0x20, 0x74, 0x68, 0x65, 0x6e, 0x0a, 0x20, 0x20, 0x20, 0x20,
    0x20, 0x20, 0x72, 0x65, 0x61, 0x64, 0x20, 0x2d, 0x72, 0x20, 0x2d, 0x70, 0x20, 0x22, 0xe8, 0xbe,
    0x93, 0xe5, 0x85, 0xa5, 0xe5, 0xae, 0x8c, 0xe6, 0x95, 0xb4, 0xe7, 0x89, 0x88, 0xe6, 0x9c, 0xac,
    0xe5, 0x8f, 0xb7, 0xef, 0xbc, 0x8c, 0xe4, 0xbe, 0x8b, 0xe5, 0xa6, 0x82, 0x20, 0x32, 0x30, 0x32,
    0x35, 0x2e, 0x30, 0x35, 0x2e, 0x31, 0x2b, 0x35, 0x31, 0x33, 0x3a, 0x20, 0x22, 0x20, 0x6d, 0x61,
    0x6e, 0x75, 0x61, 0x6c, 0x5f, 0x76, 0x65, 0x72, 0x73, 0x69, 0x6f, 0x6e, 0x0a, 0x20, 0x20, 0x20,
    0x20, 0x20, 0x20, 0x74, 0x61, 0x72, 0x67, 0x65, 0x74, 0x5f, 0x76, 0x65, 0x72, 0x73, 0x69, 0x6f,
    0x6e, 0x3d, 0x22, 0x24, 0x6d, 0x61, 0x6e, 0x75, 0x61, 0x6c, 0x5f, 0x76, 0x65, 0x72, 0x73, 0x69,
    0x6f, 0x6e, 0x22, 0x0a, 0x20, 0x20, 0x20, 0x20, 0x65, 0x6c, 0x73, 0x65, 0x0a, 0x20, 0x20, 0x20,
    0x20, 0x20, 0x20, 0x77, 0x61, 0x72, 0x6e, 0x20, 0x22, 0xe6, 0x97, 0xa0, 0xe6, 0x95, 0x88, 0xe5,
    0xa4, 0xa7, 0xe7, 0x89, 0x88, 0xe6, 0x9c, 0xac, 0xe9, 0x80, 0x89, 0xe6, 0x8b, 0xa9, 0xe3, 0x80,
    0x82, 0x22, 0x0a, 0x20, 0x20, 0x20, 0x20, 0x20, 0x20, 0x72, 0x65, 0x74, 0x75, 0x72, 0x6e, 0x20,
    0x31, 0x0a, 0x20, 0x20, 0x20, 0x20, 0x66, 0x69, 0x0a, 0x20, 0x20, 0x65, 0x6c, 0x73, 0x65, 0x0a,
    0x20, 0x20, 0x20, 0x20, 0x77, 0x61, 0x72, 0x6e, 0x20, 0x22, 0xe6, 0x97, 0xa0, 0xe6, 0xb3, 0x95,
    0xe4, 0xbb, 0x8e, 0x20, 0x50, 0x6f, 0x73, 0x69, 0x74, 0x20, 0xe8, 0x8e, 0xb7, 0xe5, 0x8f, 0x96,
    0xe7, 0x89, 0x88, 0xe6, 0x9c, 0xac, 0xe5, 0x88, 0x97, 0xe8, 0xa1, 0xa8, 0xef, 0xbc, 0x9b, 0xe5,
    0x8f, 0xaf, 0xe7, 0x9b, 0xb4, 0xe6, 0x8e, 0xa5, 0xe6, 0x8c, 0x87, 0xe5, 0xae, 0x9a, 0xe5, 0xae,
    0x8c, 0xe6, 0x95, 0xb4, 0xe7, 0x89, 0x88, 0xe6, 0x9c, 0xac, 0xe5, 0x8f, 0xb7, 0xe3, 0x80, 0x82,
    0x22, 0x0a, 0x20, 0x20, 0x20, 0x20, 0x72, 0x65, 0x61, 0x64, 0x20, 0x2d, 0x72, 0x20, 0x2d, 0x70,
    0x20, 0x22, 0xe7, 0x9b, 0xae, 0xe6, 0xa0, 0x87, 0xe7, 0x89, 0x88, 0xe6, 0x9c, 0xac, 0xef, 0xbc,
    0x8c, 0xe4, 0xbe, 0x8b, 0xe5, 0xa6, 0x82, 0x20, 0x32, 0x30, 0x32, 0x35, 0x2e, 0x30, 0x35, 0x2e,
    0x31, 0x2b, 0x35, 0x31, 0x33, 0x3a, 0x20, 0x22, 0x20, 0x74, 0x61, 0x72, 0x67, 0x65, 0x74, 0x5f,
    0x76, 0x65, 0x72, 0x73, 0x69, 0x6f, 0x6e, 0x0a, 0x20, 0x20, 0x66, 0x69, 0x0a, 0x0a, 0x20, 0x20,
    0x5b, 0x5b, 0x20, 0x22, 0x24, 0x74, 0x61, 0x72, 0x67, 0x65, 0x74, 0x5f, 0x76, 0x65, 0x72, 0x73,
    0x69, 0x6f, 0x6e, 0x22, 0x20, 0x3d, 0x7e, 0x20, 0x5e, 0x5b, 0x30, 0x2d, 0x39, 0x5d, 0x7b, 0x34,
    0x7d, 0x5c, 0x2e, 0x5b, 0x30, 0x2d, 0x39, 0x5d, 0x7b, 0x32, 0x7d, 0x5c, 0x2e, 0x5b, 0x30, 0x2d,
    0x39, 0x5d, 0x2b, 0x5c, 0x2b, 0x5b, 0x30, 0x2d, 0x39, 0x5d, 0x2b, 0x24, 0x20, 0x5d, 0x5d, 0x20,
    0x7c, 0x7c, 0x20, 0x7b, 0x0a, 0x20, 0x20, 0x20, 0x20, 0x77, 0x61, 0x72, 0x6e, 0x20, 0x22, 0xe7,
    0x89, 0x88, 0xe6, 0x9c, 0xac, 0xe5, 0x8f, 0xb7, 0xe6, 0xa0, 0xbc, 0xe5, 0xbc, 0x8f, 0xe4, 0xb8,
    0x8d, 0xe6, 0xad, 0xa3, 0xe7, 0xa1, 0xae, 0xef, 0xbc, 0x8c, 0xe5, 0xba, 0x94, 0xe7, 0xb1, 0xbb,
    0xe4, 0xbc, 0xbc, 0x20, 0x32, 0x30, 0x32, 0x36, 0x2e, 0x30, 0x39, 0x2e, 0x30, 0x2b, 0x31, 0x37,
    0x34, 0xe3, 0x80, 0x82, 0x22, 0x0a, 0x20, 0x20, 0x20, 0x20, 0x72, 0x65, 0x74, 0x75, 0x72, 0x6e,
    0x20, 0x31, 0x0a, 0x20, 0x20, 0x7d, 0x0a, 0x0a, 0x20, 0x20, 0x66, 0x69, 0x6c, 0x65, 0x5f, 0x76,
    0x65, 0x72, 0x73, 0x69, 0x6f, 0x6e, 0x3d, 0x22, 0x24, 0x7b, 0x74, 0x61, 0x72, 0x67, 0x65, 0x74,
    0x5f, 0x76, 0x65, 0x72, 0x73, 0x69, 0x6f, 0x6e, 0x2f, 0x2b, 0x2f, 0x2d, 0x7d, 0x22, 0x0a, 0x20,
    0x20, 0x75, 0x72, 0x6c, 0x3d, 0x22, 0x24, 0x64, 0x6f, 0x77, 0x6e, 0x6c, 0x6f, 0x61, 0x64, 0x5f,
    0x62, 0x61, 0x73, 0x65, 0x2f, 0x72, 0x73, 0x74, 0x75, 0x64, 0x69, 0x6f, 0x2d, 0x73, 0x65, 0x72,
    0x76, 0x65, 0x72, 0x2d, 0x24, 0x7b, 0x66, 0x69, 0x6c, 0x65, 0x5f, 0x76, 0x65, 0x72, 0x73, 0x69,
    0x6f, 0x6e, 0x7d, 0x2d, 0x61, 0x6d, 0x64, 0x36, 0x34, 0x2e, 0x64, 0x65, 0x62, 0x22, 0x0a, 0x0a,
    0x20, 0x20, 0x69, 0x66, 0x20, 0x28, 0x28, 0x20, 0x69, 0x6e, 0x73, 0x74, 0x61, 0x6c, 0x6c, 0x65,
    0x64, 0x20, 0x29, 0x29, 0x3b, 0x20, 0x74, 0x68, 0x65, 0x6e, 0x0a, 0x20, 0x20, 0x20, 0x20, 0x69,
    0x66, 0x20, 0x64, 0x70, 0x6b, 0x67, 0x20, 0x2d, 0x2d, 0x63, 0x6f, 0x6d, 0x70, 0x61, 0x72, 0x65,
    0x2d, 0x76, 0x65, 0x72, 0x73, 0x69, 0x6f, 0x6e, 0x73, 0x20, 0x22, 0x24, 0x74, 0x61, 0x72, 0x67,
    0x65, 0x74, 0x5f, 0x76, 0x65, 0x72, 0x73, 0x69, 0x6f, 0x6e, 0x22, 0x20, 0x67, 0x74, 0x20, 0x22,
    0x24, 0x63, 0x75, 0x72, 0x72, 0x65, 0x6e, 0x74, 0x5f, 0x76, 0x65, 0x72, 0x73, 0x69, 0x6f, 0x6e,
    0x22, 0x3b, 0x20, 0x74, 0x68, 0x65, 0x6e, 0x0a, 0x20, 0x20, 0x20, 0x20, 0x20, 0x20, 0x61, 0x63,
    0x74, 0x69, 0x6f, 0x6e, 0x3d, 0x22, 0xe5, 0x8d, 0x87, 0xe7, 0xba, 0xa7, 0x22, 0x0a, 0x20, 0x20,
    0x20, 0x20, 0x65, 0x6c, 0x69, 0x66, 0x20, 0x64, 0x70, 0x6b, 0x67, 0x20, 0x2d, 0x2d, 0x63, 0x6f,
    0x6d, 0x70, 0x61, 0x72, 0x65, 0x2d, 0x76, 0x65, 0x72, 0x73, 0x69, 0x6f, 0x6e, 0x73, 0x20, 0x22,
    0x24, 0x74, 0x61, 0x72, 0x67, 0x65, 0x74, 0x5f, 0x76, 0x65, 0x72, 0x73, 0x69, 0x6f, 0x6e, 0x22,
    0x20, 0x6c, 0x74, 0x20, 0x22, 0x24, 0x63, 0x75, 0x72, 0x72, 0x65, 0x6e, 0x74, 0x5f, 0x76, 0x65,
    0x72, 0x73, 0x69, 0x6f, 0x6e, 0x22, 0x3b, 0x20, 0x74, 0x68, 0x65, 0x6e, 0x0a, 0x20, 0x20, 0x20,
    0x20, 0x20, 0x20, 0x61, 0x63, 0x74, 0x69, 0x6f, 0x6e, 0x3d, 0x22, 0xe9, 0x99, 0x8d, 0xe7, 0xba,
    0xa7, 0x22, 0x0a, 0x20, 0x20, 0x20, 0x20, 0x65, 0x6c, 0x73, 0x65, 0x0a, 0x20, 0x20, 0x20, 0x20,
    0x20, 0x20, 0x61, 0x63, 0x74, 0x69, 0x6f, 0x6e, 0x3d, 0x22, 0xe9, 0x87, 0x8d, 0xe8, 0xa3, 0x85,
    0x22, 0x0a, 0x20, 0x20, 0x20, 0x20, 0x66, 0x69, 0x0a, 0x20, 0x20, 0x65, 0x6c, 0x73, 0x65, 0x0a,
    0x20, 0x20, 0x20, 0x20, 0x61, 0x63, 0x74, 0x69, 0x6f, 0x6e, 0x3d, 0x22, 0xe5, 0xae, 0x89, 0xe8,
    0xa3, 0x85, 0x22, 0x0a, 0x20, 0x20, 0x66, 0x69, 0x0a, 0x0a, 0x20, 0x20, 0x70, 0x72, 0x69, 0x6e,
    0x74, 0x66, 0x20, 0x27, 0x5c, 0x6e, 0x52, 0x53, 0x74, 0x75, 0x64, 0x69, 0x6f, 0x20, 0x53, 0x65,
    0x72, 0x76, 0x65, 0x72, 0x20, 0xe6, 0x93, 0x8d, 0xe4, 0xbd, 0x9c, 0xe7, 0xa1, 0xae, 0xe8, 0xae,
    0xa4, 0xef, 0xbc, 0x9a, 0x5c, 0x6e, 0x27, 0x0a, 0x20, 0x20, 0x70, 0x72, 0x69, 0x6e, 0x74, 0x66,
    0x20, 0x27, 0x20, 0x20, 0xe5, 0xbd, 0x93, 0xe5, 0x89, 0x8d, 0xe7, 0x89, 0x88, 0xe6, 0x9c, 0xac,
    0x3a, 0x20, 0x25, 0x73, 0x5c, 0x6e, 0x27, 0x20, 0x22, 0x24, 0x7b, 0x63, 0x75, 0x72, 0x72, 0x65,
    0x6e, 0x74, 0x5f, 0x76, 0x65, 0x72, 0x73, 0x69, 0x6f, 0x6e, 0x3a, 0x2d, 0xe6, 0x9c, 0xaa, 0xe5,
    0xae, 0x89, 0xe8, 0xa3, 0x85, 0x7d, 0x22, 0x0a, 0x20, 0x20, 0x70, 0x72, 0x69, 0x6e, 0x74, 0x66,
    0x20, 0x27, 0x20, 0x20, 0xe7, 0x9b, 0xae, 0xe6, 0xa0, 0x87, 0xe7, 0x89, 0x88, 0xe6, 0x9c, 0xac,
    0x3a, 0x20, 0x25, 0x73, 0x5c, 0x6e, 0x27, 0x20, 0x22, 0x24, 0x74, 0x61, 0x72, 0x67, 0x65, 0x74,
    0x5f, 0x76, 0x65, 0x72, 0x73, 0x69, 0x6f, 0x6e, 0x22, 0x0a, 0x20, 0x20, 0x70, 0x72, 0x69, 0x6e,
    0x74, 0x66, 0x20, 0x27, 0x20, 0x20, 0xe6, 0x93, 0x8d, 0xe4, 0xbd, 0x9c, 0xe7, 0xb1, 0xbb, 0xe5,
    0x9e, 0x8b, 0x3a, 0x20, 0x25, 0x73, 0x5c, 0x6e, 0x27, 0x20, 0x22, 0x24, 0x61, 0x63, 0x74, 0x69,
    0x6f, 0x6e, 0x22, 0x0a, 0x20, 0x20, 0x70, 0x72, 0x69, 0x6e, 0x74, 0x66, 0x20, 0x27, 0x20, 0x20,
    0xe4, 0xb8, 0x8b, 0xe8, 0xbd, 0xbd, 0xe5, 0x9c, 0xb0, 0xe5, 0x9d, 0x80, 0x3a, 0x20, 0x25, 0x73,
    0x5c, 0x6e, 0x27, 0x20, 0x22, 0x24, 0x75, 0x72, 0x6c, 0x22, 0x0a, 0x0a, 0x20, 0x20, 0x69, 0x66,
    0x20, 0x5b, 0x5b, 0x20, 0x22, 0x24, 0x61, 0x63, 0x74, 0x69, 0x6f, 0x6e, 0x22, 0x20, 0x3d, 0x3d,
    0x20, 0x22, 0xe9, 0x99, 0x8d, 0xe7, 0xba, 0xa7, 0x22, 0x20, 0x5d, 0x5d, 0x3b, 0x20, 0x74, 0x68,
    0x65, 0x6e, 0x0a, 0x20, 0x20, 0x20, 0x20, 0x77, 0x61, 0x72, 0x6e, 0x20, 0x22, 0xe4, 0xbd, 0xa0,
    0xe6, 0xad, 0xa3, 0xe5, 0x9c, 0xa8, 0xe9, 0x99, 0x8d, 0xe7, 0xba, 0xa7, 0x20, 0x52, 0x53, 0x74,
    0x75, 0x64, 0x69, 0x6f, 0x20, 0x53, 0x65, 0x72, 0x76, 0x65, 0x72, 0xe3, 0x80, 0x82, 0xe6, 0x97,
    0xa7, 0xe7, 0x89, 0x88, 0xe6, 0x9c, 0xac, 0xe5, 0x8f, 0xaf, 0xe8, 0x83, 0xbd, 0xe4, 0xb8, 0x8d,
    0xe6, 0x94, 0xaf, 0xe6, 0x8c, 0x81, 0xe5, 0xbd, 0x93, 0xe5, 0x89, 0x8d, 0x20, 0x52, 0x20, 0xe7,
    0x89, 0x88, 0xe6, 0x9c, 0xac, 0xe6, 0x88, 0x96, 0xe7, 0x8e, 0xb0, 0xe6, 0x9c, 0x89, 0xe9, 0x85,
    0x8d, 0xe7, 0xbd, 0xae, 0xe3, 0x80, 0x82, 0x22, 0x0a, 0x20, 0x20, 0x66, 0x69, 0x0a, 0x0a, 0x20,
    0x20, 0x69, 0x66, 0x20, 0x28, 0x28, 0x20, 0x44, 0x52, 0x59, 0x5f, 0x52, 0x55, 0x4e, 0x20, 0x3d,
    0x3d, 0x20, 0x30, 0x20, 0x29, 0x29, 0x3b, 0x20, 0x74, 0x68, 0x65, 0x6e, 0x0a, 0x20, 0x20, 0x20,
    0x20, 0x69, 0x6e, 0x66, 0x6f, 0x20, 0x22, 0xe6, 0xa3, 0x80, 0xe6, 0x9f, 0xa5, 0xe7, 0x9b, 0xae,
    0xe6, 0xa0, 0x87, 0xe5, 0xae, 0x89, 0xe8, 0xa3, 0x85, 0xe5, 0x8c, 0x85, 0xe6, 0x98, 0xaf, 0xe5,
    0x90, 0xa6, 0xe5, 0xad, 0x98, 0xe5, 0x9c, 0xa8, 0x2e, 0x2e, 0x2e, 0x22, 0x0a, 0x20, 0x20, 0x20,
    0x20, 0x69, 0x66, 0x20, 0x21, 0x20, 0x63, 0x75, 0x72, 0x6c, 0x20, 0x2d, 0x66, 0x49, 0x73, 0x53,
    0x4c, 0x20, 0x2d, 0x2d, 0x6d, 0x61, 0x78, 0x2d, 0x74, 0x69, 0x6d, 0x65, 0x20, 0x32, 0x30, 0x20,
    0x22, 0x24, 0x75, 0x72, 0x6c, 0x22, 0x20, 0x3e, 0x2f, 0x64, 0x65, 0x76, 0x2f, 0x6e, 0x75, 0x6c,
    0x6c, 0x3b, 0x20, 0x74, 0x68, 0x65, 0x6e, 0x0a, 0x20, 0x20, 0x20, 0x20, 0x20, 0x20, 0x77, 0x61,
    0x72, 0x6e, 0x20, 0x22, 0x50, 0x6f, 0x73, 0x69, 0x74, 0x20, 0xe5, 0xae, 0x98, 0xe6, 0x96, 0xb9,
    0xe4, 0xb8, 0x8b, 0xe8, 0xbd, 0xbd, 0xe5, 0x9c, 0xb0, 0xe5, 0x9d, 0x80, 0xe4, 0xb8, 0x8d, 0xe5,
    0xad, 0x98, 0xe5, 0x9c, 0xa8, 0xe6, 0x88, 0x96, 0xe6, 0x9a, 0x82, 0xe6, 0x97, 0xb6, 0xe4, 0xb8,
    0x8d, 0xe5, 0x8f, 0xaf, 0xe8, 0xae, 0xbf, 0xe9, 0x97, 0xae, 0xef, 0xbc, 0x9a, 0x24, 0x75, 0x72,
    0x6c, 0x22, 0x0a, 0x20, 0x20, 0x20, 0x20, 0x20, 0x20, 0x77, 0x61, 0x72, 0x6e, 0x20, 0x22, 0xe8,
    0xaf, 0xb7, 0xe9, 0x80, 0x89, 0xe6, 0x8b, 0xa9, 0xe5, 0x85, 0xb6, 0xe4, 0xbb, 0x96, 0xe7, 0xa8,
    0xb3, 0xe5, 0xae, 0x9a, 0xe7, 0x89, 0x88, 0xe6, 0x9c, 0xac, 0xef, 0xbc, 0x8c, 0xe6, 0x88, 0x96,
    0xe7, 0xa1, 0xae, 0xe8, 0xae, 0xa4, 0xe8, 0xaf, 0xa5, 0xe7, 0x89, 0x88, 0xe6, 0x9c, 0xac, 0xe6,
    0x98, 0xaf, 0xe5, 0x90, 0xa6, 0xe6, 0x8f, 0x90, 0xe4, 0xbe, 0x9b, 0x20, 0x55, 0x62, 0x75, 0x6e,
    0x74, 0x75, 0x20, 0x32, 0x32, 0x2f, 0x32, 0x34, 0x20, 0x61, 0x6d, 0x64, 0x36, 0x34, 0x20, 0xe6,
    0x9e, 0x84, 0xe5, 0xbb, 0xba, 0xe3, 0x80, 0x82, 0x22, 0x0a, 0x20, 0x20, 0x20, 0x20, 0x20, 0x20,
    0x72, 0x65, 0x74, 0x75, 0x72, 0x6e, 0x20, 0x31, 0x0a, 0x20, 0x20, 0x20, 0x20, 0x66, 0x69, 0x0a,
    0x20, 0x20, 0x65, 0x6c, 0x73, 0x65, 0x0a, 0x20, 0x20, 0x20, 0x20, 0x70, 0x72, 0x69, 0x6e, 0x74,
    0x66, 0x20, 0x27, 0x5b, 0x64, 0x72, 0x79, 0x2d, 0x72, 0x75, 0x6e, 0x5d, 0x20, 0x63, 0x75, 0x72,
    0x6c, 0x20, 0x2d, 0x66, 0x49, 0x73, 0x53, 0x4c, 0x20, 0x2d, 0x2d, 0x6d, 0x61, 0x78, 0x2d, 0x74,
    0x69, 0x6d, 0x65, 0x20, 0x32, 0x30, 0x20, 0x25, 0x71, 0x5c, 0x6e, 0x27, 0x20, 0x22, 0x24, 0x75,
    0x72, 0x6c, 0x22, 0x0a, 0x20, 0x20, 0x66, 0x69, 0x0a, 0x0a, 0x20, 0x20, 0x63, 0x6f, 0x6e, 0x66,
    0x69, 0x72, 0x6d, 0x20, 0x22, 0xe7, 0xa1, 0xae, 0xe8, 0xae, 0xa4, 0xe6, 0x89, 0xa7, 0xe8, 0xa1,
    0x8c, 0x20, 0x52, 0x53, 0x74, 0x75, 0x64, 0x69, 0x6f, 0x20, 0x53, 0x65, 0x72, 0x76, 0x65, 0x72,
    0x20, 0x24, 0x61, 0x63, 0x74, 0x69, 0x6f, 0x6e, 0xef, 0xbc, 0x9f, 0x22, 0x20, 0x7c, 0x7c, 0x20,
    0x7b, 0x0a, 0x20, 0x20, 0x20, 0x20, 0x77, 0x61, 0x72, 0x6e, 0x20, 0x22, 0xe5, 0xb7, 0xb2, 0xe5,
    0x8f, 0x96, 0xe6, 0xb6, 0x88, 0xe3, 0x80, 0x82, 0x22, 0x0a, 0x20, 0x20, 0x20, 0x20, 0x72, 0x65,
    0x74, 0x75, 0x72, 0x6e, 0x20, 0x30, 0x0a, 0x20, 0x20, 0x7d, 0x0a, 0x0a, 0x20, 0x20, 0x69, 0x66,
    0x20, 0x28, 0x28, 0x20, 0x69, 0x6e, 0x73, 0x74, 0x61, 0x6c, 0x6c, 0x65, 0x64, 0x20, 0x29, 0x29,
    0x20, 0x26, 0x26, 0x20, 0x5b, 0x5b, 0x20, 0x2d, 0x64, 0x20, 0x2f, 0x65, 0x74, 0x63, 0x2f, 0x72,
    0x73, 0x74, 0x75, 0x64, 0x69, 0x6f, 0x20, 0x5d, 0x5d, 0x3b, 0x20, 0x74, 0x68, 0x65, 0x6e, 0x0a,
    0x20, 0x20, 0x20, 0x20, 0x62, 0x61, 0x63, 0x6b, 0x75, 0x70, 0x5f, 0x64, 0x69, 0x72, 0x3d, 0x22,
    0x2f, 0x76, 0x61, 0x72, 0x2f, 0x62, 0x61, 0x63, 0x6b, 0x75, 0x70, 0x73, 0x2f, 0x72, 0x73, 0x74,
    0x75, 0x64, 0x69, 0x6f, 0x2d, 0x73, 0x65, 0x72, 0x76, 0x65, 0x72, 0x2f, 0x24, 0x28, 0x64, 0x61,
    0x74, 0x65, 0x20, 0x2b, 0x25, 0x59, 0x25, 0x6d, 0x25, 0x64, 0x2d, 0x25, 0x48, 0x25, 0x4d, 0x25,
    0x53, 0x29, 0x2d, 0x24, 0x63, 0x75, 0x72, 0x72, 0x65, 0x6e, 0x74, 0x5f, 0x76, 0x65, 0x72, 0x73,
    0x69, 0x6f, 0x6e, 0x22, 0x0a, 0x20, 0x20, 0x20, 0x20, 0x61, 0x73, 0x5f, 0x72, 0x6f, 0x6f, 0x74,
    0x20, 0x6d, 0x6b, 0x64, 0x69, 0x72, 0x20, 0x2d, 0x70, 0x20, 0x22, 0x24, 0x62, 0x61, 0x63, 0x6b,
    0x75, 0x70, 0x5f, 0x64, 0x69, 0x72, 0x22, 0x0a, 0x20, 0x20, 0x20, 0x20, 0x61, 0x73, 0x5f, 0x72,
    0x6f, 0x6f, 0x74, 0x20, 0x63, 0x70, 0x20, 0x2d, 0x61, 0x20, 0x2f, 0x65, 0x74, 0x63, 0x2f, 0x72,
    0x73, 0x74, 0x75, 0x64, 0x69, 0x6f, 0x2f, 0x2e, 0x20, 0x22, 0x24, 0x62, 0x61, 0x63, 0x6b, 0x75,
    0x70, 0x5f, 0x64, 0x69, 0x72, 0x2f, 0x22, 0x0a, 0x20, 0x20, 0x20, 0x20, 0x6c, 0x6f, 0x67, 0x20,
    0x22, 0x52, 0x53, 0x74, 0x75, 0x64, 0x69, 0x6f, 0x20, 0xe9, 0x85, 0x8d, 0xe7, 0xbd, 0xae, 0xe5,
    0xb7, 0xb2, 0xe5, 0xa4, 0x87, 0xe4, 0xbb, 0xbd, 0xe5, 0x88, 0xb0, 0x20, 0x24, 0x62, 0x61, 0x63,
    0x6b, 0x75, 0x70, 0x5f, 0x64, 0x69, 0x72, 0x22, 0x0a, 0x20, 0x20, 0x66, 0x69, 0x0a, 0x0a, 0x20,
    0x20, 0x69, 0x66, 0x20, 0x28, 0x28, 0x20, 0x44, 0x52, 0x59, 0x5f, 0x52, 0x55, 0x4e, 0x20, 0x29,
    0x29, 0x3b, 0x20, 0x74, 0x68, 0x65, 0x6e, 0x0a, 0x20, 0x20, 0x20, 0x20, 0x70, 0x72, 0x69, 0x6e,
    0x74, 0x66, 0x20, 0x27, 0x5b, 0x64, 0x72, 0x79, 0x2d, 0x72, 0x75, 0x6e, 0x5d, 0x20, 0x63, 0x75,
    0x72, 0x6c, 0x20, 0x2d, 0x66, 0x4c, 0x20, 0x25, 0x71, 0x20, 0x2d, 0x6f, 0x20, 0x25, 0x71, 0x5c,
    0x6e, 0x27, 0x20, 0x22, 0x24, 0x75, 0x72, 0x6c, 0x22, 0x20, 0x22, 0x24, 0x74, 0x6d, 0x70, 0x22,
    0x0a, 0x20, 0x20, 0x65, 0x6c, 0x73, 0x65, 0x0a, 0x20, 0x20, 0x20, 0x20, 0x63, 0x75, 0x72, 0x6c,
    0x20, 0x2d, 0x66, 0x4c, 0x20, 0x22, 0x24, 0x75, 0x72, 0x6c, 0x22, 0x20, 0x2d, 0x6f, 0x20, 0x22,
    0x24, 0x74, 0x6d, 0x70, 0x22, 0x0a, 0x20, 0x20, 0x66, 0x69, 0x0a, 0x0a, 0x20, 0x20, 0x69, 0x66,
    0x20, 0x28, 0x28, 0x20, 0x69, 0x6e, 0x73, 0x74, 0x61, 0x6c, 0x6c, 0x65, 0x64, 0x20, 0x29, 0x29,
    0x3b, 0x20, 0x74, 0x68, 0x65, 0x6e, 0x0a, 0x20, 0x20, 0x20, 0x20, 0x69, 0x66, 0x20, 0x63, 0x6f,
    0x6d, 0x6d, 0x61, 0x6e, 0x64, 0x20, 0x2d, 0x76, 0x20, 0x72, 0x73, 0x74, 0x75, 0x64, 0x69, 0x6f,
    0x2d, 0x73, 0x65, 0x72, 0x76, 0x65, 0x72, 0x20, 0x3e, 0x2f, 0x64, 0x65, 0x76, 0x2f, 0x6e, 0x75,
    0x6c, 0x6c, 0x20, 0x32, 0x3e, 0x26, 0x31, 0x3b, 0x20, 0x74, 0x68, 0x65, 0x6e, 0x0a, 0x20, 0x20,
    0x20, 0x20, 0x20, 0x20, 0x61, 0x73, 0x5f, 0x72, 0x6f, 0x6f, 0x74, 0x20, 0x72, 0x73, 0x74, 0x75,
    0x64, 0x69, 0x6f, 0x2d, 0x73, 0x65, 0x72, 0x76, 0x65, 0x72, 0x20, 0x73, 0x75, 0x73, 0x70, 0x65,
    0x6e, 0x64, 0x2d, 0x61, 0x6c, 0x6c, 0x20, 0x7c, 0x7c, 0x20, 0x74, 0x72, 0x75, 0x65, 0x0a, 0x20,
    0x20, 0x20, 0x20, 0x66, 0x69, 0x0a, 0x20, 0x20, 0x20, 0x20, 0x61, 0x73, 0x5f, 0x72, 0x6f, 0x6f,
    0x74, 0x20, 0x73, 0x79, 0x73, 0x74, 0x65, 0x6d, 0x63, 0x74, 0x6c, 0x20, 0x73, 0x74, 0x6f, 0x70,
    0x20, 0x72, 0x73, 0x74, 0x75, 0x64, 0x69, 0x6f, 0x2d, 0x73, 0x65, 0x72, 0x76, 0x65, 0x72, 0x20,
    0x7c, 0x7c, 0x20, 0x74, 0x72, 0x75, 0x65, 0x0a, 0x20, 0x20, 0x66, 0x69, 0x0a, 0x0a, 0x20, 0x20,
    0x69, 0x66, 0x20, 0x21, 0x20, 0x61, 0x73, 0x5f, 0x72, 0x6f, 0x6f, 0x74, 0x20, 0x65, 0x6e, 0x76,
    0x20, 0x44, 0x45, 0x42, 0x49, 0x41, 0x4e, 0x5f, 0x46, 0x52, 0x4f, 0x4e, 0x54, 0x45, 0x4e, 0x44,
    0x3d, 0x6e, 0x6f, 0x6e, 0x69, 0x6e, 0x74, 0x65, 0x72, 0x61, 0x63, 0x74, 0x69, 0x76, 0x65, 0x20,
    0x61, 0x70, 0x74, 0x2d, 0x67, 0x65, 0x74, 0x20, 0x69, 0x6e, 0x73, 0x74, 0x61, 0x6c, 0x6c, 0x20,
    0x2d, 0x79, 0x20, 0x2d, 0x2d, 0x61, 0x6c, 0x6c, 0x6f, 0x77, 0x2d, 0x64, 0x6f, 0x77, 0x6e, 0x67,
    0x72, 0x61, 0x64, 0x65, 0x73, 0x20, 0x22, 0x24, 0x74, 0x6d, 0x70, 0x22, 0x3b, 0x20, 0x74, 0x68,
    0x65, 0x6e, 0x0a, 0x20, 0x20, 0x20, 0x20, 0x77, 0x61, 0x72, 0x6e, 0x20, 0x22, 0x52, 0x53, 0x74,
    0x75, 0x64, 0x69, 0x6f, 0x20, 0x53, 0x65, 0x72, 0x76, 0x65, 0x72, 0x20, 0x24, 0x61, 0x63, 0x74,
    0x69, 0x6f, 0x6e, 0xe5, 0xa4, 0xb1, 0xe8, 0xb4, 0xa5, 0xe3, 0x80, 0x82, 0x22, 0x0a, 0x20, 0x20,
    0x20, 0x20, 0x69, 0x66, 0x20, 0x28, 0x28, 0x20, 0x69, 0x6e, 0x73, 0x74, 0x61, 0x6c, 0x6c, 0x65,
    0x64, 0x20, 0x29, 0x29, 0x3b, 0x20, 0x74, 0x68, 0x65, 0x6e, 0x0a, 0x20, 0x20, 0x20, 0x20, 0x20,
    0x20, 0x77, 0x61, 0x72, 0x6e, 0x20, 0x22, 0xe5, 0xb0, 0x9d, 0xe8, 0xaf, 0x95, 0xe9, 0x87, 0x8d,
    0xe6, 0x96, 0xb0, 0xe5, 0x90, 0xaf, 0xe5, 0x8a, 0xa8, 0xe7, 0x8e, 0xb0, 0xe6, 0x9c, 0x89, 0x20,
    0x72, 0x73, 0x74, 0x75, 0x64, 0x69, 0x6f, 0x2d, 0x73, 0x65, 0x72, 0x76, 0x65, 0x72, 0x20, 0xe6,
    0x9c, 0x8d, 0xe5, 0x8a, 0xa1, 0xe3, 0x80, 0x82, 0x22, 0x0a, 0x20, 0x20, 0x20, 0x20, 0x20, 0x20,
    0x61, 0x73, 0x5f, 0x72, 0x6f, 0x6f, 0x74, 0x20, 0x73, 0x79, 0x73, 0x74, 0x65, 0x6d, 0x63, 0x74,
    0x6c, 0x20, 0x73, 0x74, 0x61, 0x72, 0x74, 0x20, 0x72, 0x73, 0x74, 0x75, 0x64, 0x69, 0x6f, 0x2d,
    0x73, 0x65, 0x72, 0x76, 0x65, 0x72, 0x20, 0x7c, 0x7c, 0x20, 0x74, 0x72, 0x75, 0x65, 0x0a, 0x20,
    0x20, 0x20, 0x20, 0x66, 0x69, 0x0a, 0x20, 0x20, 0x20, 0x20, 0x72, 0x65, 0x74, 0x75, 0x72, 0x6e,
    0x20, 0x31, 0x0a, 0x20, 0x20, 0x66, 0x69, 0x0a, 0x0a, 0x20, 0x20, 0x61, 0x73, 0x5f, 0x72, 0x6f,
    0x6f, 0x74, 0x20, 0x6d, 0x6b, 0x64, 0x69, 0x72, 0x20, 0x2d, 0x70, 0x20, 0x2f, 0x65, 0x74, 0x63,
    0x2f, 0x72, 0x73, 0x74, 0x75, 0x64, 0x69, 0x6f, 0x0a, 0x20, 0x20, 0x72, 0x5f, 0x62, 0x69, 0x6e,
    0x3d, 0x22, 0x24, 0x28, 0x63, 0x6f, 0x6d, 0x6d, 0x61, 0x6e, 0x64, 0x20, 0x2d, 0x76, 0x20, 0x52,
    0x20, 0x32, 0x3e, 0x2f, 0x64, 0x65, 0x76, 0x2f, 0x6e, 0x75, 0x6c, 0x6c, 0x20, 0x7c, 0x7c, 0x20,
    0x74, 0x72, 0x75, 0x65, 0x29, 0x22, 0x0a, 0x20, 0x20, 0x69, 0x66, 0x20, 0x5b, 0x5b, 0x20, 0x2d,
    0x6e, 0x20, 0x22, 0x24, 0x72, 0x5f, 0x62, 0x69, 0x6e, 0x22, 0x20, 0x5d, 0x5d, 0x3b, 0x20, 0x74,
    0x68, 0x65, 0x6e, 0x0a, 0x20, 0x20, 0x20, 0x20, 0x73, 0x65, 0x74, 0x5f, 0x72, 0x6f, 0x6f, 0x74,
    0x5f, 0x63, 0x6f, 0x6e, 0x66, 0x69, 0x67, 0x5f, 0x76, 0x61, 0x6c, 0x75, 0x65, 0x20, 0x2f, 0x65,
    0x74, 0x63, 0x2f, 0x72, 0x73, 0x74, 0x75, 0x64, 0x69, 0x6f, 0x2f, 0x72, 0x73, 0x65, 0x72, 0x76,
    0x65, 0x72, 0x2e, 0x63, 0x6f, 0x6e, 0x66, 0x20, 0x22, 0x72, 0x73, 0x65, 0x73, 0x73, 0x69, 0x6f,
    0x6e, 0x2d, 0x77, 0x68, 0x69, 0x63, 0x68, 0x2d, 0x72, 0x22, 0x20, 0x22, 0x24, 0x72, 0x5f, 0x62,
    0x69, 0x6e, 0x22, 0x0a, 0x20, 0x20, 0x65, 0x6c, 0x73, 0x65, 0x0a, 0x20, 0x20, 0x20, 0x20, 0x77,
    0x61, 0x72, 0x6e, 0x20, 0x22, 0xe5, 0xbd, 0x93, 0xe5, 0x89, 0x8d, 0xe6, 0x9c, 0xaa, 0xe6, 0x89,
    0xbe, 0xe5, 0x88, 0xb0, 0x20, 0x52, 0xef, 0xbc, 0x9b, 0x52, 0x53, 0x74, 0x75, 0x64, 0x69, 0x6f,
    0x20, 0x53, 0x65, 0x72, 0x76, 0x65, 0x72, 0x20, 0xe5, 0xae, 0x89, 0xe8, 0xa3, 0x85, 0xe5, 0x90,
    0x8e, 0xe9, 0x9c, 0x80, 0xe8, 0xa6, 0x81, 0xe5, 0x85, 0x88, 0xe5, 0xae, 0x89, 0xe8, 0xa3, 0x85,
    0x20, 0x52, 0xef, 0xbc, 0x8c, 0xe5, 0x86, 0x8d, 0xe5, 0x90, 0x8c, 0xe6, 0xad, 0xa5, 0x20, 0x72,
    0x73, 0x65, 0x73, 0x73, 0x69, 0x6f, 0x6e, 0x2d, 0x77, 0x68, 0x69, 0x63, 0x68, 0x2d, 0x72, 0xe3,
    0x80, 0x82, 0x22, 0x0a, 0x20, 0x20, 0x66, 0x69, 0x0a, 0x20, 0x20, 0x73, 0x65, 0x74, 0x5f, 0x72,
    0x6f, 0x6f, 0x74, 0x5f, 0x63, 0x6f, 0x6e, 0x66, 0x69, 0x67, 0x5f, 0x76, 0x61, 0x6c, 0x75, 0x65,
    0x20, 0x2f, 0x65, 0x74, 0x63, 0x2f, 0x72, 0x73, 0x74, 0x75, 0x64, 0x69, 0x6f, 0x2f, 0x72, 0x73,
    0x65, 0x72, 0x76, 0x65, 0x72, 0x2e, 0x63, 0x6f, 0x6e, 0x66, 0x20, 0x22, 0x77, 0x77, 0x77, 0x2d,
    0x70, 0x6f, 0x72, 0x74, 0x22, 0x20, 0x22, 0x38, 0x37, 0x38, 0x37, 0x22, 0x0a, 0x0a, 0x20, 0x20,
    0x61, 0x73, 0x5f, 0x72, 0x6f, 0x6f, 0x74, 0x20, 0x73, 0x79, 0x73, 0x74, 0x65, 0x6d, 0x63, 0x74,
    0x6c, 0x20, 0x65, 0x6e, 0x61, 0x62, 0x6c, 0x65, 0x20, 0x2d, 0x2d, 0x6e, 0x6f, 0x77, 0x20, 0x72,
    0x73, 0x74, 0x75, 0x64, 0x69, 0x6f, 0x2d, 0x73, 0x65, 0x72, 0x76, 0x65, 0x72, 0x0a, 0x20, 0x20,
    0x61, 0x73, 0x5f, 0x72, 0x6f, 0x6f, 0x74, 0x20, 0x73, 0x79, 0x73, 0x74, 0x65, 0x6d, 0x63, 0x74,
    0x6c, 0x20, 0x72, 0x65, 0x73, 0x74, 0x61, 0x72, 0x74, 0x20, 0x72, 0x73, 0x74, 0x75, 0x64, 0x69,
    0x6f, 0x2d, 0x73, 0x65, 0x72, 0x76, 0x65, 0x72, 0x0a, 0x0a, 0x20, 0x20, 0x6c, 0x6f, 0x63, 0x61,
    0x6c, 0x20, 0x69, 0x6e, 0x73, 0x74, 0x61, 0x6c, 0x6c, 0x65, 0x64, 0x5f, 0x76, 0x65, 0x72, 0x73,
    0x69, 0x6f, 0x6e, 0x0a, 0x20, 0x20, 0x69, 0x6e, 0x73, 0x74, 0x61, 0x6c, 0x6c, 0x65, 0x64, 0x5f,
    0x76, 0x65, 0x72, 0x73, 0x69, 0x6f, 0x6e, 0x3d, 0x22, 0x24, 0x28, 0x64, 0x70, 0x6b, 0x67, 0x2d,
    0x71, 0x75, 0x65, 0x72, 0x79, 0x20, 0x2d, 0x57, 0x20, 0x2d, 0x66, 0x3d, 0x27, 0x24, 0x7b, 0x56,
    0x65, 0x72, 0x73, 0x69, 0x6f, 0x6e, 0x7d, 0x27, 0x20, 0x72, 0x73, 0x74, 0x75, 0x64, 0x69, 0x6f,
    0x2d, 0x73, 0x65, 0x72, 0x76, 0x65, 0x72, 0x20, 0x32, 0x3e, 0x2f, 0x64, 0x65, 0x76, 0x2f, 0x6e,
    0x75, 0x6c, 0x6c, 0x20, 0x7c, 0x7c, 0x20, 0x74, 0x72, 0x75, 0x65, 0x29, 0x22, 0x0a, 0x20, 0x20,
    0x69, 0x66, 0x20, 0x5b, 0x5b, 0x20, 0x22, 0x24, 0x69, 0x6e, 0x73, 0x74, 0x61, 0x6c, 0x6c, 0x65,
    0x64, 0x5f, 0x76, 0x65, 0x72, 0x73, 0x69, 0x6f, 0x6e, 0x22, 0x20, 0x21, 0x3d, 0x20, 0x22, 0x24,
    0x74, 0x61, 0x72, 0x67, 0x65, 0x74, 0x5f, 0x76, 0x65, 0x72, 0x73, 0x69, 0x6f, 0x6e, 0x22, 0x20,
    0x5d, 0x5d, 0x20, 0x26, 0x26, 0x20, 0x28, 0x28, 0x20, 0x44, 0x52, 0x59, 0x5f, 0x52, 0x55, 0x4e,
    0x20, 0x3d, 0x3d, 0x20, 0x30, 0x20, 0x29, 0x29, 0x3b, 0x20, 0x74, 0x68, 0x65, 0x6e, 0x0a, 0x20,
    0x20, 0x20, 0x20, 0x77, 0x61, 0x72, 0x6e, 0x20, 0x22, 0xe5, 0xae, 0x89, 0xe8, 0xa3, 0x85, 0xe5,
    0x90, 0x8e, 0xe7, 0x89, 0x88, 0xe6, 0x9c, 0xac, 0xe4, 0xb8, 0x8e, 0xe7, 0x9b, 0xae, 0xe6, 0xa0,
    0x87, 0xe7, 0x89, 0x88, 0xe6, 0x9c, 0xac, 0xe4, 0xb8, 0x8d, 0xe4, 0xb8, 0x80, 0xe8, 0x87, 0xb4,
    0xef, 0xbc, 0x9a, 0xe7, 0x9b, 0xae, 0xe6, 0xa0, 0x87, 0x3d, 0x24, 0x74, 0x61, 0x72, 0x67, 0x65,
    0x74, 0x5f, 0x76, 0x65, 0x72, 0x73, 0x69, 0x6f, 0x6e, 0xef, 0xbc, 0x8c, 0xe5, 0xae, 0x9e, 0xe9,
    0x99, 0x85, 0x3d, 0x24, 0x69, 0x6e, 0x73, 0x74, 0x61, 0x6c, 0x6c, 0x65, 0x64, 0x5f, 0x76, 0x65,
    0x72, 0x73, 0x69, 0x6f, 0x6e, 0x22, 0x0a, 0x20, 0x20, 0x20, 0x20, 0x72, 0x65, 0x74, 0x75, 0x72,
    0x6e, 0x20, 0x31, 0x0a, 0x20, 0x20, 0x66, 0x69, 0x0a, 0x0a, 0x20, 0x20, 0x69, 0x66, 0x20, 0x63,
    0x6f, 0x6d, 0x6d, 0x61, 0x6e, 0x64, 0x20, 0x2d, 0x76, 0x20, 0x72, 0x73, 0x74, 0x75, 0x64, 0x69,
    0x6f, 0x2d, 0x73, 0x65, 0x72, 0x76, 0x65, 0x72, 0x20, 0x3e, 0x2f, 0x64, 0x65, 0x76, 0x2f, 0x6e,
    0x75, 0x6c, 0x6c, 0x20, 0x32, 0x3e, 0x26, 0x31, 0x3b, 0x20, 0x74, 0x68, 0x65, 0x6e, 0x0a, 0x20,
    0x20, 0x20, 0x20, 0x61, 0x73, 0x5f, 0x72, 0x6f, 0x6f, 0x74, 0x20, 0x72, 0x73, 0x74, 0x75, 0x64,
    0x69, 0x6f, 0x2d, 0x73, 0x65, 0x72, 0x76, 0x65, 0x72, 0x20, 0x76, 0x65, 0x72, 0x69, 0x66, 0x79,
    0x2d, 0x69, 0x6e, 0x73, 0x74, 0x61, 0x6c, 0x6c, 0x61, 0x74, 0x69, 0x6f, 0x6e, 0x0a, 0x20, 0x20,
    0x66, 0x69, 0x0a, 0x20, 0x20, 0x61, 0x73, 0x5f, 0x72, 0x6f, 0x6f, 0x74, 0x20, 0x73, 0x79, 0x73,
    0x74, 0x65, 0x6d, 0x63, 0x74, 0x6c, 0x20, 0x2d, 0x2d, 0x6e, 0x6f, 0x2d, 0x70, 0x61, 0x67, 0x65,
    0x72, 0x20, 0x2d, 0x2d, 0x66, 0x75, 0x6c, 0x6c, 0x20, 0x73, 0x74, 0x61, 0x74, 0x75, 0x73, 0x20,
    0x72, 0x73, 0x74, 0x75, 0x64, 0x69, 0x6f, 0x2d, 0x73, 0x65, 0x72, 0x76, 0x65, 0x72, 0x0a, 0x0a,
    0x20, 0x20, 0x6c, 0x6f, 0x67, 0x20, 0x22, 0x52, 0x53, 0x74, 0x75, 0x64, 0x69, 0x6f, 0x20, 0x53,
    0x65, 0x72, 0x76, 0x65, 0x72, 0x20, 0x24, 0x61, 0x63, 0x74, 0x69, 0x6f, 0x6e, 0xe5, 0xae, 0x8c,
    0xe6, 0x88, 0x90, 0xef, 0xbc, 0x9a, 0x24, 0x74, 0x61, 0x72, 0x67, 0x65, 0x74, 0x5f, 0x76, 0x65,
    0x72, 0x73, 0x69, 0x6f, 0x6e, 0x22, 0x0a, 0x20, 0x20, 0x5b, 0x5b, 0x20, 0x2d, 0x6e, 0x20, 0x22,
    0x24, 0x62, 0x61, 0x63, 0x6b, 0x75, 0x70, 0x5f, 0x64, 0x69, 0x72, 0x22, 0x20, 0x5d, 0x5d, 0x20,
    0x26, 0x26, 0x20, 0x69, 0x6e, 0x66, 0x6f, 0x20, 0x22, 0xe5, 0x8d, 0x87, 0xe7, 0xba, 0xa7, 0x2f,
    0xe9, 0x99, 0x8d, 0xe7, 0xba, 0xa7, 0xe5, 0x89, 0x8d, 0xe9, 0x85, 0x8d, 0xe7, 0xbd, 0xae, 0xe5,
    0xa4, 0x87, 0xe4, 0xbb, 0xbd, 0xef, 0xbc, 0x9a, 0x24, 0x62, 0x61, 0x63, 0x6b, 0x75, 0x70, 0x5f,
    0x64, 0x69, 0x72, 0x22, 0x0a, 0x7d, 0x0a, 0x0a, 0x69, 0x6e, 0x73, 0x74, 0x61, 0x6c, 0x6c, 0x5f,
    0x6d, 0x69, 0x6e, 0x69, 0x66, 0x6f, 0x72, 0x67, 0x65, 0x28, 0x29, 0x20, 0x7b, 0x0a, 0x20, 0x20,
    0x6c, 0x6f, 0x63, 0x61, 0x6c, 0x20, 0x70, 0x72, 0x65, 0x66, 0x69, 0x78, 0x20, 0x61, 0x72, 0x63,
    0x68, 0x20, 0x75, 0x72, 0x6c, 0x20, 0x69, 0x6e, 0x73, 0x74, 0x61, 0x6c, 0x6c, 0x65, 0x72, 0x0a,
    0x20, 0x20, 0x72, 0x65, 0x61, 0x64, 0x20, 0x2d, 0x72, 0x20, 0x2d, 0x70, 0x20, 0x22, 0x4d, 0x69,
    0x6e, 0x69, 0x66, 0x6f, 0x72, 0x67, 0x65, 0x20, 0xe5, 0xae, 0x89, 0xe8, 0xa3, 0x85, 0xe7, 0x9b,
    0xae, 0xe5, 0xbd, 0x95, 0x20, 0x5b, 0x24, 0x4d, 0x49, 0x4e, 0x49, 0x46, 0x4f, 0x52, 0x47, 0x45,
    0x5f, 0x44, 0x45, 0x46, 0x41, 0x55, 0x4c, 0x54, 0x5d, 0x3a, 0x20, 0x22, 0x20, 0x70, 0x72, 0x65,
    0x66, 0x69, 0x78, 0x0a, 0x20, 0x20, 0x70, 0x72, 0x65, 0x66, 0x69, 0x78, 0x3d, 0x22, 0x24, 0x7b,
    0x70, 0x72, 0x65, 0x66, 0x69, 0x78, 0x3a, 0x2d, 0x24, 0x4d, 0x49, 0x4e, 0x49, 0x46, 0x4f, 0x52,
    0x47, 0x45, 0x5f, 0x44, 0x45, 0x46, 0x41, 0x55, 0x4c, 0x54, 0x7d, 0x22, 0x0a, 0x20, 0x20, 0x5b,
    0x5b, 0x20, 0x22, 0x24, 0x70, 0x72, 0x65, 0x66, 0x69, 0x78, 0x22, 0x20, 0x3d, 0x3d, 0x20, 0x2f,
    0x2a, 0x20, 0x5d, 0x5d, 0x20, 0x7c, 0x7c, 0x20, 0x7b, 0x20, 0x77, 0x61, 0x72, 0x6e, 0x20, 0x22,
    0xe5, 0xae, 0x89, 0xe8, 0xa3, 0x85, 0xe7, 0x9b, 0xae, 0xe5, 0xbd, 0x95, 0xe5, 0xbf, 0x85, 0xe9,
    0xa1, 0xbb, 0xe6, 0x98, 0xaf, 0xe7, 0xbb, 0x9d, 0xe5, 0xaf, 0xb9, 0xe8, 0xb7, 0xaf, 0xe5, 0xbe,
    0x84, 0xe3, 0x80, 0x82, 0x22, 0x3b, 0x20, 0x72, 0x65, 0x74, 0x75, 0x72, 0x6e, 0x20, 0x31, 0x3b,
    0x20, 0x7d, 0x0a, 0x0a, 0x20, 0x20, 0x63, 0x61, 0x73, 0x65, 0x20, 0x22, 0x24, 0x28, 0x75, 0x6e,
    0x61, 0x6d, 0x65, 0x20, 0x2d, 0x6d, 0x29, 0x22, 0x20, 0x69, 0x6e, 0x0a, 0x20, 0x20, 0x20, 0x20,
    0x78, 0x38, 0x36, 0x5f, 0x36, 0x34, 0x29, 0x20, 0x61, 0x72, 0x63, 0x68, 0x3d, 0x22, 0x78, 0x38,
    0x36, 0x5f, 0x36, 0x34, 0x22, 0x20, 0x3b, 0x3b, 0x0a, 0x20, 0x20, 0x20, 0x20, 0x61, 0x61, 0x72,
    0x63, 0x68, 0x36, 0x34, 0x7c, 0x61, 0x72, 0x6d, 0x36, 0x34, 0x29, 0x20, 0x61, 0x72, 0x63, 0x68,
    0x3d, 0x22, 0x61, 0x61, 0x72, 0x63, 0x68, 0x36, 0x34, 0x22, 0x20, 0x3b, 0x3b, 0x0a, 0x20, 0x20,
    0x20, 0x20, 0x2a, 0x29, 0x20, 0x77, 0x61, 0x72, 0x6e, 0x20, 0x22, 0xe4, 0xb8, 0x8d, 0xe6, 0x94,
    0xaf, 0xe6, 0x8c, 0x81, 0xe7, 0x9a, 0x84, 0xe6, 0x9e, 0xb6, 0xe6, 0x9e, 0x84, 0x3a, 0x20, 0x24,
    0x28, 0x75, 0x6e, 0x61, 0x6d, 0x65, 0x20, 0x2d, 0x6d, 0x29, 0x22, 0x3b, 0x20, 0x72, 0x65, 0x74,
    0x75, 0x72, 0x6e, 0x20, 0x31, 0x20, 0x3b, 0x3b, 0x0a, 0x20, 0x20, 0x65, 0x73, 0x61, 0x63, 0x0a,
    0x0a, 0x20, 0x20, 0x75, 0x72, 0x6c, 0x3d, 0x22, 0x68, 0x74, 0x74, 0x70, 0x73, 0x3a, 0x2f, 0x2f,
    0x67, 0x69, 0x74, 0x68, 0x75, 0x62, 0x2e, 0x63, 0x6f, 0x6d, 0x2f, 0x63, 0x6f, 0x6e, 0x64, 0x61,
    0x2d, 0x66, 0x6f, 0x72, 0x67, 0x65, 0x2f, 0x6d, 0x69, 0x6e, 0x69, 0x66, 0x6f, 0x72, 0x67, 0x65,
    0x2f, 0x72, 0x65, 0x6c, 0x65, 0x61, 0x73, 0x65, 0x73, 0x2f, 0x6c, 0x61, 0x74, 0x65, 0x73, 0x74,
    0x2f, 0x64, 0x6f, 0x77, 0x6e, 0x6c, 0x6f, 0x61, 0x64, 0x2f, 0x4d, 0x69, 0x6e, 0x69, 0x66, 0x6f,
    0x72, 0x67, 0x65, 0x33, 0x2d, 0x4c, 0x69, 0x6e, 0x75, 0x78, 0x2d, 0x24, 0x7b, 0x61, 0x72, 0x63,
    0x68, 0x7d, 0x2e, 0x73, 0x68, 0x22, 0x0a, 0x20, 0x20, 0x69, 0x6e, 0x73, 0x74, 0x61, 0x6c, 0x6c,
    0x65, 0x72, 0x3d, 0x22, 0x2f, 0x74, 0x6d, 0x70, 0x2f, 0x6d, 0x69, 0x6e, 0x69, 0x66, 0x6f, 0x72,
    0x67, 0x65, 0x2d, 0x69, 0x6e, 0x73, 0x74, 0x61, 0x6c, 0x6c, 0x65, 0x72, 0x2e, 0x73, 0x68, 0x22,
    0x0a, 0x0a, 0x20, 0x20, 0x69, 0x66, 0x20, 0x5b, 0x5b, 0x20, 0x2d, 0x78, 0x20, 0x22, 0x24, 0x70,
    0x72, 0x65, 0x66, 0x69, 0x78, 0x2f, 0x62, 0x69, 0x6e, 0x2f, 0x63, 0x6f, 0x6e, 0x64, 0x61, 0x22,
    0x20, 0x5d, 0x5d, 0x3b, 0x20, 0x74, 0x68, 0x65, 0x6e, 0x0a, 0x20, 0x20, 0x20, 0x20, 0x69, 0x6e,
    0x66, 0x6f, 0x20, 0x22, 0x24, 0x70, 0x72, 0x65, 0x66, 0x69, 0x78, 0x20, 0xe5, 0xb7, 0xb2, 0xe5,
    0xad, 0x98, 0xe5, 0x9c, 0xa8, 0x20, 0x63, 0x6f, 0x6e, 0x64, 0x61, 0xef, 0xbc, 0x8c, 0xe8, 0xb7,
    0xb3, 0xe8, 0xbf, 0x87, 0xe5, 0xae, 0x89, 0xe8, 0xa3, 0x85, 0xe3, 0x80, 0x82, 0x22, 0x0a, 0x20,
    0x20, 0x65, 0x6c, 0x73, 0x65, 0x0a, 0x20, 0x20, 0x20, 0x20, 0x69, 0x66, 0x20, 0x28, 0x28, 0x20,
    0x44, 0x52, 0x59, 0x5f, 0x52, 0x55, 0x4e, 0x20, 0x29, 0x29, 0x3b, 0x20, 0x74, 0x68, 0x65, 0x6e,
    0x0a, 0x20, 0x20, 0x20, 0x20, 0x20, 0x20, 0x70, 0x72, 0x69, 0x6e, 0x74, 0x66, 0x20, 0x27, 0x5b,
    0x64, 0x72, 0x79, 0x2d, 0x72, 0x75, 0x6e, 0x5d, 0x20, 0x63, 0x75, 0x72, 0x6c, 0x20, 0x2d, 0x66,
    0x4c, 0x20, 0x25, 0x71, 0x20, 0x2d, 0x6f, 0x20, 0x25, 0x71, 0x5c, 0x6e, 0x27, 0x20, 0x22, 0x24,
    0x75, 0x72, 0x6c, 0x22, 0x20, 0x22, 0x24, 0x69, 0x6e, 0x73, 0x74, 0x61, 0x6c, 0x6c, 0x65, 0x72,
    0x22, 0x0a, 0x20, 0x20, 0x20, 0x20, 0x65, 0x6c, 0x73, 0x65, 0x0a, 0x20, 0x20, 0x20, 0x20, 0x20,
    0x20, 0x63, 0x75, 0x72, 0x6c, 0x20, 0x2d, 0x66, 0x4c, 0x20, 0x22, 0x24, 0x75, 0x72, 0x6c, 0x22,
    0x20, 0x2d, 0x6f, 0x20, 0x22, 0x24, 0x69, 0x6e, 0x73, 0x74, 0x61, 0x6c, 0x6c, 0x65, 0x72, 0x22,
    0x0a, 0x20, 0x20, 0x20, 0x20, 0x66, 0x69, 0x0a, 0x20, 0x20, 0x20, 0x20, 0x61, 0x73, 0x5f, 0x72,
    0x6f, 0x6f, 0x74, 0x20, 0x62, 0x61, 0x73, 0x68, 0x20, 0x22, 0x24, 0x69, 0x6e, 0x73, 0x74, 0x61,
    0x6c, 0x6c, 0x65, 0x72, 0x22, 0x20, 0x2d, 0x62, 0x20, 0x2d, 0x70, 0x20, 0x22, 0x24, 0x70, 0x72,
    0x65, 0x66, 0x69, 0x78, 0x22, 0x0a, 0x20, 0x20, 0x66, 0x69, 0x0a, 0x0a, 0x20, 0x20, 0x6c, 0x6f,
    0x63, 0x61, 0x6c, 0x20, 0x70, 0x72, 0x6f, 0x66, 0x69, 0x6c, 0x65, 0x5f, 0x6c, 0x69, 0x6e, 0x65,
    0x3d, 0x22, 0x65, 0x78, 0x70, 0x6f, 0x72, 0x74, 0x20, 0x50, 0x41, 0x54, 0x48, 0x3d, 0x5c, 0x22,
    0x24, 0x70, 0x72, 0x65, 0x66, 0x69, 0x78, 0x2f, 0x62, 0x69, 0x6e, 0x3a, 0x5c, 0x24, 0x50, 0x41,
    0x54, 0x48, 0x5c, 0x22, 0x22, 0x0a, 0x20, 0x20, 0x61, 0x70, 0x70, 0x65, 0x6e, 0x64, 0x5f, 0x6c,
    0x69, 0x6e, 0x65, 0x5f, 0x6f, 0x6e, 0x63, 0x65, 0x20, 0x2f, 0x65, 0x74, 0x63, 0x2f, 0x70, 0x72,
    0x6f, 0x66, 0x69, 0x6c, 0x65, 0x2e, 0x64, 0x2f, 0x62, 0x69, 0x6f, 0x69, 0x6e, 0x66, 0x6f, 0x2d,
    0x63, 0x6f, 0x6e, 0x64, 0x61, 0x2e, 0x73, 0x68, 0x20, 0x22, 0x24, 0x70, 0x72, 0x6f, 0x66, 0x69,
    0x6c, 0x65, 0x5f, 0x6c, 0x69, 0x6e, 0x65, 0x22, 0x0a, 0x0a, 0x20, 0x20, 0x61, 0x73, 0x5f, 0x72,
    0x6f, 0x6f, 0x74, 0x20, 0x22, 0x24, 0x70, 0x72, 0x65, 0x66, 0x69, 0x78, 0x2f, 0x62, 0x69, 0x6e,
    0x2f, 0x63, 0x6f, 0x6e, 0x64, 0x61, 0x22, 0x20, 0x63, 0x6f, 0x6e, 0x66, 0x69, 0x67, 0x20, 0x2d,
    0x2d, 0x73, 0x79, 0x73, 0x74, 0x65, 0x6d, 0x20, 0x2d, 0x2d, 0x73, 0x65, 0x74, 0x20, 0x63, 0x68,
    0x61, 0x6e, 0x6e, 0x65, 0x6c, 0x5f, 0x70, 0x72, 0x69, 0x6f, 0x72, 0x69, 0x74, 0x79, 0x20, 0x73,
    0x74, 0x72, 0x69, 0x63, 0x74, 0x0a, 0x20, 0x20, 0x61, 0x73, 0x5f, 0x72, 0x6f, 0x6f, 0x74, 0x20,
    0x22, 0x24, 0x70, 0x72, 0x65, 0x66, 0x69, 0x78, 0x2f, 0x62, 0x69, 0x6e, 0x2f, 0x63, 0x6f, 0x6e,
    0x64, 0x61, 0x22, 0x20, 0x69, 0x6e, 0x73, 0x74, 0x61, 0x6c, 0x6c, 0x20, 0x2d, 0x6e, 0x20, 0x62,
    0x61, 0x73, 0x65, 0x20, 0x2d, 0x79, 0x20, 0x2d, 0x63, 0x20, 0x63, 0x6f, 0x6e, 0x64, 0x61, 0x2d,
    0x66, 0x6f, 0x72, 0x67, 0x65, 0x20, 0x6d, 0x61, 0x6d, 0x62, 0x61, 0x0a, 0x20, 0x20, 0x6c, 0x6f,
    0x67, 0x20, 0x22, 0x4d, 0x69, 0x6e, 0x69, 0x66, 0x6f, 0x72, 0x67, 0x65, 0x2f, 0x4d, 0x61, 0x6d,
    0x62, 0x61, 0x20, 0xe5, 0xae, 0x89, 0xe8, 0xa3, 0x85, 0xe5, 0xae, 0x8c, 0xe6, 0x88, 0x90, 0x3a,
    0x20, 0x24, 0x70, 0x72, 0x65, 0x66, 0x69, 0x78, 0x22, 0x0a, 0x20, 0x20, 0x77, 0x61, 0x72, 0x6e,
    0x20, 0x22, 0xe6, 0x96, 0xb0, 0x20, 0x73, 0x68, 0x65, 0x6c, 0x6c, 0x20, 0xe7, 0x99, 0xbb, 0xe5,
    0xbd, 0x95, 0xe5, 0x90, 0x8e, 0x20, 0x50, 0x41, 0x54, 0x48, 0x20, 0xe8, 0x87, 0xaa, 0xe5, 0x8a,
    0xa8, 0xe7, 0x94, 0x9f, 0xe6, 0x95, 0x88, 0xef, 0xbc, 0x9b, 0xe5, 0xbd, 0x93, 0xe5, 0x89, 0x8d,
    0xe5, 0x8f, 0xaf, 0xe7, 0x9b, 0xb4, 0xe6, 0x8e, 0xa5, 0xe4, 0xbd, 0xbf, 0xe7, 0x94, 0xa8, 0x20,
    0x24, 0x70, 0x72, 0x65, 0x66, 0x69, 0x78, 0x2f, 0x62, 0x69, 0x6e, 0x2f, 0x6d, 0x61, 0x6d, 0x62,
    0x61, 0xe3, 0x80, 0x82, 0x22, 0x0a, 0x7d, 0x0a, 0x0a, 0x66, 0x69, 0x6e, 0x64, 0x5f, 0x63, 0x6f,
    0x6e, 0x64, 0x61, 0x5f, 0x63, 0x6f, 0x6e, 0x66, 0x69, 0x67, 0x5f, 0x6d, 0x61, 0x6e, 0x61, 0x67,
    0x65, 0x72, 0x28, 0x29, 0x20, 0x7b, 0x0a, 0x20, 0x20, 0x6c, 0x6f, 0x63, 0x61, 0x6c, 0x20, 0x68,
    0x6f, 0x6d, 0x65, 0x20, 0x63, 0x61, 0x6e, 0x64, 0x69, 0x64, 0x61, 0x74, 0x65, 0x0a, 0x20, 0x20,
    0x68, 0x6f, 0x6d, 0x65, 0x3d, 0x22, 0x24, 0x28, 0x6c, 0x6f, 0x67, 0x69, 0x6e, 0x5f, 0x68, 0x6f,
    0x6d, 0x65, 0x29, 0x22, 0x0a, 0x20, 0x20, 0x66, 0x6f, 0x72, 0x20, 0x63, 0x61, 0x6e, 0x64, 0x69,
    0x64, 0x61, 0x74, 0x65, 0x20, 0x69, 0x6e, 0x20, 0x5c, 0x0a, 0x20, 0x20, 0x20, 0x20, 0x22, 0x24,
    0x68, 0x6f, 0x6d, 0x65, 0x2f, 0x64, 0x61, 0x74, 0x61, 0x5f, 0x48, 0x44, 0x2f, 0x6d, 0x69, 0x6e,
    0x69, 0x63, 0x6f, 0x6e, 0x64, 0x61, 0x33, 0x2f, 0x62, 0x69, 0x6e, 0x2f, 0x63, 0x6f, 0x6e, 0x64,
    0x61, 0x22, 0x20, 0x5c, 0x0a, 0x20, 0x20, 0x20, 0x20, 0x22, 0x24, 0x4d, 0x49, 0x4e, 0x49, 0x43,
    0x4f, 0x4e, 0x44, 0x41, 0x5f, 0x53, 0x59, 0x53, 0x54, 0x45, 0x4d, 0x5f, 0x44, 0x45, 0x46, 0x41,
    0x55, 0x4c, 0x54, 0x2f, 0x62, 0x69, 0x6e, 0x2f, 0x63, 0x6f, 0x6e, 0x64, 0x61, 0x22, 0x20, 0x5c,
    0x0a, 0x20, 0x20, 0x20, 0x20, 0x22, 0x24, 0x4d, 0x49, 0x4e, 0x49, 0x46, 0x4f, 0x52, 0x47, 0x45,
    0x5f, 0x44, 0x45, 0x46, 0x41, 0x55, 0x4c, 0x54, 0x2f, 0x62, 0x69, 0x6e, 0x2f, 0x63, 0x6f, 0x6e,
    0x64, 0x61, 0x22, 0x20, 0x5c, 0x0a, 0x20, 0x20, 0x20, 0x20, 0x22, 0x24, 0x68, 0x6f, 0x6d, 0x65,
    0x2f, 0x64, 0x61, 0x74, 0x61, 0x5f, 0x48, 0x44, 0x2f, 0x62, 0x69, 0x6e, 0x2f, 0x6d, 0x69, 0x63,
    0x72, 0x6f, 0x6d, 0x61, 0x6d, 0x62, 0x61, 0x22, 0x20, 0x5c, 0x0a, 0x20, 0x20, 0x20, 0x20, 0x22,
    0x24, 0x4d, 0x49, 0x43, 0x52, 0x4f, 0x4d, 0x41, 0x4d, 0x42, 0x41, 0x5f, 0x53, 0x59, 0x53, 0x54,
    0x45, 0x4d, 0x5f, 0x42, 0x49, 0x4e, 0x22, 0x0a, 0x20, 0x20, 0x64, 0x6f, 0x0a, 0x20, 0x20, 0x20,
    0x20, 0x5b, 0x5b, 0x20, 0x2d, 0x78, 0x20, 0x22, 0x24, 0x63, 0x61, 0x6e, 0x64, 0x69, 0x64, 0x61,
    0x74, 0x65, 0x22, 0x20, 0x5d, 0x5d, 0x20, 0x26, 0x26, 0x20, 0x7b, 0x20, 0x70, 0x72, 0x69, 0x6e,
    0x74, 0x66, 0x20, 0x27, 0x25, 0x73, 0x27, 0x20, 0x22, 0x24, 0x63, 0x61, 0x6e, 0x64, 0x69, 0x64,
    0x61, 0x74, 0x65, 0x22, 0x3b, 0x20, 0x72, 0x65, 0x74, 0x75, 0x72, 0x6e, 0x20, 0x30, 0x3b, 0x20,
    0x7d, 0x0a, 0x20, 0x20, 0x64, 0x6f, 0x6e, 0x65, 0x0a, 0x20, 0x20, 0x72, 0x65, 0x74, 0x75, 0x72,
    0x6e, 0x20, 0x31, 0x0a, 0x7d, 0x0a, 0x0a, 0x63, 0x6f, 0x6e, 0x66, 0x69, 0x67, 0x75, 0x72, 0x65,
    0x5f, 0x74, 0x75, 0x6e, 0x61, 0x5f, 0x63, 0x6f, 0x6e, 0x64, 0x61, 0x5f, 0x6d, 0x69, 0x72, 0x72,
    0x6f, 0x72, 0x73, 0x28, 0x29, 0x20, 0x7b, 0x0a, 0x20, 0x20, 0x6c, 0x6f, 0x63, 0x61, 0x6c, 0x20,
    0x73, 0x63, 0x6f, 0x70, 0x65, 0x0a, 0x20, 0x20, 0x6c, 0x6f, 0x63, 0x61, 0x6c, 0x20, 0x68, 0x6f,
    0x6d, 0x65, 0x20, 0x63, 0x6f, 0x6e, 0x64, 0x61, 0x72, 0x63, 0x20, 0x6d, 0x61, 0x6e, 0x61, 0x67,
    0x65, 0x72, 0x20, 0x6d, 0x61, 0x6e, 0x61, 0x67, 0x65, 0x72, 0x5f, 0x6e, 0x61, 0x6d, 0x65, 0x20,
    0x63, 0x68, 0x61, 0x6e, 0x6e, 0x65, 0x6c, 0x0a, 0x20, 0x20, 0x6c, 0x6f, 0x63, 0x61, 0x6c, 0x20,
    0x2d, 0x61, 0x20, 0x63, 0x68, 0x61, 0x6e, 0x6e, 0x65, 0x6c, 0x73, 0x3d, 0x28, 0x0a, 0x20, 0x20,
    0x20, 0x20, 0x22, 0x68, 0x74, 0x74, 0x70, 0x73, 0x3a, 0x2f, 0x2f, 0x6d, 0x69, 0x72, 0x72, 0x6f,
    0x72, 0x73, 0x2e, 0x74, 0x75, 0x6e, 0x61, 0x2e, 0x74, 0x73, 0x69, 0x6e, 0x67, 0x68, 0x75, 0x61,
    0x2e, 0x65, 0x64, 0x75, 0x2e, 0x63, 0x6e, 0x2f, 0x61, 0x6e, 0x61, 0x63, 0x6f, 0x6e, 0x64, 0x61,
    0x2f, 0x70, 0x6b, 0x67, 0x73, 0x2f, 0x6d, 0x61, 0x69, 0x6e, 0x22, 0x0a, 0x20, 0x20, 0x20, 0x20,
    0x22, 0x68, 0x74, 0x74, 0x70, 0x73, 0x3a, 0x2f, 0x2f, 0x6d, 0x69, 0x72, 0x72, 0x6f, 0x72, 0x73,
    0x2e, 0x74, 0x75, 0x6e, 0x61, 0x2e, 0x74, 0x73, 0x69, 0x6e, 0x67, 0x68, 0x75, 0x61, 0x2e, 0x65,
    0x64, 0x75, 0x2e, 0x63, 0x6e, 0x2f, 0x61, 0x6e, 0x61, 0x63, 0x6f, 0x6e, 0x64, 0x61, 0x2f, 0x70,
    0x6b, 0x67, 0x73, 0x2f, 0x72, 0x22, 0x0a, 0x20, 0x20, 0x20, 0x20, 0x22, 0x68, 0x74, 0x74, 0x70,
    0x73, 0x3a, 0x2f, 0x2f, 0x6d, 0x69, 0x72, 0x72, 0x6f, 0x72, 0x73, 0x2e, 0x74, 0x75, 0x6e, 0x61,
    0x2e, 0x74, 0x73, 0x69, 0x6e, 0x67, 0x68, 0x75, 0x61, 0x2e, 0x65, 0x64, 0x75, 0x2e, 0x63, 0x6e,
    0x2f, 0x61, 0x6e, 0x61, 0x63, 0x6f, 0x6e, 0x64, 0x61, 0x2f, 0x70, 0x6b, 0x67, 0x73, 0x2f, 0x6d,
    0x73, 0x79, 0x73, 0x32, 0x22, 0x0a, 0x20, 0x20, 0x20, 0x20, 0x22, 0x68, 0x74, 0x74, 0x70, 0x73,
    0x3a, 0x2f, 0x2f, 0x6d, 0x69, 0x72, 0x72, 0x6f, 0x72, 0x73, 0x2e, 0x74, 0x75, 0x6e, 0x61, 0x2e,
    0x74, 0x73, 0x69, 0x6e, 0x67, 0x68, 0x75, 0x61, 0x2e, 0x65, 0x64, 0x75, 0x2e, 0x63, 0x6e, 0x2f,
    0x61, 0x6e, 0x61, 0x63, 0x6f, 0x6e, 0x64, 0x61, 0x2f, 0x63, 0x6c, 0x6f, 0x75, 0x64, 0x2f, 0x63,
    0x6f, 0x6e, 0x64, 0x61, 0x2d, 0x66, 0x6f, 0x72, 0x67, 0x65, 0x22, 0x0a, 0x20, 0x20, 0x20, 0x20,
    0x22, 0x68, 0x74, 0x74, 0x70, 0x73, 0x3a, 0x2f, 0x2f, 0x6d, 0x69, 0x72, 0x72, 0x6f, 0x72, 0x73,
    0x2e, 0x74, 0x75, 0x6e, 0x61, 0x2e, 0x74, 0x73, 0x69, 0x6e, 0x67, 0x68, 0x75, 0x61, 0x2e, 0x65,
    0x64, 0x75, 0x2e, 0x63, 0x6e, 0x2f, 0x61, 0x6e, 0x61, 0x63, 0x6f, 0x6e, 0x64, 0x61, 0x2f, 0x63,
    0x6c, 0x6f, 0x75, 0x64, 0x2f, 0x62, 0x69, 0x6f, 0x63, 0x6f, 0x6e, 0x64, 0x61, 0x22, 0x0a, 0x20,
    0x20, 0x29, 0x0a, 0x0a, 0x20, 0x20, 0x68, 0x6f, 0x6d, 0x65, 0x3d, 0x22, 0x24, 0x28, 0x6c, 0x6f,
    0x67, 0x69, 0x6e, 0x5f, 0x68, 0x6f, 0x6d, 0x65, 0x29, 0x22, 0x0a, 0x0a, 0x20, 0x20, 0x70, 0x72,
    0x69, 0x6e, 0x74, 0x66, 0x20, 0x27, 0x31, 0x29, 0x20, 0xe5, 0xbd, 0x93, 0xe5, 0x89, 0x8d, 0xe7,
    0x99, 0xbb, 0xe5, 0xbd, 0x95, 0xe7, 0x94, 0xa8, 0xe6, 0x88, 0xb7, 0x20, 0x7e, 0x2f, 0x2e, 0x63,
    0x6f, 0x6e, 0x64, 0x61, 0x72, 0x63, 0x5c, 0x6e, 0x27, 0x0a, 0x20, 0x20, 0x70, 0x72, 0x69, 0x6e,
    0x74, 0x66, 0x20, 0x27, 0x32, 0x29, 0x20, 0xe7, 0xb3, 0xbb, 0xe7, 0xbb, 0x9f, 0xe7, 0xba, 0xa7,
    0x20, 0x2f, 0x65, 0x74, 0x63, 0x2f, 0x63, 0x6f, 0x6e, 0x64, 0x61, 0x2f, 0x63, 0x6f, 0x6e, 0x64,
    0x61, 0x72, 0x63, 0xef, 0xbc, 0x88, 0x73, 0x75, 0x64, 0x6f, 0xef, 0xbc, 0x89, 0x5c, 0x6e, 0x27,
    0x0a, 0x20, 0x20, 0x72, 0x65, 0x61, 0x64, 0x20, 0x2d, 0x72, 0x20, 0x2d, 0x70, 0x20, 0x22, 0xe9,
    0x85, 0x8d, 0xe7, 0xbd, 0xae, 0xe8, 0x8c, 0x83, 0xe5, 0x9b, 0xb4, 0x20, 0x5b, 0x31, 0x5d, 0x3a,
    0x20, 0x22, 0x20, 0x73, 0x63, 0x6f, 0x70, 0x65, 0x0a, 0x20, 0x20, 0x5b, 0x5b, 0x20, 0x2d, 0x6e,
    0x20, 0x22, 0x24, 0x73, 0x63, 0x6f, 0x70, 0x65, 0x22, 0x20, 0x5d, 0x5d, 0x20, 0x7c, 0x7c, 0x20,
    0x73, 0x63, 0x6f, 0x70, 0x65, 0x3d, 0x22, 0x31, 0x22, 0x0a, 0x0a, 0x20, 0x20, 0x63, 0x61, 0x73,
    0x65, 0x20, 0x22, 0x24, 0x73, 0x63, 0x6f, 0x70, 0x65, 0x22, 0x20, 0x69, 0x6e, 0x0a, 0x20, 0x20,
    0x20, 0x20, 0x31, 0x7c, 0x75, 0x73, 0x65, 0x72, 0x29, 0x0a, 0x20, 0x20, 0x20, 0x20, 0x20, 0x20,
    0x63, 0x6f, 0x6e, 0x64, 0x61, 0x72, 0x63, 0x3d, 0x22, 0x24, 0x68, 0x6f, 0x6d, 0x65, 0x2f, 0x2e,
    0x63, 0x6f, 0x6e, 0x64, 0x61, 0x72, 0x63, 0x22, 0x0a, 0x20, 0x20, 0x20, 0x20, 0x20, 0x20, 0x3b,
    0x3b, 0x0a, 0x20, 0x20, 0x20, 0x20, 0x32, 0x7c, 0x73, 0x79, 0x73, 0x74, 0x65, 0x6d, 0x29, 0x0a,
    0x20, 0x20, 0x20, 0x20, 0x20, 0x20, 0x61, 0x73, 0x5f, 0x72, 0x6f, 0x6f, 0x74, 0x20, 0x6d, 0x6b,
    0x64, 0x69, 0x72, 0x20, 0x2d, 0x70, 0x20, 0x2f, 0x65, 0x74, 0x63, 0x2f, 0x63, 0x6f, 0x6e, 0x64,
    0x61, 0x0a, 0x20, 0x20, 0x20, 0x20, 0x20, 0x20, 0x63, 0x6f, 0x6e, 0x64, 0x61, 0x72, 0x63, 0x3d,
    0x22, 0x2f, 0x65, 0x74, 0x63, 0x2f, 0x63, 0x6f, 0x6e, 0x64, 0x61, 0x2f, 0x63, 0x6f, 0x6e, 0x64,
    0x61, 0x72, 0x63, 0x22, 0x0a, 0x20, 0x20, 0x20, 0x20, 0x20, 0x20, 0x3b, 0x3b, 0x0a, 0x20, 0x20,
    0x20, 0x20, 0x2a, 0x29, 0x0a, 0x20, 0x20, 0x20, 0x20, 0x20, 0x20, 0x77, 0x61, 0x72, 0x6e, 0x20,
    0x22, 0xe6, 0x97, 0xa0, 0xe6, 0x95, 0x88, 0xe9, 0x80, 0x89, 0xe6, 0x8b, 0xa9, 0xe3, 0x80, 0x82,
    0x22, 0x0a, 0x20, 0x20, 0x20, 0x20, 0x20, 0x20, 0x72, 0x65, 0x74, 0x75, 0x72, 0x6e, 0x20, 0x31,
    0x0a, 0x20, 0x20, 0x20, 0x20, 0x20, 0x20, 0x3b, 0x3b, 0x0a, 0x20, 0x20, 0x65, 0x73, 0x61, 0x63,
    0x0a, 0x0a, 0x20, 0x20, 0x69, 0x66, 0x20, 0x5b, 0x5b, 0x20, 0x2d, 0x65, 0x20, 0x22, 0x24, 0x63,
    0x6f, 0x6e, 0x64, 0x61, 0x72, 0x63, 0x22, 0x20, 0x5d, 0x5d, 0x3b, 0x20, 0x74, 0x68, 0x65, 0x6e,
    0x0a, 0x20, 0x20, 0x20, 0x20, 0x62, 0x61, 0x63, 0x6b, 0x75, 0x70, 0x5f, 0x66, 0x69, 0x6c, 0x65,
    0x20, 0x22, 0x24, 0x63, 0x6f, 0x6e, 0x64, 0x61, 0x72, 0x63, 0x22, 0x0a, 0x20, 0x20, 0x66, 0x69,
    0x0a, 0x0a, 0x20, 0x20, 0x6d, 0x61, 0x6e, 0x61, 0x67, 0x65, 0x72, 0x3d, 0x22, 0x24, 0x28, 0x66,
    0x69, 0x6e, 0x64, 0x5f, 0x63, 0x6f, 0x6e, 0x64, 0x61, 0x5f, 0x63, 0x6f, 0x6e, 0x66, 0x69, 0x67,
    0x5f, 0x6d, 0x61, 0x6e, 0x61, 0x67, 0x65, 0x72, 0x20, 0x32, 0x3e, 0x2f, 0x64, 0x65, 0x76, 0x2f,
    0x6e, 0x75, 0x6c, 0x6c, 0x20, 0x7c, 0x7c, 0x20, 0x74, 0x72, 0x75, 0x65, 0x29, 0x22, 0x0a, 0x20,
    0x20, 0x69, 0x66, 0x20, 0x5b, 0x5b, 0x20, 0x2d, 0x7a, 0x20, 0x22, 0x24, 0x6d, 0x61, 0x6e, 0x61,
    0x67, 0x65, 0x72, 0x22, 0x20, 0x5d, 0x5d, 0x3b, 0x20, 0x74, 0x68, 0x65, 0x6e, 0x0a, 0x20, 0x20,
    0x20, 0x20, 0x69, 0x66, 0x20, 0x5b, 0x5b, 0x20, 0x2d, 0x65, 0x20, 0x22, 0x24, 0x63, 0x6f, 0x6e,
    0x64, 0x61, 0x72, 0x63, 0x22, 0x20, 0x5d, 0x5d, 0x3b, 0x20, 0x74, 0x68, 0x65, 0x6e, 0x0a, 0x20,
    0x20, 0x20, 0x20, 0x20, 0x20, 0x77, 0x61, 0x72, 0x6e, 0x20, 0x22, 0xe6, 0xa3, 0x80, 0xe6, 0xb5,
    0x8b, 0xe5, 0x88, 0xb0, 0xe5, 0xb7, 0xb2, 0xe6, 0x9c, 0x89, 0x20, 0x24, 0x63, 0x6f, 0x6e, 0x64,
    0x61, 0x72, 0x63, 0xef, 0xbc, 0x8c, 0xe4, 0xbd, 0x86, 0xe7, 0xb3, 0xbb, 0xe7, 0xbb, 0x9f, 0xe6,
    0xb2, 0xa1, 0xe6, 0x9c, 0x89, 0x20, 0x63, 0x6f, 0x6e, 0x64, 0x61, 0x2f, 0x6d, 0x69, 0x63, 0x72,
    0x6f, 0x6d, 0x61, 0x6d, 0x62, 0x61, 0x20, 0xe5, 0x8f, 0xaf, 0xe7, 0x94, 0xa8, 0xe4, 0xba, 0x8e,
    0xe5, 0xae, 0x89, 0xe5, 0x85, 0xa8, 0xe5, 0x90, 0x88, 0xe5, 0xb9, 0xb6, 0xe3, 0x80, 0x82, 0x22,
    0x0a, 0x20, 0x20, 0x20, 0x20, 0x20, 0x20, 0x77, 0x61, 0x72, 0x6e, 0x20, 0x22, 0xe5, 0xb7, 0xb2,
    0xe4, 0xbf, 0x9d, 0xe7, 0x95, 0x99, 0xe5, 0x8e, 0x9f, 0xe6, 0x96, 0x87, 0xe4, 0xbb, 0xb6, 0xe5,
    0xb9, 0xb6, 0xe5, 0x88, 0x9b, 0xe5, 0xbb, 0xba, 0xe5, 0xa4, 0x87, 0xe4, 0xbb, 0xbd, 0xef, 0xbc,
    0x9b, 0xe8, 0xaf, 0xb7, 0xe5, 0x85, 0x88, 0xe5, 0xae, 0x89, 0xe8, 0xa3, 0x85, 0x20, 0x6d, 0x69,
    0x63, 0x72, 0x6f, 0x6d, 0x61, 0x6d, 0x62, 0x61, 0xef, 0xbc, 0x88, 0xe4, 0xbc, 0x9a, 0xe8, 0x87,
    0xaa, 0xe5, 0x8a, 0xa8, 0xe5, 0x87, 0x86, 0xe5, 0xa4, 0x87, 0x20, 0x4d, 0x69, 0x6e, 0x69, 0x63,
    0x6f, 0x6e, 0x64, 0x61, 0x20, 0xe5, 0x89, 0x8d, 0xe7, 0xbd, 0xae, 0xef, 0xbc, 0x89, 0xe6, 0x88,
    0x96, 0x20, 0x4d, 0x69, 0x6e, 0x69, 0x66, 0x6f, 0x72, 0x67, 0x65, 0x20, 0xe5, 0x90, 0x8e, 0xe9,
    0x87, 0x8d, 0xe8, 0xaf, 0x95, 0xe3, 0x80, 0x82, 0x22, 0x0a, 0x20, 0x20, 0x20, 0x20, 0x20, 0x20,
    0x72, 0x65, 0x74, 0x75, 0x72, 0x6e, 0x20, 0x31, 0x0a, 0x20, 0x20, 0x20, 0x20, 0x66, 0x69, 0x0a,
    0x0a, 0x20, 0x20, 0x20, 0x20, 0x6c, 0x6f, 0x63, 0x61, 0x6c, 0x20, 0x63, 0x6f, 0x6e, 0x74, 0x65,
    0x6e, 0x74, 0x5f, 0x6e, 0x65, 0x77, 0x3d, 0x27, 0x73, 0x68, 0x6f, 0x77, 0x5f, 0x63, 0x68, 0x61,
    0x6e, 0x6e, 0x65, 0x6c, 0x5f, 0x75, 0x72, 0x6c, 0x73, 0x3a, 0x20, 0x74, 0x72, 0x75, 0x65, 0x0a,
    0x63, 0x68, 0x61, 0x6e, 0x6e, 0x65, 0x6c, 0x73, 0x3a, 0x0a, 0x20, 0x20, 0x2d, 0x20, 0x68, 0x74,
    0x74, 0x70, 0x73, 0x3a, 0x2f, 0x2f, 0x6d, 0x69, 0x72, 0x72, 0x6f, 0x72, 0x73, 0x2e, 0x74, 0x75,
    0x6e, 0x61, 0x2e, 0x74, 0x73, 0x69, 0x6e, 0x67, 0x68, 0x75, 0x61, 0x2e, 0x65, 0x64, 0x75, 0x2e,
    0x63, 0x6e, 0x2f, 0x61, 0x6e, 0x61, 0x63, 0x6f, 0x6e, 0x64, 0x61, 0x2f, 0x70, 0x6b, 0x67, 0x73,
    0x2f, 0x6d, 0x61, 0x69, 0x6e, 0x0a, 0x20, 0x20, 0x2d, 0x20, 0x68, 0x74, 0x74, 0x70, 0x73, 0x3a,
    0x2f, 0x2f, 0x6d, 0x69, 0x72, 0x72, 0x6f, 0x72, 0x73, 0x2e, 0x74, 0x75, 0x6e, 0x61, 0x2e, 0x74,
    0x73, 0x69, 0x6e, 0x67, 0x68, 0x75, 0x61, 0x2e, 0x65, 0x64, 0x75, 0x2e, 0x63, 0x6e, 0x2f, 0x61,
    0x6e, 0x61, 0x63, 0x6f, 0x6e, 0x64, 0x61, 0x2f, 0x70, 0x6b, 0x67, 0x73, 0x2f, 0x72, 0x0a, 0x20,
    0x20, 0x2d, 0x20, 0x68, 0x74, 0x74, 0x70, 0x73, 0x3a, 0x2f, 0x2f, 0x6d, 0x69, 0x72, 0x72, 0x6f,
    0x72, 0x73, 0x2e, 0x74, 0x75, 0x6e, 0x61, 0x2e, 0x74, 0x73, 0x69, 0x6e, 0x67, 0x68, 0x75, 0x61,
    0x2e, 0x65, 0x64, 0x75, 0x2e, 0x63, 0x6e, 0x2f, 0x61, 0x6e, 0x61, 0x63, 0x6f, 0x6e, 0x64, 0x61,
    0x2f, 0x70, 0x6b, 0x67, 0x73, 0x2f, 0x6d, 0x73, 0x79, 0x73, 0x32, 0x0a, 0x20, 0x20, 0x2d, 0x20,
    0x68, 0x74, 0x74, 0x70, 0x73, 0x3a, 0x2f, 0x2f, 0x6d, 0x69, 0x72, 0x72, 0x6f, 0x72, 0x73, 0x2e,
    0x74, 0x75, 0x6e, 0x61, 0x2e, 0x74, 0x73, 0x69, 0x6e, 0x67, 0x68, 0x75, 0x61, 0x2e, 0x65, 0x64,
    0x75, 0x2e, 0x63, 0x6e, 0x2f, 0x61, 0x6e, 0x61, 0x63, 0x6f, 0x6e, 0x64, 0x61, 0x2f, 0x63, 0x6c,
    0x6f, 0x75, 0x64, 0x2f, 0x63, 0x6f, 0x6e, 0x64, 0x61, 0x2d, 0x66, 0x6f, 0x72, 0x67, 0x65, 0x0a,
    0x20, 0x20, 0x2d, 0x20, 0x68, 0x74, 0x74, 0x70, 0x73, 0x3a, 0x2f, 0x2f, 0x6d, 0x69, 0x72, 0x72,
    0x6f, 0x72, 0x73, 0x2e, 0x74, 0x75, 0x6e, 0x61, 0x2e, 0x74, 0x73, 0x69, 0x6e, 0x67, 0x68, 0x75,
    0x61, 0x2e, 0x65, 0x64, 0x75, 0x2e, 0x63, 0x6e, 0x2f, 0x61, 0x6e, 0x61, 0x63, 0x6f, 0x6e, 0x64,
    0x61, 0x2f, 0x63, 0x6c, 0x6f, 0x75, 0x64, 0x2f, 0x62, 0x69, 0x6f, 0x63, 0x6f, 0x6e, 0x64, 0x61,
    0x27, 0x0a, 0x20, 0x20, 0x20, 0x20, 0x69, 0x66, 0x20, 0x5b, 0x5b, 0x20, 0x22, 0x24, 0x73, 0x63,
    0x6f, 0x70, 0x65, 0x22, 0x20, 0x3d, 0x3d, 0x20, 0x22, 0x32, 0x22, 0x20, 0x7c, 0x7c, 0x20, 0x22,
    0x24, 0x73, 0x63, 0x6f, 0x70, 0x65, 0x22, 0x20, 0x3d, 0x3d, 0x20, 0x22, 0x73, 0x79, 0x73, 0x74,
    0x65, 0x6d, 0x22, 0x20, 0x5d, 0x5d, 0x3b, 0x20, 0x74, 0x68, 0x65, 0x6e, 0x0a, 0x20, 0x20, 0x20,
    0x20, 0x20, 0x20, 0x77, 0x72, 0x69, 0x74, 0x65, 0x5f, 0x72, 0x6f, 0x6f, 0x74, 0x5f, 0x66, 0x69,
    0x6c, 0x65, 0x20, 0x22, 0x24, 0x63, 0x6f, 0x6e, 0x64, 0x61, 0x72, 0x63, 0x22, 0x20, 0x22, 0x24,
    0x63, 0x6f, 0x6e, 0x74, 0x65, 0x6e, 0x74, 0x5f, 0x6e, 0x65, 0x77, 0x22, 0x0a, 0x20, 0x20, 0x20,
    0x20, 0x65, 0x6c, 0x73, 0x65, 0x0a, 0x20, 0x20, 0x20, 0x20, 0x20, 0x20, 0x77, 0x72, 0x69, 0x74,
    0x65, 0x5f, 0x75, 0x73, 0x65, 0x72, 0x5f, 0x66, 0x69, 0x6c, 0x65, 0x20, 0x22, 0x24, 0x63, 0x6f,
    0x6e, 0x64, 0x61, 0x72, 0x63, 0x22, 0x20, 0x22, 0x24, 0x63, 0x6f, 0x6e, 0x74, 0x65, 0x6e, 0x74,
    0x5f, 0x6e, 0x65, 0x77, 0x22, 0x0a, 0x20, 0x20, 0x20, 0x20, 0x66, 0x69, 0x0a, 0x20, 0x20, 0x20,
    0x20, 0x6c, 0x6f, 0x67, 0x20, 0x22, 0xe6, 0x96, 0xb0, 0xe5, 0xbb, 0xba, 0x20, 0x43, 0x6f, 0x6e,
    0x64, 0x61, 0x20, 0xe9, 0x85, 0x8d, 0xe7, 0xbd, 0xae, 0x3a, 0x20, 0x24, 0x63, 0x6f, 0x6e, 0x64,
    0x61, 0x72, 0x63, 0x22, 0x0a, 0x20, 0x20, 0x20, 0x20, 0x72, 0x65, 0x74, 0x75, 0x72, 0x6e, 0x20,
    0x30, 0x0a, 0x20, 0x20, 0x66, 0x69, 0x0a, 0x0a, 0x20, 0x20, 0x6d, 0x61, 0x6e, 0x61, 0x67, 0x65,
    0x72, 0x5f, 0x6e, 0x61, 0x6d, 0x65, 0x3d, 0x22, 0x24, 0x28, 0x62, 0x61, 0x73, 0x65, 0x6e, 0x61,
    0x6d, 0x65, 0x20, 0x22, 0x24, 0x6d, 0x61, 0x6e, 0x61, 0x67, 0x65, 0x72, 0x22, 0x29, 0x22, 0x0a,
    0x20, 0x20, 0x69, 0x6e, 0x66, 0x6f, 0x20, 0x22, 0xe4, 0xbd, 0xbf, 0xe7, 0x94, 0xa8, 0x20, 0x24,
    0x6d, 0x61, 0x6e, 0x61, 0x67, 0x65, 0x72, 0x5f, 0x6e, 0x61, 0x6d, 0x65, 0x20, 0xe6, 0x97, 0xa0,
    0xe6, 0x8d, 0x9f, 0xe6, 0x9b, 0xb4, 0xe6, 0x96, 0xb0, 0x20, 0x24, 0x63, 0x6f, 0x6e, 0x64, 0x61,
    0x72, 0x63, 0x22, 0x0a, 0x0a, 0x20, 0x20, 0x23, 0x20, 0x6d, 0x69, 0x63, 0x72, 0x6f, 0x6d, 0x61,
    0x6d, 0x62, 0x61, 0x2f, 0x6c, 0x69, 0x62, 0x6d, 0x61, 0x6d, 0x62, 0x61, 0x20, 0xe5, 0x9c, 0xa8,
    0xe6, 0x98, 0xbe, 0xe5, 0xbc, 0x8f, 0xe6, 0x8c, 0x87, 0xe5, 0xae, 0x9a, 0x20, 0x43, 0x4f, 0x4e,
    0x44, 0x41, 0x52, 0x43, 0x20, 0xe4, 0xb8, 0x94, 0xe6, 0x96, 0x87, 0xe4, 0xbb, 0xb6, 0xe4, 0xb8,
    0x8d, 0xe5, 0xad, 0x98, 0xe5, 0x9c, 0xa8, 0xe6, 0x97, 0xb6, 0xe4, 0xbc, 0x9a, 0xe7, 0x9b, 0xb4,
    0xe6, 0x8e, 0xa5, 0xe4, 0xb8, 0xad, 0xe6, 0xad, 0xa2, 0xe3, 0x80, 0x82, 0x0a, 0x20, 0x20, 0x23,
    0x20, 0xe5, 0x9b, 0xa0, 0xe6, 0xad, 0xa4, 0xe5, 0x85, 0x88, 0xe5, 0x88, 0x9b, 0xe5, 0xbb, 0xba,
    0xe7, 0xa9, 0xba, 0xe9, 0x85, 0x8d, 0xe7, 0xbd, 0xae, 0xe6, 0x96, 0x87, 0xe4, 0xbb, 0xb6, 0xef,
    0xbc, 0x8c, 0xe5, 0x86, 0x8d, 0xe8, 0xae, 0xa9, 0xe9, 0x85, 0x8d, 0xe7, 0xbd, 0xae, 0xe7, 0xae,
    0xa1, 0xe7, 0x90, 0x86, 0xe5, 0x99, 0xa8, 0xe5, 0x8e, 0x9f, 0xe5, 0x9c, 0xb0, 0xe6, 0x9b, 0xb4,
    0xe6, 0x96, 0xb0, 0xe3, 0x80, 0x82, 0x0a, 0x20, 0x20, 0x69, 0x66, 0x20, 0x5b, 0x5b, 0x20, 0x21,
    0x20, 0x2d, 0x65, 0x20, 0x22, 0x24, 0x63, 0x6f, 0x6e, 0x64, 0x61, 0x72, 0x63, 0x22, 0x20, 0x5d,
    0x5d, 0x3b, 0x20, 0x74, 0x68, 0x65, 0x6e, 0x0a, 0x20, 0x20, 0x20, 0x20, 0x69, 0x66, 0x20, 0x5b,
    0x5b, 0x20, 0x22, 0x24, 0x73, 0x63, 0x6f, 0x70, 0x65, 0x22, 0x20, 0x3d, 0x3d, 0x20, 0x22, 0x32,
    0x22, 0x20, 0x7c, 0x7c, 0x20, 0x22, 0x24, 0x73, 0x63, 0x6f, 0x70, 0x65, 0x22, 0x20, 0x3d, 0x3d,
    0x20, 0x22, 0x73, 0x79, 0x73, 0x74, 0x65, 0x6d, 0x22, 0x20, 0x5d, 0x5d, 0x3b, 0x20, 0x74, 0x68,
    0x65, 0x6e, 0x0a, 0x20, 0x20, 0x20, 0x20, 0x20, 0x20, 0x77, 0x72, 0x69, 0x74, 0x65, 0x5f, 0x72,
    0x6f, 0x6f, 0x74, 0x5f, 0x66, 0x69, 0x6c, 0x65, 0x20, 0x22, 0x24, 0x63, 0x6f, 0x6e, 0x64, 0x61,
    0x72, 0x63, 0x22, 0x20, 0x22, 0x22, 0x0a, 0x20, 0x20, 0x20, 0x20, 0x65, 0x6c, 0x73, 0x65, 0x0a,
    0x20, 0x20, 0x20, 0x20, 0x20, 0x20, 0x77, 0x72, 0x69, 0x74, 0x65, 0x5f, 0x75, 0x73, 0x65, 0x72,
    0x5f, 0x66, 0x69, 0x6c, 0x65, 0x20, 0x22, 0x24, 0x63, 0x6f, 0x6e, 0x64, 0x61, 0x72, 0x63, 0x22,
    0x20, 0x22, 0x22, 0x0a, 0x20, 0x20, 0x20, 0x20, 0x66, 0x69, 0x0a, 0x20, 0x20, 0x20, 0x20, 0x69,
    0x6e, 0x66, 0x6f, 0x20, 0x22, 0xe5, 0xb7, 0xb2, 0xe5, 0x88, 0x9b, 0xe5, 0xbb, 0xba, 0xe7, 0xa9,
    0xba, 0x20, 0x43, 0x6f, 0x6e, 0x64, 0x61, 0x20, 0xe9, 0x85, 0x8d, 0xe7, 0xbd, 0xae, 0xe6, 0x96,
    0x87, 0xe4, 0xbb, 0xb6, 0x3a, 0x20, 0x24, 0x63, 0x6f, 0x6e, 0x64, 0x61, 0x72, 0x63, 0x22, 0x0a,
    0x20, 0x20, 0x66, 0x69, 0x0a, 0x0a, 0x20, 0x20, 0x69, 0x66, 0x20, 0x5b, 0x5b, 0x20, 0x22, 0x24,
    0x6d, 0x61, 0x6e, 0x61, 0x67, 0x65, 0x72, 0x5f, 0x6e, 0x61, 0x6d, 0x65, 0x22, 0x20, 0x3d, 0x3d,
    0x20, 0x22, 0x6d, 0x69, 0x63, 0x72, 0x6f, 0x6d, 0x61, 0x6d, 0x62, 0x61, 0x22, 0x20, 0x5d, 0x5d,
    0x3b, 0x20, 0x74, 0x68, 0x65, 0x6e, 0x0a, 0x20, 0x20, 0x20, 0x20, 0x6c, 0x6f, 0x63, 0x61, 0x6c,
    0x20, 0x2d, 0x61, 0x20, 0x6d, 0x6d, 0x5f, 0x70, 0x72, 0x65, 0x66, 0x69, 0x78, 0x3d, 0x28, 0x29,
    0x0a, 0x20, 0x20, 0x20, 0x20, 0x69, 0x66, 0x20, 0x5b, 0x5b, 0x20, 0x22, 0x24, 0x73, 0x63, 0x6f,
    0x70, 0x65, 0x22, 0x20, 0x3d, 0x3d, 0x20, 0x22, 0x32, 0x22, 0x20, 0x5d, 0x5d, 0x3b, 0x20, 0x74,
    0x68, 0x65, 0x6e, 0x0a, 0x20, 0x20, 0x20, 0x20, 0x20, 0x20, 0x6d, 0x6d, 0x5f, 0x70, 0x72, 0x65,
    0x66, 0x69, 0x78, 0x3d, 0x28, 0x61, 0x73, 0x5f, 0x72, 0x6f, 0x6f, 0x74, 0x29, 0x0a, 0x20, 0x20,
    0x20, 0x20, 0x65, 0x6c, 0x73, 0x65, 0x0a, 0x20, 0x20, 0x20, 0x20, 0x20, 0x20, 0x6d, 0x6d, 0x5f,
    0x70, 0x72, 0x65, 0x66, 0x69, 0x78, 0x3d, 0x28, 0x61, 0x73, 0x5f, 0x6c, 0x6f, 0x67, 0x69, 0x6e,
    0x5f, 0x75, 0x73, 0x65, 0x72, 0x29, 0x0a, 0x20, 0x20, 0x20, 0x20, 0x66, 0x69, 0x0a, 0x0a, 0x20,
    0x20, 0x20, 0x20, 0x22, 0x24, 0x7b, 0x6d, 0x6d, 0x5f, 0x70, 0x72, 0x65, 0x66, 0x69, 0x78, 0x5b,
    0x40, 0x5d, 0x7d, 0x22, 0x20, 0x65, 0x6e, 0x76, 0x20, 0x43, 0x4f, 0x4e, 0x44, 0x41, 0x52, 0x43,
    0x3d, 0x22, 0x24, 0x63, 0x6f, 0x6e, 0x64, 0x61, 0x72, 0x63, 0x22, 0x20, 0x22, 0x24, 0x6d, 0x61,
    0x6e, 0x61, 0x67, 0x65, 0x72, 0x22, 0x20, 0x63, 0x6f, 0x6e, 0x66, 0x69, 0x67, 0x20, 0x73, 0x65,
    0x74, 0x20, 0x73, 0x68, 0x6f, 0x77, 0x5f, 0x63, 0x68, 0x61, 0x6e, 0x6e, 0x65, 0x6c, 0x5f, 0x75,
    0x72, 0x6c, 0x73, 0x20, 0x74, 0x72, 0x75, 0x65, 0x0a, 0x20, 0x20, 0x20, 0x20, 0x22, 0x24, 0x7b,
    0x6d, 0x6d, 0x5f, 0x70, 0x72, 0x65, 0x66, 0x69, 0x78, 0x5b, 0x40, 0x5d, 0x7d, 0x22, 0x20, 0x65,
    0x6e, 0x76, 0x20, 0x43, 0x4f, 0x4e, 0x44, 0x41, 0x52, 0x43, 0x3d, 0x22, 0x24, 0x63, 0x6f, 0x6e,
    0x64, 0x61, 0x72, 0x63, 0x22, 0x20, 0x22, 0x24, 0x6d, 0x61, 0x6e, 0x61, 0x67, 0x65, 0x72, 0x22,
    0x20, 0x63, 0x6f, 0x6e, 0x66, 0x69, 0x67, 0x20, 0x73, 0x65, 0x74, 0x20, 0x75, 0x73, 0x65, 0x5f,
    0x73, 0x68, 0x61, 0x72, 0x64, 0x65, 0x64, 0x5f, 0x72, 0x65, 0x70, 0x6f, 0x64, 0x61, 0x74, 0x61,
    0x20, 0x66, 0x61, 0x6c, 0x73, 0x65, 0x0a, 0x20, 0x20, 0x20, 0x20, 0x66, 0x6f, 0x72, 0x20, 0x63,
    0x68, 0x61, 0x6e, 0x6e, 0x65, 0x6c, 0x20, 0x69, 0x6e, 0x20, 0x22, 0x24, 0x7b, 0x63, 0x68, 0x61,
    0x6e, 0x6e, 0x65, 0x6c, 0x73, 0x5b, 0x40, 0x5d, 0x7d, 0x22, 0x3b, 0x20, 0x64, 0x6f, 0x0a, 0x20,
    0x20, 0x20, 0x20, 0x20, 0x20, 0x69, 0x66, 0x20, 0x21, 0x20, 0x22, 0x24, 0x7b, 0x6d, 0x6d, 0x5f,
    0x70, 0x72, 0x65, 0x66, 0x69, 0x78, 0x5b, 0x40, 0x5d, 0x7d, 0x22, 0x20, 0x65, 0x6e, 0x76, 0x20,
    0x43, 0x4f, 0x4e, 0x44, 0x41, 0x52, 0x43, 0x3d, 0x22, 0x24, 0x63, 0x6f, 0x6e, 0x64, 0x61, 0x72,
    0x63, 0x22, 0x20, 0x22, 0x24, 0x6d, 0x61, 0x6e, 0x61, 0x67, 0x65, 0x72, 0x22, 0x20, 0x63, 0x6f,
    0x6e, 0x66, 0x69, 0x67, 0x20, 0x6c, 0x69, 0x73, 0x74, 0x20, 0x32, 0x3e, 0x2f, 0x64, 0x65, 0x76,
    0x2f, 0x6e, 0x75, 0x6c, 0x6c, 0x20, 0x7c, 0x20, 0x67, 0x72, 0x65, 0x70, 0x20, 0x2d, 0x46, 0x71,
    0x20, 0x2d, 0x2d, 0x20, 0x22, 0x24, 0x63, 0x68, 0x61, 0x6e, 0x6e, 0x65, 0x6c, 0x22, 0x3b, 0x20,
    0x74, 0x68, 0x65, 0x6e, 0x0a, 0x20, 0x20, 0x20, 0x20, 0x20, 0x20, 0x20, 0x20, 0x22, 0x24, 0x7b,
    0x6d, 0x6d, 0x5f, 0x70, 0x72, 0x65, 0x66, 0x69, 0x78, 0x5b, 0x40, 0x5d, 0x7d, 0x22, 0x20, 0x65,
    0x6e, 0x76, 0x20, 0x43, 0x4f, 0x4e, 0x44, 0x41, 0x52, 0x43, 0x3d, 0x22, 0x24, 0x63, 0x6f, 0x6e,
    0x64, 0x61, 0x72, 0x63, 0x22, 0x20, 0x22, 0x24, 0x6d, 0x61, 0x6e, 0x61, 0x67, 0x65, 0x72, 0x22,
    0x20, 0x63, 0x6f, 0x6e, 0x66, 0x69, 0x67, 0x20, 0x61, 0x70, 0x70, 0x65, 0x6e, 0x64, 0x20, 0x63,
    0x68, 0x61, 0x6e, 0x6e, 0x65, 0x6c, 0x73, 0x20, 0x22, 0x24, 0x63, 0x68, 0x61, 0x6e, 0x6e, 0x65,
    0x6c, 0x22, 0x0a, 0x20, 0x20, 0x20, 0x20, 0x20, 0x20, 0x66, 0x69, 0x0a, 0x20, 0x20, 0x20, 0x20,
    0x64, 0x6f, 0x6e, 0x65, 0x0a, 0x20, 0x20, 0x65, 0x6c, 0x73, 0x65, 0x0a, 0x20, 0x20, 0x20, 0x20,
    0x69, 0x66, 0x20, 0x5b, 0x5b, 0x20, 0x22, 0x24, 0x73, 0x63, 0x6f, 0x70, 0x65, 0x22, 0x20, 0x3d,
    0x3d, 0x20, 0x22, 0x32, 0x22, 0x20, 0x7c, 0x7c, 0x20, 0x22, 0x24, 0x73, 0x63, 0x6f, 0x70, 0x65,
    0x22, 0x20, 0x3d, 0x3d, 0x20, 0x22, 0x73, 0x79, 0x73, 0x74, 0x65, 0x6d, 0x22, 0x20, 0x5d, 0x5d,
    0x3b, 0x20, 0x74, 0x68, 0x65, 0x6e, 0x0a, 0x20, 0x20, 0x20, 0x20, 0x20, 0x20, 0x61, 0x73, 0x5f,
    0x72, 0x6f, 0x6f, 0x74, 0x20, 0x22, 0x24, 0x6d, 0x61, 0x6e, 0x61, 0x67, 0x65, 0x72, 0x22, 0x20,
    0x63, 0x6f, 0x6e, 0x66, 0x69, 0x67, 0x20, 0x2d, 0x2d, 0x66, 0x69, 0x6c, 0x65, 0x20, 0x22, 0x24,
    0x63, 0x6f, 0x6e, 0x64, 0x61, 0x72, 0x63, 0x22, 0x20, 0x2d, 0x2d, 0x73, 0x65, 0x74, 0x20, 0x73,
    0x68, 0x6f, 0x77, 0x5f, 0x63, 0x68, 0x61, 0x6e, 0x6e, 0x65, 0x6c, 0x5f, 0x75, 0x72, 0x6c, 0x73,
    0x20, 0x74, 0x72, 0x75, 0x65, 0x0a, 0x20, 0x20, 0x20, 0x20, 0x20, 0x20, 0x66, 0x6f, 0x72, 0x20,
    0x63, 0x68, 0x61, 0x6e, 0x6e, 0x65, 0x6c, 0x20, 0x69, 0x6e, 0x20, 0x22, 0x24, 0x7b, 0x63, 0x68,
    0x61, 0x6e, 0x6e, 0x65, 0x6c, 0x73, 0x5b, 0x40, 0x5d, 0x7d, 0x22, 0x3b, 0x20, 0x64, 0x6f, 0x0a,
    0x20, 0x20, 0x20, 0x20, 0x20, 0x20, 0x20, 0x20, 0x69, 0x66, 0x20, 0x21, 0x20, 0x22, 0x24, 0x6d,
    0x61, 0x6e, 0x61, 0x67, 0x65, 0x72, 0x22, 0x20, 0x63, 0x6f, 0x6e, 0x66, 0x69, 0x67, 0x20, 0x2d,
    0x2d, 0x66, 0x69, 0x6c, 0x65, 0x20, 0x22, 0x24, 0x63, 0x6f, 0x6e, 0x64, 0x61, 0x72, 0x63, 0x22,
    0x20, 0x2d, 0x2d, 0x73, 0x68, 0x6f, 0x77, 0x20, 0x63, 0x68, 0x61, 0x6e, 0x6e, 0x65, 0x6c, 0x73,
    0x20, 0x32, 0x3e, 0x2f, 0x64, 0x65, 0x76, 0x2f, 0x6e, 0x75, 0x6c, 0x6c, 0x20, 0x7c, 0x20, 0x67,
    0x72, 0x65, 0x70, 0x20, 0x2d, 0x46, 0x71, 0x20, 0x2d, 0x2d, 0x20, 0x22, 0x24, 0x63, 0x68, 0x61,
    0x6e, 0x6e, 0x65, 0x6c, 0x22, 0x3b, 0x20, 0x74, 0x68, 0x65, 0x6e, 0x0a, 0x20, 0x20, 0x20, 0x20,
    0x20, 0x20, 0x20, 0x20, 0x20, 0x20, 0x61, 0x73, 0x5f, 0x72, 0x6f, 0x6f, 0x74, 0x20, 0x22, 0x24,
    0x6d, 0x61, 0x6e, 0x61, 0x67, 0x65, 0x72, 0x22, 0x20, 0x63, 0x6f, 0x6e, 0x66, 0x69, 0x67, 0x20,
    0x2d, 0x2d, 0x66, 0x69, 0x6c, 0x65, 0x20, 0x22, 0x24, 0x63, 0x6f, 0x6e, 0x64, 0x61, 0x72, 0x63,
    0x22, 0x20, 0x2d, 0x2d, 0x61, 0x70, 0x70, 0x65, 0x6e, 0x64, 0x20, 0x63, 0x68, 0x61, 0x6e, 0x6e,
    0x65, 0x6c, 0x73, 0x20, 0x22, 0x24, 0x63, 0x68, 0x61, 0x6e, 0x6e, 0x65, 0x6c, 0x22, 0x0a, 0x20,
    0x20, 0x20, 0x20, 0x20, 0x20, 0x20, 0x20, 0x66, 0x69, 0x0a, 0x20, 0x20, 0x20, 0x20, 0x20, 0x20,
    0x64, 0x6f, 0x6e, 0x65, 0x0a, 0x20, 0x20, 0x20, 0x20, 0x65, 0x6c, 0x73, 0x65, 0x0a, 0x20, 0x20,
    0x20, 0x20, 0x20, 0x20, 0x61, 0x73, 0x5f, 0x6c, 0x6f, 0x67, 0x69, 0x6e, 0x5f, 0x75, 0x73, 0x65,
    0x72, 0x20, 0x22, 0x24, 0x6d, 0x61, 0x6e, 0x61, 0x67, 0x65, 0x72, 0x22, 0x20, 0x63, 0x6f, 0x6e,
    0x66, 0x69, 0x67, 0x20, 0x2d, 0x2d, 0x66, 0x69, 0x6c, 0x65, 0x20, 0x22, 0x24, 0x63, 0x6f, 0x6e,
    0x64, 0x61, 0x72, 0x63, 0x22, 0x20, 0x2d, 0x2d, 0x73, 0x65, 0x74, 0x20, 0x73, 0x68, 0x6f, 0x77,
    0x5f, 0x63, 0x68, 0x61, 0x6e, 0x6e, 0x65, 0x6c, 0x5f, 0x75, 0x72, 0x6c, 0x73, 0x20, 0x74, 0x72,
    0x75, 0x65, 0x0a, 0x20, 0x20, 0x20, 0x20, 0x20, 0x20, 0x66, 0x6f, 0x72, 0x20, 0x63, 0x68, 0x61,
    0x6e, 0x6e, 0x65, 0x6c, 0x20, 0x69, 0x6e, 0x20, 0x22, 0x24, 0x7b, 0x63, 0x68, 0x61, 0x6e, 0x6e,
    0x65, 0x6c, 0x73, 0x5b, 0x40, 0x5d, 0x7d, 0x22, 0x3b, 0x20, 0x64, 0x6f, 0x0a, 0x20, 0x20, 0x20,
    0x20, 0x20, 0x20, 0x20, 0x20, 0x69, 0x66, 0x20, 0x21, 0x20, 0x61, 0x73, 0x5f, 0x6c, 0x6f, 0x67,
    0x69, 0x6e, 0x5f, 0x75, 0x73, 0x65, 0x72, 0x20, 0x22, 0x24, 0x6d, 0x61, 0x6e, 0x61, 0x67, 0x65,
    0x72, 0x22, 0x20, 0x63, 0x6f, 0x6e, 0x66, 0x69, 0x67, 0x20, 0x2d, 0x2d, 0x66, 0x69, 0x6c, 0x65,
    0x20, 0x22, 0x24, 0x63, 0x6f, 0x6e, 0x64, 0x61, 0x72, 0x63, 0x22, 0x20, 0x2d, 0x2d, 0x73, 0x68,
    0x6f, 0x77, 0x20, 0x63, 0x68, 0x61, 0x6e, 0x6e, 0x65, 0x6c, 0x73, 0x20, 0x32, 0x3e, 0x2f, 0x64,
    0x65, 0x76, 0x2f, 0x6e, 0x75, 0x6c, 0x6c, 0x20, 0x7c, 0x20, 0x67, 0x72, 0x65, 0x70, 0x20, 0x2d,
    0x46, 0x71, 0x20, 0x2d, 0x2d, 0x20, 0x22, 0x24, 0x63, 0x68, 0x61, 0x6e, 0x6e, 0x65, 0x6c, 0x22,
    0x3b, 0x20, 0x74, 0x68, 0x65, 0x6e, 0x0a, 0x20, 0x20, 0x20, 0x20, 0x20, 0x20, 0x20, 0x20, 0x20,
    0x20, 0x61, 0x73, 0x5f, 0x6c, 0x6f, 0x67, 0x69, 0x6e, 0x5f, 0x75, 0x73, 0x65, 0x72, 0x20, 0x22,
    0x24, 0x6d, 0x61, 0x6e, 0x61, 0x67, 0x65, 0x72, 0x22, 0x20, 0x63, 0x6f, 0x6e, 0x66, 0x69, 0x67,
    0x20, 0x2d, 0x2d, 0x66, 0x69, 0x6c, 0x65, 0x20, 0x22, 0x24, 0x63, 0x6f, 0x6e, 0x64, 0x61, 0x72,
    0x63, 0x22, 0x20, 0x2d, 0x2d, 0x61, 0x70, 0x70, 0x65, 0x6e, 0x64, 0x20, 0x63, 0x68, 0x61, 0x6e,
    0x6e, 0x65, 0x6c, 0x73, 0x20, 0x22, 0x24, 0x63, 0x68, 0x61, 0x6e, 0x6e, 0x65, 0x6c, 0x22, 0x0a,
    0x20, 0x20, 0x20, 0x20, 0x20, 0x20, 0x20, 0x20, 0x66, 0x69, 0x0a, 0x20, 0x20, 0x20, 0x20, 0x20,
    0x20, 0x64, 0x6f, 0x6e, 0x65, 0x0a, 0x20, 0x20, 0x20, 0x20, 0x66, 0x69, 0x0a, 0x0a, 0x20, 0x20,
    0x20, 0x20, 0x69, 0x66, 0x20, 0x67, 0x72, 0x65, 0x70, 0x20, 0x2d, 0x45, 0x71, 0x20, 0x27, 0x5e,
    0x5b, 0x5b, 0x3a, 0x73, 0x70, 0x61, 0x63, 0x65, 0x3a, 0x5d, 0x5d, 0x2a, 0x2d, 0x5b, 0x5b, 0x3a,
    0x73, 0x70, 0x61, 0x63, 0x65, 0x3a, 0x5d, 0x5d, 0x2a, 0x64, 0x65, 0x66, 0x61, 0x75, 0x6c, 0x74,
    0x73, 0x5b, 0x5b, 0x3a, 0x73, 0x70, 0x61, 0x63, 0x65, 0x3a, 0x5d, 0x5d, 0x2a, 0x24, 0x27, 0x20,
    0x22, 0x24, 0x63, 0x6f, 0x6e, 0x64, 0x61, 0x72, 0x63, 0x22, 0x20, 0x32, 0x3e, 0x2f, 0x64, 0x65,
    0x76, 0x2f, 0x6e, 0x75, 0x6c, 0x6c, 0x3b, 0x20, 0x74, 0x68, 0x65, 0x6e, 0x0a, 0x20, 0x20, 0x20,
    0x20, 0x20, 0x20, 0x69, 0x66, 0x20, 0x5b, 0x5b, 0x20, 0x22, 0x24, 0x73, 0x63, 0x6f, 0x70, 0x65,
    0x22, 0x20, 0x3d, 0x3d, 0x20, 0x22, 0x32, 0x22, 0x20, 0x7c, 0x7c, 0x20, 0x22, 0x24, 0x73, 0x63,
    0x6f, 0x70, 0x65, 0x22, 0x20, 0x3d, 0x3d, 0x20, 0x22, 0x73, 0x79, 0x73, 0x74, 0x65, 0x6d, 0x22,
    0x20, 0x5d, 0x5d, 0x3b, 0x20, 0x74, 0x68, 0x65, 0x6e, 0x0a, 0x20, 0x20, 0x20, 0x20, 0x20, 0x20,
    0x20, 0x20, 0x61, 0x73, 0x5f, 0x72, 0x6f, 0x6f, 0x74, 0x20, 0x22, 0x24, 0x6d, 0x61, 0x6e, 0x61,
    0x67, 0x65, 0x72, 0x22, 0x20, 0x63, 0x6f, 0x6e, 0x66, 0x69, 0x67, 0x20, 0x2d, 0x2d, 0x66, 0x69,
    0x6c, 0x65, 0x20, 0x22, 0x24, 0x63, 0x6f, 0x6e, 0x64, 0x61, 0x72, 0x63, 0x22, 0x20, 0x2d, 0x2d,
    0x72, 0x65, 0x6d, 0x6f, 0x76, 0x65, 0x20, 0x63, 0x68, 0x61, 0x6e, 0x6e, 0x65, 0x6c, 0x73, 0x20,
    0x64, 0x65, 0x66, 0x61, 0x75, 0x6c, 0x74, 0x73, 0x0a, 0x20, 0x20, 0x20, 0x20, 0x20, 0x20, 0x65,
    0x6c, 0x73, 0x65, 0x0a, 0x20, 0x20, 0x20, 0x20, 0x20, 0x20, 0x20, 0x20, 0x61, 0x73, 0x5f, 0x6c,
    0x6f, 0x67, 0x69, 0x6e, 0x5f, 0x75, 0x73, 0x65, 0x72, 0x20, 0x22, 0x24, 0x6d, 0x61, 0x6e, 0x61,
    0x67, 0x65, 0x72, 0x22, 0x20, 0x63, 0x6f, 0x6e, 0x66, 0x69, 0x67, 0x20, 0x2d, 0x2d, 0x66, 0x69,
    0x6c, 0x65, 0x20, 0x22, 0x24, 0x63, 0x6f, 0x6e, 0x64, 0x61, 0x72, 0x63, 0x22, 0x20, 0x2d, 0x2d,
    0x72, 0x65, 0x6d, 0x6f, 0x76, 0x65, 0x20, 0x63, 0x68, 0x61, 0x6e, 0x6e, 0x65, 0x6c, 0x73, 0x20,
    0x64, 0x65, 0x66, 0x61, 0x75, 0x6c, 0x74, 0x73, 0x0a, 0x20, 0x20, 0x20, 0x20, 0x20, 0x20, 0x66,
    0x69, 0x0a, 0x20, 0x20, 0x20, 0x20, 0x20, 0x20, 0x69, 0x6e, 0x66, 0x6f, 0x20, 0x22, 0xe5, 0xb7,
    0xb2, 0xe4, 0xbb, 0x8e, 0x20, 0x24, 0x63, 0x6f, 0x6e, 0x64, 0x61, 0x72, 0x63, 0x20, 0xe7, 0xa7,
    0xbb, 0xe9, 0x99, 0xa4, 0x20, 0x64, 0x65, 0x66, 0x61, 0x75, 0x6c, 0x74, 0x73, 0xef, 0xbc, 0x8c,
    0xe9, 0x81, 0xbf, 0xe5, 0x85, 0x8d, 0xe8, 0xae, 0xbf, 0xe9, 0x97, 0xae, 0x20, 0x72, 0x65, 0x70,
    0x6f, 0x2e, 0x61, 0x6e, 0x61, 0x63, 0x6f, 0x6e, 0x64, 0x61, 0x2e, 0x63, 0x6f, 0x6d, 0x20, 0xe8,
    0xa7, 0xa6, 0xe5, 0x8f, 0x91, 0x20, 0x54, 0x6f, 0x53, 0xe3, 0x80, 0x82, 0x22, 0x0a, 0x20, 0x20,
    0x20, 0x20, 0x66, 0x69, 0x0a, 0x20, 0x20, 0x66, 0x69, 0x0a, 0x0a, 0x20, 0x20, 0x6c, 0x6f, 0x67,
    0x20, 0x22, 0xe6, 0xb8, 0x85, 0xe5, 0x8d, 0x8e, 0x20, 0x43, 0x6f, 0x6e, 0x64, 0x61, 0x2f, 0x42,
    0x69, 0x6f, 0x63, 0x6f, 0x6e, 0x64, 0x61, 0x20, 0xe6, 0xba, 0x90, 0xe5, 0xb7, 0xb2, 0xe6, 0x97,
    0xa0, 0xe6, 0x8d, 0x9f, 0xe5, 0x90, 0x88, 0xe5, 0xb9, 0xb6, 0xe5, 0x88, 0xb0, 0x20, 0x24, 0x63,
    0x6f, 0x6e, 0x64, 0x61, 0x72, 0x63, 0x22, 0x0a, 0x7d, 0x0a, 0x0a, 0x66, 0x69, 0x6e, 0x64, 0x5f,
    0x6e, 0x61, 0x6d, 0x65, 0x64, 0x5f, 0x75, 0x73, 0x65, 0x72, 0x5f, 0x6d, 0x69, 0x6e, 0x69, 0x63,
    0x6f, 0x6e, 0x64, 0x61, 0x28, 0x29, 0x20, 0x7b, 0x0a, 0x20, 0x20, 0x6c, 0x6f, 0x63, 0x61, 0x6c,
    0x20, 0x75, 0x73, 0x65, 0x72, 0x3d, 0x22, 0x24, 0x31, 0x22, 0x0a, 0x20, 0x20, 0x6c, 0x6f, 0x63,
    0x61, 0x6c, 0x20, 0x68, 0x6f, 0x6d, 0x65, 0x20, 0x63, 0x61, 0x6e, 0x64, 0x69, 0x64, 0x61, 0x74,
    0x65, 0x20, 0x6d, 0x61, 0x72, 0x6b, 0x65, 0x72, 0x5f, 0x70, 0x72, 0x65, 0x66, 0x69, 0x78, 0x3d,
    0x22, 0x22, 0x20, 0x73, 0x68, 0x65, 0x6c, 0x6c, 0x5f, 0x63, 0x6f, 0x6e, 0x64, 0x61, 0x3d, 0x22,
    0x22, 0x20, 0x62, 0x61, 0x73, 0x65, 0x3d, 0x22, 0x22, 0x0a, 0x20, 0x20, 0x68, 0x6f, 0x6d, 0x65,
    0x3d, 0x22, 0x24, 0x28, 0x67, 0x65, 0x74, 0x65, 0x6e, 0x74, 0x20, 0x70, 0x61, 0x73, 0x73, 0x77,
    0x64, 0x20, 0x22, 0x24, 0x75, 0x73, 0x65, 0x72, 0x22, 0x20, 0x32, 0x3e, 0x2f, 0x64, 0x65, 0x76,
    0x2f, 0x6e, 0x75, 0x6c, 0x6c, 0x20, 0x7c, 0x20, 0x63, 0x75, 0x74, 0x20, 0x2d, 0x64, 0x3a, 0x20,
    0x2d, 0x66, 0x36, 0x20, 0x7c, 0x7c, 0x20, 0x74, 0x72, 0x75, 0x65, 0x29, 0x22, 0x0a, 0x20, 0x20,
    0x5b, 0x5b, 0x20, 0x2d, 0x6e, 0x20, 0x22, 0x24, 0x68, 0x6f, 0x6d, 0x65, 0x22, 0x20, 0x5d, 0x5d,
    0x20, 0x7c, 0x7c, 0x20, 0x72, 0x65, 0x74, 0x75, 0x72, 0x6e, 0x20, 0x31, 0x0a, 0x0a, 0x20, 0x20,
    0x69, 0x66, 0x20, 0x5b, 0x5b, 0x20, 0x2d, 0x72, 0x20, 0x22, 0x24, 0x68, 0x6f, 0x6d, 0x65, 0x2f,
    0x2e, 0x63, 0x6f, 0x6e, 0x66, 0x69, 0x67, 0x2f, 0x62, 0x69, 0x6f, 0x69, 0x6e, 0x66, 0x6f, 0x2d,
    0x73, 0x65, 0x74, 0x75, 0x70, 0x2f, 0x6d, 0x69, 0x6e, 0x69, 0x63, 0x6f, 0x6e, 0x64, 0x61, 0x2e,
    0x70, 0x72, 0x65, 0x66, 0x69, 0x78, 0x22, 0x20, 0x5d, 0x5d, 0x3b, 0x20, 0x74, 0x68, 0x65, 0x6e,
    0x0a, 0x20, 0x20, 0x20, 0x20, 0x6d, 0x61, 0x72, 0x6b, 0x65, 0x72, 0x5f, 0x70, 0x72, 0x65, 0x66,
    0x69, 0x78, 0x3d, 0x22, 0x24, 0x28, 0x68, 0x65, 0x61, 0x64, 0x20, 0x2d, 0x6e, 0x31, 0x20, 0x22,
    0x24, 0x68, 0x6f, 0x6d, 0x65, 0x2f, 0x2e, 0x63, 0x6f, 0x6e, 0x66, 0x69, 0x67, 0x2f, 0x62, 0x69,
    0x6f, 0x69, 0x6e, 0x66, 0x6f, 0x2d, 0x73, 0x65, 0x74, 0x75, 0x70, 0x2f, 0x6d, 0x69, 0x6e, 0x69,
    0x63, 0x6f, 0x6e, 0x64, 0x61, 0x2e, 0x70, 0x72, 0x65, 0x66, 0x69, 0x78, 0x22, 0x20, 0x32, 0x3e,
    0x2f, 0x64, 0x65, 0x76, 0x2f, 0x6e, 0x75, 0x6c, 0x6c, 0x20, 0x7c, 0x7c, 0x20, 0x74, 0x72, 0x75,
    0x65, 0x29, 0x22, 0x0a, 0x20, 0x20, 0x66, 0x69, 0x0a, 0x0a, 0x20, 0x20, 0x66, 0x6f, 0x72, 0x20,
    0x63, 0x61, 0x6e, 0x64, 0x69, 0x64, 0x61, 0x74, 0x65, 0x20, 0x69, 0x6e, 0x20, 0x5c, 0x0a, 0x20,
    0x20, 0x20, 0x20, 0x22, 0x24, 0x7b, 0x6d, 0x61, 0x72, 0x6b, 0x65, 0x72, 0x5f, 0x70, 0x72, 0x65,
    0x66, 0x69, 0x78, 0x3a, 0x2b, 0x24, 0x6d, 0x61, 0x72, 0x6b, 0x65, 0x72, 0x5f, 0x70, 0x72, 0x65,
    0x66, 0x69, 0x78, 0x2f, 0x62, 0x69, 0x6e, 0x2f, 0x63, 0x6f, 0x6e, 0x64, 0x61, 0x7d, 0x22, 0x20,
    0x5c, 0x0a, 0x20, 0x20, 0x20, 0x20, 0x22, 0x24, 0x68, 0x6f, 0x6d, 0x65, 0x2f, 0x64, 0x61, 0x74,
    0x61, 0x5f, 0x48, 0x44, 0x2f, 0x6d, 0x69, 0x6e, 0x69, 0x63, 0x6f, 0x6e, 0x64, 0x61, 0x33, 0x2f,
    0x62, 0x69, 0x6e, 0x2f, 0x63, 0x6f, 0x6e, 0x64, 0x61, 0x22, 0x20, 0x5c, 0x0a, 0x20, 0x20, 0x20,
    0x20, 0x22, 0x24, 0x68, 0x6f, 0x6d, 0x65, 0x2f, 0x6d, 0x69, 0x6e, 0x69, 0x63, 0x6f, 0x6e, 0x64,
    0x61, 0x33, 0x2f, 0x62, 0x69, 0x6e, 0x2f, 0x63, 0x6f, 0x6e, 0x64, 0x61, 0x22, 0x20, 0x5c, 0x0a,
    0x20, 0x20, 0x20, 0x20, 0x22, 0x24, 0x68, 0x6f, 0x6d, 0x65, 0x2f, 0x2e, 0x6d, 0x69, 0x6e, 0x69,
    0x63, 0x6f, 0x6e, 0x64, 0x61, 0x33, 0x2f, 0x62, 0x69, 0x6e, 0x2f, 0x63, 0x6f, 0x6e, 0x64, 0x61,
    0x22, 0x20, 0x5c, 0x0a, 0x20, 0x20, 0x20, 0x20, 0x22, 0x24, 0x28, 0x5b, 0x5b, 0x20, 0x22, 0x24,
    0x75, 0x73, 0x65, 0x72, 0x22, 0x20, 0x3d, 0x3d, 0x20, 0x22, 0x72, 0x6f, 0x6f, 0x74, 0x22, 0x20,
    0x5d, 0x5d, 0x20, 0x26, 0x26, 0x20, 0x70, 0x72, 0x69, 0x6e, 0x74, 0x66, 0x20, 0x27, 0x25, 0x73,
    0x27, 0x20, 0x22, 0x24, 0x4d, 0x49, 0x4e, 0x49, 0x43, 0x4f, 0x4e, 0x44, 0x41, 0x5f, 0x53, 0x59,
    0x53, 0x54, 0x45, 0x4d, 0x5f, 0x44, 0x45, 0x46, 0x41, 0x55, 0x4c, 0x54, 0x2f, 0x62, 0x69, 0x6e,
    0x2f, 0x63, 0x6f, 0x6e, 0x64, 0x61, 0x22, 0x20, 0x7c, 0x7c, 0x20, 0x74, 0x72, 0x75, 0x65, 0x29,
    0x22, 0x0a, 0x20, 0x20, 0x64, 0x6f, 0x0a, 0x20, 0x20, 0x20, 0x20, 0x5b, 0x5b, 0x20, 0x2d, 0x6e,
    0x20, 0x22, 0x24, 0x63, 0x61, 0x6e, 0x64, 0x69, 0x64, 0x61, 0x74, 0x65, 0x22, 0x20, 0x5d, 0x5d,
    0x20, 0x7c, 0x7c, 0x20, 0x63, 0x6f, 0x6e, 0x74, 0x69, 0x6e, 0x75, 0x65, 0x0a, 0x20, 0x20, 0x20,
    0x20, 0x69, 0x66, 0x20, 0x5b, 0x5b, 0x20, 0x2d, 0x78, 0x20, 0x22, 0x24, 0x63, 0x61, 0x6e, 0x64,
    0x69, 0x64, 0x61, 0x74, 0x65, 0x22, 0x20, 0x5d, 0x5d, 0x20, 0x26, 0x26, 0x20, 0x7b, 0x20, 0x5b,
    0x5b, 0x20, 0x22, 0x24, 0x63, 0x61, 0x6e, 0x64, 0x69, 0x64, 0x61, 0x74, 0x65, 0x22, 0x20, 0x3d,
    0x3d, 0x20, 0x22, 0x24, 0x68, 0x6f, 0x6d, 0x65, 0x2f, 0x22, 0x2a, 0x20, 0x5d, 0x5d, 0x20, 0x7c,
    0x7c, 0x20, 0x5b, 0x5b, 0x20, 0x22, 0x24, 0x75, 0x73, 0x65, 0x72, 0x22, 0x20, 0x3d, 0x3d, 0x20,
    0x22, 0x72, 0x6f, 0x6f, 0x74, 0x22, 0x20, 0x26, 0x26, 0x20, 0x22, 0x24, 0x63, 0x61, 0x6e, 0x64,
    0x69, 0x64, 0x61, 0x74, 0x65, 0x22, 0x20, 0x3d, 0x3d, 0x20, 0x22, 0x24, 0x4d, 0x49, 0x4e, 0x49,
    0x43, 0x4f, 0x4e, 0x44, 0x41, 0x5f, 0x53, 0x59, 0x53, 0x54, 0x45, 0x4d, 0x5f, 0x44, 0x45, 0x46,
    0x41, 0x55, 0x4c, 0x54, 0x2f, 0x62, 0x69, 0x6e, 0x2f, 0x63, 0x6f, 0x6e, 0x64, 0x61, 0x22, 0x20,
    0x5d, 0x5d, 0x3b, 0x20, 0x7d, 0x3b, 0x20, 0x74, 0x68, 0x65, 0x6e, 0x0a, 0x20, 0x20, 0x20, 0x20,
    0x20, 0x20, 0x70, 0x72, 0x69, 0x6e, 0x74, 0x66, 0x20, 0x27, 0x25, 0x73, 0x27, 0x20, 0x22, 0x24,
    0x63, 0x61, 0x6e, 0x64, 0x69, 0x64, 0x61, 0x74, 0x65, 0x22, 0x0a, 0x20, 0x20, 0x20, 0x20, 0x20,
    0x20, 0x72, 0x65, 0x74, 0x75, 0x72, 0x6e, 0x20, 0x30, 0x0a, 0x20, 0x20, 0x20, 0x20, 0x66, 0x69,
    0x0a, 0x20, 0x20, 0x64, 0x6f, 0x6e, 0x65, 0x0a, 0x0a, 0x20, 0x20, 0x69, 0x66, 0x20, 0x28, 0x28,
    0x20, 0x44, 0x52, 0x59, 0x5f, 0x52, 0x55, 0x4e, 0x20, 0x3d, 0x3d, 0x20, 0x30, 0x20, 0x29, 0x29,
    0x3b, 0x20, 0x74, 0x68, 0x65, 0x6e, 0x0a, 0x20, 0x20, 0x20, 0x20, 0x73, 0x68, 0x65, 0x6c, 0x6c,
    0x5f, 0x63, 0x6f, 0x6e, 0x64, 0x61, 0x3d, 0x22, 0x24, 0x28, 0x61, 0x73, 0x5f, 0x6e, 0x61, 0x6d,
    0x65, 0x64, 0x5f, 0x75, 0x73, 0x65, 0x72, 0x20, 0x22, 0x24, 0x75, 0x73, 0x65, 0x72, 0x22, 0x20,
    0x62, 0x61, 0x73, 0x68, 0x20, 0x2d, 0x6c, 0x63, 0x20, 0x27, 0x63, 0x6f, 0x6d, 0x6d, 0x61, 0x6e,
    0x64, 0x20, 0x2d, 0x76, 0x20, 0x63, 0x6f, 0x6e, 0x64, 0x61, 0x20, 0x32, 0x3e, 0x2f, 0x64, 0x65,
    0x76, 0x2f, 0x6e, 0x75, 0x6c, 0x6c, 0x20, 0x7c, 0x7c, 0x20, 0x74, 0x72, 0x75, 0x65, 0x27, 0x20,
    0x32, 0x3e, 0x2f, 0x64, 0x65, 0x76, 0x2f, 0x6e, 0x75, 0x6c, 0x6c, 0x20, 0x7c, 0x7c, 0x20, 0x74,
    0x72, 0x75, 0x65, 0x29, 0x22, 0x0a, 0x20, 0x20, 0x20, 0x20, 0x69, 0x66, 0x20, 0x5b, 0x5b, 0x20,
    0x2d, 0x6e, 0x20, 0x22, 0x24, 0x73, 0x68, 0x65, 0x6c, 0x6c, 0x5f, 0x63, 0x6f, 0x6e, 0x64, 0x61,
    0x22, 0x20, 0x26, 0x26, 0x20, 0x2d, 0x78, 0x20, 0x22, 0x24, 0x73, 0x68, 0x65, 0x6c, 0x6c, 0x5f,
    0x63, 0x6f, 0x6e, 0x64, 0x61, 0x22, 0x20, 0x5d, 0x5d, 0x3b, 0x20, 0x74, 0x68, 0x65, 0x6e, 0x0a,
    0x20, 0x20, 0x20, 0x20, 0x20, 0x20, 0x62, 0x61, 0x73, 0x65, 0x3d, 0x22, 0x24, 0x28, 0x61, 0x73,
    0x5f, 0x6e, 0x61, 0x6d, 0x65, 0x64, 0x5f, 0x75, 0x73, 0x65, 0x72, 0x20, 0x22, 0x24, 0x75, 0x73,
    0x65, 0x72, 0x22, 0x20, 0x22, 0x24, 0x73, 0x68, 0x65, 0x6c, 0x6c, 0x5f, 0x63, 0x6f, 0x6e, 0x64,
    0x61, 0x22, 0x20, 0x69, 0x6e, 0x66, 0x6f, 0x20, 0x2d, 0x2d, 0x62, 0x61, 0x73, 0x65, 0x20, 0x32,
    0x3e, 0x2f, 0x64, 0x65, 0x76, 0x2f, 0x6e, 0x75, 0x6c, 0x6c, 0x20, 0x7c, 0x7c, 0x20, 0x74, 0x72,
    0x75, 0x65, 0x29, 0x22, 0x0a, 0x20, 0x20, 0x20, 0x20, 0x20, 0x20, 0x69, 0x66, 0x20, 0x5b, 0x5b,
    0x20, 0x2d, 0x6e, 0x20, 0x22, 0x24, 0x62, 0x61, 0x73, 0x65, 0x22, 0x20, 0x26, 0x26, 0x20, 0x22,
    0x24, 0x62, 0x61, 0x73, 0x65, 0x22, 0x20, 0x3d, 0x3d, 0x20, 0x22, 0x24, 0x68, 0x6f, 0x6d, 0x65,
    0x2f, 0x22, 0x2a, 0x20, 0x26, 0x26, 0x20, 0x22, 0x24, 0x28, 0x62, 0x61, 0x73, 0x65, 0x6e, 0x61,
    0x6d, 0x65, 0x20, 0x22, 0x24, 0x62, 0x61, 0x73, 0x65, 0x22, 0x29, 0x22, 0x20, 0x3d, 0x3d, 0x20,
    0x2a, 0x6d, 0x69, 0x6e, 0x69, 0x63, 0x6f, 0x6e, 0x64, 0x61, 0x2a, 0x20, 0x5d, 0x5d, 0x3b, 0x20,
    0x74, 0x68, 0x65, 0x6e, 0x0a, 0x20, 0x20, 0x20, 0x20, 0x20, 0x20, 0x20, 0x20, 0x70, 0x72, 0x69,
    0x6e, 0x74, 0x66, 0x20, 0x27, 0x25, 0x73, 0x27, 0x20, 0x22, 0x24, 0x73, 0x68, 0x65, 0x6c, 0x6c,
    0x5f, 0x63, 0x6f, 0x6e, 0x64, 0x61, 0x22, 0x0a, 0x20, 0x20, 0x20, 0x20, 0x20, 0x20, 0x20, 0x20,
    0x72, 0x65, 0x74, 0x75, 0x72, 0x6e, 0x20, 0x30, 0x0a, 0x20, 0x20, 0x20, 0x20, 0x20, 0x20, 0x66,
    0x69, 0x0a, 0x20, 0x20, 0x20, 0x20, 0x66, 0x69, 0x0a, 0x20, 0x20, 0x66, 0x69, 0x0a, 0x0a, 0x20,
    0x20, 0x72, 0x65, 0x74, 0x75, 0x72, 0x6e, 0x20, 0x31, 0x0a, 0x7d, 0x0a, 0x0a, 0x63, 0x6f, 0x6e,
    0x66, 0x69, 0x67, 0x75, 0x72, 0x65, 0x5f, 0x74, 0x75, 0x6e, 0x61, 0x5f, 0x66, 0x6f, 0x72, 0x5f,
    0x6e, 0x61, 0x6d, 0x65, 0x64, 0x5f, 0x75, 0x73, 0x65, 0x72, 0x28, 0x29, 0x20, 0x7b, 0x0a, 0x20,
    0x20, 0x6c, 0x6f, 0x63, 0x61, 0x6c, 0x20, 0x75, 0x73, 0x65, 0x72, 0x3d, 0x22, 0x24, 0x31, 0x22,
    0x0a, 0x20, 0x20, 0x6c, 0x6f, 0x63, 0x61, 0x6c, 0x20, 0x63, 0x6f, 0x6e, 0x64, 0x61, 0x5f, 0x62,
    0x69, 0x6e, 0x3d, 0x22, 0x24, 0x32, 0x22, 0x0a, 0x20, 0x20, 0x6c, 0x6f, 0x63, 0x61, 0x6c, 0x20,
    0x68, 0x6f, 0x6d, 0x65, 0x20, 0x63, 0x6f, 0x6e, 0x64, 0x61, 0x72, 0x63, 0x20, 0x63, 0x68, 0x61,
    0x6e, 0x6e, 0x65, 0x6c, 0x0a, 0x20, 0x20, 0x6c, 0x6f, 0x63, 0x61, 0x6c, 0x20, 0x2d, 0x61, 0x20,
    0x63, 0x68, 0x61, 0x6e, 0x6e, 0x65, 0x6c, 0x73, 0x3d, 0x28, 0x0a, 0x20, 0x20, 0x20, 0x20, 0x22,
    0x68, 0x74, 0x74, 0x70, 0x73, 0x3a, 0x2f, 0x2f, 0x6d, 0x69, 0x72, 0x72, 0x6f, 0x72, 0x73, 0x2e,
    0x74, 0x75, 0x6e, 0x61, 0x2e, 0x74, 0x73, 0x69, 0x6e, 0x67, 0x68, 0x75, 0x61, 0x2e, 0x65, 0x64,
    0x75, 0x2e, 0x63, 0x6e, 0x2f, 0x61, 0x6e, 0x61, 0x63, 0x6f, 0x6e, 0x64, 0x61, 0x2f, 0x70, 0x6b,
    0x67, 0x73, 0x2f, 0x6d, 0x61, 0x69, 0x6e, 0x22, 0x0a, 0x20, 0x20, 0x20, 0x20, 0x22, 0x68, 0x74,
    0x74, 0x70, 0x73, 0x3a, 0x2f, 0x2f, 0x6d, 0x69, 0x72, 0x72, 0x6f, 0x72, 0x73, 0x2e, 0x74, 0x75,
    0x6e, 0x61, 0x2e, 0x74, 0x73, 0x69, 0x6e, 0x67, 0x68, 0x75, 0x61, 0x2e, 0x65, 0x64, 0x75, 0x2e,
    0x63, 0x6e, 0x2f, 0x61, 0x6e, 0x61, 0x63, 0x6f, 0x6e, 0x64, 0x61, 0x2f, 0x70, 0x6b, 0x67, 0x73,
    0x2f, 0x72, 0x22, 0x0a, 0x20, 0x20, 0x20, 0x20, 0x22, 0x68, 0x74, 0x74, 0x70, 0x73, 0x3a, 0x2f,
    0x2f, 0x6d, 0x69, 0x72, 0x72, 0x6f, 0x72, 0x73, 0x2e, 0x74, 0x75, 0x6e, 0x61, 0x2e, 0x74, 0x73,
    0x69, 0x6e, 0x67, 0x68, 0x75, 0x61, 0x2e, 0x65, 0x64, 0x75, 0x2e, 0x63, 0x6e, 0x2f, 0x61, 0x6e,
    0x61, 0x63, 0x6f, 0x6e, 0x64, 0x61, 0x2f, 0x70, 0x6b, 0x67, 0x73, 0x2f, 0x6d, 0x73, 0x79, 0x73,
    0x32, 0x22, 0x0a, 0x20, 0x20, 0x20, 0x20, 0x22, 0x68, 0x74, 0x74, 0x70, 0x73, 0x3a, 0x2f, 0x2f,
    0x6d, 0x69, 0x72, 0x72, 0x6f, 0x72, 0x73, 0x2e, 0x74, 0x75, 0x6e, 0x61, 0x2e, 0x74, 0x73, 0x69,
    0x6e, 0x67, 0x68, 0x75, 0x61, 0x2e, 0x65, 0x64, 0x75, 0x2e, 0x63, 0x6e, 0x2f, 0x61, 0x6e, 0x61,
    0x63, 0x6f, 0x6e, 0x64, 0x61, 0x2f, 0x63, 0x6c, 0x6f, 0x75, 0x64, 0x2f, 0x63, 0x6f, 0x6e, 0x64,
    0x61, 0x2d, 0x66, 0x6f, 0x72, 0x67, 0x65, 0x22, 0x0a, 0x20, 0x20, 0x20, 0x20, 0x22, 0x68, 0x74,
    0x74, 0x70, 0x73, 0x3a, 0x2f, 0x2f, 0x6d, 0x69, 0x72, 0x72, 0x6f, 0x72, 0x73, 0x2e, 0x74, 0x75,
    0x6e, 0x61, 0x2e, 0x74, 0x73, 0x69, 0x6e, 0x67, 0x68, 0x75, 0x61, 0x2e, 0x65, 0x64, 0x75, 0x2e,
    0x63, 0x6e, 0x2f, 0x61, 0x6e, 0x61, 0x63, 0x6f, 0x6e, 0x64, 0x61, 0x2f, 0x63, 0x6c, 0x6f, 0x75,
    0x64, 0x2f, 0x62, 0x69, 0x6f, 0x63, 0x6f, 0x6e, 0x64, 0x61, 0x22, 0x0a, 0x20, 0x20, 0x29, 0x0a,
    0x0a, 0x20, 0x20, 0x68, 0x6f, 0x6d, 0x65, 0x3d, 0x22, 0x24, 0x28, 0x67, 0x65, 0x74, 0x65, 0x6e,
    0x74, 0x20, 0x70, 0x61, 0x73, 0x73, 0x77, 0x64, 0x20, 0x22, 0x24, 0x75, 0x73, 0x65, 0x72, 0x22,
    0x20, 0x32, 0x3e, 0x2f, 0x64, 0x65, 0x76, 0x2f, 0x6e, 0x75, 0x6c, 0x6c, 0x20, 0x7c, 0x20, 0x63,
    0x75, 0x74, 0x20, 0x2d, 0x64, 0x3a, 0x20, 0x2d, 0x66, 0x36, 0x20, 0x7c, 0x7c, 0x20, 0x74, 0x72,
    0x75, 0x65, 0x29, 0x22, 0x0a, 0x20, 0x20, 0x69, 0x66, 0x20, 0x5b, 0x5b, 0x20, 0x2d, 0x7a, 0x20,
    0x22, 0x24, 0x68, 0x6f, 0x6d, 0x65, 0x22, 0x20, 0x5d, 0x5d, 0x20, 0x26, 0x26, 0x20, 0x28, 0x28,
    0x20, 0x44, 0x52, 0x59, 0x5f, 0x52, 0x55, 0x4e, 0x20, 0x29, 0x29, 0x20, 0x26, 0x26, 0x20, 0x5b,
    0x5b, 0x20, 0x22, 0x24, 0x75, 0x73, 0x65, 0x72, 0x22, 0x20, 0x3d, 0x3d, 0x20, 0x22, 0x24, 0x4c,
    0x41, 0x53, 0x54, 0x5f, 0x43, 0x52, 0x45, 0x41, 0x54, 0x45, 0x44, 0x5f, 0x55, 0x53, 0x45, 0x52,
    0x22, 0x20, 0x5d, 0x5d, 0x3b, 0x20, 0x74, 0x68, 0x65, 0x6e, 0x0a, 0x20, 0x20, 0x20, 0x20, 0x68,
    0x6f, 0x6d, 0x65, 0x3d, 0x22, 0x2f, 0x68, 0x6f, 0x6d, 0x65, 0x2f, 0x24, 0x75, 0x73, 0x65, 0x72,
    0x22, 0x0a, 0x20, 0x20, 0x66, 0x69, 0x0a, 0x20, 0x20, 0x5b, 0x5b, 0x20, 0x2d, 0x6e, 0x20, 0x22,
    0x24, 0x68, 0x6f, 0x6d, 0x65, 0x22, 0x20, 0x5d, 0x5d, 0x20, 0x7c, 0x7c, 0x20, 0x7b, 0x20, 0x77,
    0x61, 0x72, 0x6e, 0x20, 0x22, 0xe6, 0x97, 0xa0, 0xe6, 0xb3, 0x95, 0xe8, 0xaf, 0xbb, 0xe5, 0x8f,
    0x96, 0xe7, 0x94, 0xa8, 0xe6, 0x88, 0xb7, 0x20, 0x24, 0x75, 0x73, 0x65, 0x72, 0x20, 0xe7, 0x9a,
    0x84, 0x20, 0x68, 0x6f, 0x6d, 0x65, 0xe3, 0x80, 0x82, 0x22, 0x3b, 0x20, 0x72, 0x65, 0x74, 0x75,
    0x72, 0x6e, 0x20, 0x31, 0x3b, 0x20, 0x7d, 0x0a, 0x20, 0x20, 0x63, 0x6f, 0x6e, 0x64, 0x61, 0x72,
    0x63, 0x3d, 0x22, 0x24, 0x68, 0x6f, 0x6d, 0x65, 0x2f, 0x2e, 0x63, 0x6f, 0x6e, 0x64, 0x61, 0x72,
    0x63, 0x22, 0x0a, 0x20, 0x20, 0x5b, 0x5b, 0x20, 0x2d, 0x65, 0x20, 0x22, 0x24, 0x63, 0x6f, 0x6e,
    0x64, 0x61, 0x72, 0x63, 0x22, 0x20, 0x5d, 0x5d, 0x20, 0x26, 0x26, 0x20, 0x62, 0x61, 0x63, 0x6b,
    0x75, 0x70, 0x5f, 0x66, 0x69, 0x6c, 0x65, 0x20, 0x22, 0x24, 0x63, 0x6f, 0x6e, 0x64, 0x61, 0x72,
    0x63, 0x22, 0x0a, 0x20, 0x20, 0x61, 0x73, 0x5f, 0x6e, 0x61, 0x6d, 0x65, 0x64, 0x5f, 0x75, 0x73,
    0x65, 0x72, 0x20, 0x22, 0x24, 0x75, 0x73, 0x65, 0x72, 0x22, 0x20, 0x74, 0x6f, 0x75, 0x63, 0x68,
    0x20, 0x22, 0x24, 0x63, 0x6f, 0x6e, 0x64, 0x61, 0x72, 0x63, 0x22, 0x0a, 0x20, 0x20, 0x61, 0x73,
    0x5f, 0x6e, 0x61, 0x6d, 0x65, 0x64, 0x5f, 0x75, 0x73, 0x65, 0x72, 0x20, 0x22, 0x24, 0x75, 0x73,
    0x65, 0x72, 0x22, 0x20, 0x22, 0x24, 0x63, 0x6f, 0x6e, 0x64, 0x61, 0x5f, 0x62, 0x69, 0x6e, 0x22,
    0x20, 0x63, 0x6f, 0x6e, 0x66, 0x69, 0x67, 0x20, 0x2d, 0x2d, 0x66, 0x69, 0x6c, 0x65, 0x20, 0x22,
    0x24, 0x63, 0x6f, 0x6e, 0x64, 0x61, 0x72, 0x63, 0x22, 0x20, 0x2d, 0x2d, 0x73, 0x65, 0x74, 0x20,
    0x73, 0x68, 0x6f, 0x77, 0x5f, 0x63, 0x68, 0x61, 0x6e, 0x6e, 0x65, 0x6c, 0x5f, 0x75, 0x72, 0x6c,
    0x73, 0x20, 0x74, 0x72, 0x75, 0x65, 0x0a, 0x0a, 0x20, 0x20, 0x66, 0x6f, 0x72, 0x20, 0x63, 0x68,
    0x61, 0x6e, 0x6e, 0x65, 0x6c, 0x20, 0x69, 0x6e, 0x20, 0x22, 0x24, 0x7b, 0x63, 0x68, 0x61, 0x6e,
    0x6e, 0x65, 0x6c, 0x73, 0x5b, 0x40, 0x5d, 0x7d, 0x22, 0x3b, 0x20, 0x64, 0x6f, 0x0a, 0x20, 0x20,
    0x20, 0x20, 0x69, 0x66, 0x20, 0x21, 0x20, 0x61, 0x73, 0x5f, 0x6e, 0x61, 0x6d, 0x65, 0x64, 0x5f,
    0x75, 0x73, 0x65, 0x72, 0x20, 0x22, 0x24, 0x75, 0x73, 0x65, 0x72, 0x22, 0x20, 0x22, 0x24, 0x63,
    0x6f, 0x6e, 0x64, 0x61, 0x5f, 0x62, 0x69, 0x6e, 0x22, 0x20, 0x63, 0x6f, 0x6e, 0x66, 0x69, 0x67,
    0x20, 0x2d, 0x2d, 0x66, 0x69, 0x6c, 0x65, 0x20, 0x22, 0x24, 0x63, 0x6f, 0x6e, 0x64, 0x61, 0x72,
    0x63, 0x22, 0x20, 0x2d, 0x2d, 0x73, 0x68, 0x6f, 0x77, 0x20, 0x63, 0x68, 0x61, 0x6e, 0x6e, 0x65,
    0x6c, 0x73, 0x20, 0x32, 0x3e, 0x2f, 0x64, 0x65, 0x76, 0x2f, 0x6e, 0x75, 0x6c, 0x6c, 0x20, 0x7c,
    0x20, 0x67, 0x72, 0x65, 0x70, 0x20, 0x2d, 0x46, 0x71, 0x20, 0x2d, 0x2d, 0x20, 0x22, 0x24, 0x63,
    0x68, 0x61, 0x6e, 0x6e, 0x65, 0x6c, 0x22, 0x3b, 0x20, 0x74, 0x68, 0x65, 0x6e, 0x0a, 0x20, 0x20,
    0x20, 0x20, 0x20, 0x20, 0x61, 0x73, 0x5f, 0x6e, 0x61, 0x6d, 0x65, 0x64, 0x5f, 0x75, 0x73, 0x65,
    0x72, 0x20, 0x22, 0x24, 0x75, 0x73, 0x65, 0x72, 0x22, 0x20, 0x22, 0x24, 0x63, 0x6f, 0x6e, 0x64,
    0x61, 0x5f, 0x62, 0x69, 0x6e, 0x22, 0x20, 0x63, 0x6f, 0x6e, 0x66, 0x69, 0x67, 0x20, 0x2d, 0x2d,
    0x66, 0x69, 0x6c, 0x65, 0x20, 0x22, 0x24, 0x63, 0x6f, 0x6e, 0x64, 0x61, 0x72, 0x63, 0x22, 0x20,
    0x2d, 0x2d, 0x61, 0x70, 0x70, 0x65, 0x6e, 0x64, 0x20, 0x63, 0x68, 0x61, 0x6e, 0x6e, 0x65, 0x6c,
    0x73, 0x20, 0x22, 0x24, 0x63, 0x68, 0x61, 0x6e, 0x6e, 0x65, 0x6c, 0x22, 0x0a, 0x20, 0x20, 0x20,
    0x20, 0x66, 0x69, 0x0a, 0x20, 0x20, 0x64, 0x6f, 0x6e, 0x65, 0x0a, 0x0a, 0x20, 0x20, 0x69, 0x66,
    0x20, 0x67, 0x72, 0x65, 0x70, 0x20, 0x2d, 0x45, 0x71, 0x20, 0x27, 0x5e, 0x5b, 0x5b, 0x3a, 0x73,
    0x70, 0x61, 0x63, 0x65, 0x3a, 0x5d, 0x5d, 0x2a, 0x2d, 0x5b, 0x5b, 0x3a, 0x73, 0x70, 0x61, 0x63,
    0x65, 0x3a, 0x5d, 0x5d, 0x2a, 0x64, 0x65, 0x66, 0x61, 0x75, 0x6c, 0x74, 0x73, 0x5b, 0x5b, 0x3a,
    0x73, 0x70, 0x61, 0x63, 0x65, 0x3a, 0x5d, 0x5d, 0x2a, 0x24, 0x27, 0x20, 0x22, 0x24, 0x63, 0x6f,
    0x6e, 0x64, 0x61, 0x72, 0x63, 0x22, 0x20, 0x32, 0x3e, 0x2f, 0x64, 0x65, 0x76, 0x2f, 0x6e, 0x75,
    0x6c, 0x6c, 0x3b, 0x20, 0x74, 0x68, 0x65, 0x6e, 0x0a, 0x20, 0x20, 0x20, 0x20, 0x61, 0x73, 0x5f,
    0x6e, 0x61, 0x6d, 0x65, 0x64, 0x5f, 0x75, 0x73, 0x65, 0x72, 0x20, 0x22, 0x24, 0x75, 0x73, 0x65,
    0x72, 0x22, 0x20, 0x22, 0x24, 0x63, 0x6f, 0x6e, 0x64, 0x61, 0x5f, 0x62, 0x69, 0x6e, 0x22, 0x20,
    0x63, 0x6f, 0x6e, 0x66, 0x69, 0x67, 0x20, 0x2d, 0x2d, 0x66, 0x69, 0x6c, 0x65, 0x20, 0x22, 0x24,
    0x63, 0x6f, 0x6e, 0x64, 0x61, 0x72, 0x63, 0x22, 0x20, 0x2d, 0x2d, 0x72, 0x65, 0x6d, 0x6f, 0x76,
    0x65, 0x20, 0x63, 0x68, 0x61, 0x6e, 0x6e, 0x65, 0x6c, 0x73, 0x20, 0x64, 0x65, 0x66, 0x61, 0x75,
    0x6c, 0x74, 0x73, 0x0a, 0x20, 0x20, 0x20, 0x20, 0x69, 0x6e, 0x66, 0x6f, 0x20, 0x22, 0xe5, 0xb7,
    0xb2, 0xe4, 0xbb, 0x8e, 0x20, 0x24, 0x63, 0x6f, 0x6e, 0x64, 0x61, 0x72, 0x63, 0x20, 0xe7, 0xa7,
    0xbb, 0xe9, 0x99, 0xa4, 0x20, 0x64, 0x65, 0x66, 0x61, 0x75, 0x6c, 0x74, 0x73, 0xef, 0xbc, 0x8c,
    0xe9, 0x81, 0xbf, 0xe5, 0x85, 0x8d, 0xe8, 0xae, 0xbf, 0xe9, 0x97, 0xae, 0x20, 0x72, 0x65, 0x70,
    0x6f, 0x2e, 0x61, 0x6e, 0x61, 0x63, 0x6f, 0x6e, 0x64, 0x61, 0x2e, 0x63, 0x6f, 0x6d, 0x20, 0xe8,
    0xa7, 0xa6, 0xe5, 0x8f, 0x91, 0x20, 0x54, 0x6f, 0x53, 0xe3, 0x80, 0x82, 0x22, 0x0a, 0x20, 0x20,
    0x66, 0x69, 0x0a, 0x0a, 0x20, 0x20, 0x6c, 0x6f, 0x67, 0x20, 0x22, 0xe5, 0xb7, 0xb2, 0xe4, 0xb8,
    0xba, 0xe7, 0x94, 0xa8, 0xe6, 0x88, 0xb7, 0x20, 0x24, 0x75, 0x73, 0x65, 0x72, 0x20, 0xe9, 0x85,
    0x8d, 0xe7, 0xbd, 0xae, 0xe6, 0xb8, 0x85, 0xe5, 0x8d, 0x8e, 0x20, 0x43, 0x6f, 0x6e, 0x64, 0x61,
    0x2f, 0x42, 0x69, 0x6f, 0x63, 0x6f, 0x6e, 0x64, 0x61, 0x20, 0xe6, 0xba, 0x90, 0xe3, 0x80, 0x82,
    0x22, 0x0a, 0x7d, 0x0a, 0x0a, 0x66, 0x69, 0x6e, 0x64, 0x5f, 0x6e, 0x61, 0x6d, 0x65, 0x64, 0x5f,
    0x75, 0x73, 0x65, 0x72, 0x5f, 0x6d, 0x69, 0x63, 0x72, 0x6f, 0x6d, 0x61, 0x6d, 0x62, 0x61, 0x28,
    0x29, 0x20, 0x7b, 0x0a, 0x20, 0x20, 0x6c, 0x6f, 0x63, 0x61, 0x6c, 0x20, 0x75, 0x73, 0x65, 0x72,
    0x3d, 0x22, 0x24, 0x31, 0x22, 0x20, 0x68, 0x6f, 0x6d, 0x65, 0x20, 0x63, 0x61, 0x6e, 0x64, 0x69,
    0x64, 0x61, 0x74, 0x65, 0x20, 0x6d, 0x61, 0x72, 0x6b, 0x65, 0x72, 0x5f, 0x62, 0x69, 0x6e, 0x3d,
    0x22, 0x22, 0x20, 0x73, 0x68, 0x65, 0x6c, 0x6c, 0x5f, 0x62, 0x69, 0x6e, 0x3d, 0x22, 0x22, 0x0a,
    0x20, 0x20, 0x68, 0x6f, 0x6d, 0x65, 0x3d, 0x22, 0x24, 0x28, 0x67, 0x65, 0x74, 0x65, 0x6e, 0x74,
    0x20, 0x70, 0x61, 0x73, 0x73, 0x77, 0x64, 0x20, 0x22, 0x24, 0x75, 0x73, 0x65, 0x72, 0x22, 0x20,
    0x32, 0x3e, 0x2f, 0x64, 0x65, 0x76, 0x2f, 0x6e, 0x75, 0x6c, 0x6c, 0x20, 0x7c, 0x20, 0x63, 0x75,
    0x74, 0x20, 0x2d, 0x64, 0x3a, 0x20, 0x2d, 0x66, 0x36, 0x20, 0x7c, 0x7c, 0x20, 0x74, 0x72, 0x75,
    0x65, 0x29, 0x22, 0x0a, 0x20, 0x20, 0x5b, 0x5b, 0x20, 0x2d, 0x6e, 0x20, 0x22, 0x24, 0x68, 0x6f,
    0x6d, 0x65, 0x22, 0x20, 0x5d, 0x5d, 0x20, 0x7c, 0x7c, 0x20, 0x72, 0x65, 0x74, 0x75, 0x72, 0x6e,
    0x20, 0x31, 0x0a, 0x0a, 0x20, 0x20, 0x69, 0x66, 0x20, 0x5b, 0x5b, 0x20, 0x2d, 0x72, 0x20, 0x22,
    0x24, 0x68, 0x6f, 0x6d, 0x65, 0x2f, 0x2e, 0x63, 0x6f, 0x6e, 0x66, 0x69, 0x67, 0x2f, 0x62, 0x69,
    0x6f, 0x69, 0x6e, 0x66, 0x6f, 0x2d, 0x73, 0x65, 0x74, 0x75, 0x70, 0x2f, 0x6d, 0x69, 0x63, 0x72,
    0x6f, 0x6d, 0x61, 0x6d, 0x62, 0x61, 0x2e, 0x62, 0x69, 0x6e, 0x22, 0x20, 0x5d, 0x5d, 0x3b, 0x20,
    0x74, 0x68, 0x65, 0x6e, 0x0a, 0x20, 0x20, 0x20, 0x20, 0x6d, 0x61, 0x72, 0x6b, 0x65, 0x72, 0x5f,
    0x62, 0x69, 0x6e, 0x3d, 0x22, 0x24, 0x28, 0x68, 0x65, 0x61, 0x64, 0x20, 0x2d, 0x6e, 0x31, 0x20,
    0x22, 0x24, 0x68, 0x6f, 0x6d, 0x65, 0x2f, 0x2e, 0x63, 0x6f, 0x6e, 0x66, 0x69, 0x67, 0x2f, 0x62,
    0x69, 0x6f, 0x69, 0x6e, 0x66, 0x6f, 0x2d, 0x73, 0x65, 0x74, 0x75, 0x70, 0x2f, 0x6d, 0x69, 0x63,
    0x72, 0x6f, 0x6d, 0x61, 0x6d, 0x62, 0x61, 0x2e, 0x62, 0x69, 0x6e, 0x22, 0x20, 0x32, 0x3e, 0x2f,
    0x64, 0x65, 0x76, 0x2f, 0x6e, 0x75, 0x6c, 0x6c, 0x20, 0x7c, 0x7c, 0x20, 0x74, 0x72, 0x75, 0x65,
    0x29, 0x22, 0x0a, 0x20, 0x20, 0x66, 0x69, 0x0a, 0x0a, 0x20, 0x20, 0x66, 0x6f, 0x72, 0x20, 0x63,
    0x61, 0x6e, 0x64, 0x69, 0x64, 0x61, 0x74, 0x65, 0x20, 0x69, 0x6e, 0x20, 0x5c, 0x0a, 0x20, 0x20,
    0x20, 0x20, 0x22, 0x24, 0x6d, 0x61, 0x72, 0x6b, 0x65, 0x72, 0x5f, 0x62, 0x69, 0x6e, 0x22, 0x20,
    0x5c, 0x0a, 0x20, 0x20, 0x20, 0x20, 0x22, 0x24, 0x68, 0x6f, 0x6d, 0x65, 0x2f, 0x64, 0x61, 0x74,
    0x61, 0x5f, 0x48, 0x44, 0x2f, 0x62, 0x69, 0x6e, 0x2f, 0x6d, 0x69, 0x63, 0x72, 0x6f, 0x6d, 0x61,
    0x6d, 0x62, 0x61, 0x22, 0x20, 0x5c, 0x0a, 0x20, 0x20, 0x20, 0x20, 0x22, 0x24, 0x68, 0x6f, 0x6d,
    0x65, 0x2f, 0x2e, 0x6c, 0x6f, 0x63, 0x61, 0x6c, 0x2f, 0x62, 0x69, 0x6e, 0x2f, 0x6d, 0x69, 0x63,
    0x72, 0x6f, 0x6d, 0x61, 0x6d, 0x62, 0x61, 0x22, 0x20, 0x5c, 0x0a, 0x20, 0x20, 0x20, 0x20, 0x22,
    0x24, 0x68, 0x6f, 0x6d, 0x65, 0x2f, 0x62, 0x69, 0x6e, 0x2f, 0x6d, 0x69, 0x63, 0x72, 0x6f, 0x6d,
    0x61, 0x6d, 0x62, 0x61, 0x22, 0x0a, 0x20, 0x20, 0x64, 0x6f, 0x0a, 0x20, 0x20, 0x20, 0x20, 0x5b,
    0x5b, 0x20, 0x2d, 0x6e, 0x20, 0x22, 0x24, 0x63, 0x61, 0x6e, 0x64, 0x69, 0x64, 0x61, 0x74, 0x65,
    0x22, 0x20, 0x5d, 0x5d, 0x20, 0x7c, 0x7c, 0x20, 0x63, 0x6f, 0x6e, 0x74, 0x69, 0x6e, 0x75, 0x65,
    0x0a, 0x20, 0x20, 0x20, 0x20, 0x69, 0x66, 0x20, 0x5b, 0x5b, 0x20, 0x2d, 0x78, 0x20, 0x22, 0x24,
    0x63, 0x61, 0x6e, 0x64, 0x69, 0x64, 0x61, 0x74, 0x65, 0x22, 0x20, 0x26, 0x26, 0x20, 0x22, 0x24,
    0x63, 0x61, 0x6e, 0x64, 0x69, 0x64, 0x61, 0x74, 0x65, 0x22, 0x20, 0x3d, 0x3d, 0x20, 0x22, 0x24,
    0x68, 0x6f, 0x6d, 0x65, 0x2f, 0x22, 0x2a, 0x20, 0x5d, 0x5d, 0x3b, 0x20, 0x74, 0x68, 0x65, 0x6e,
    0x0a, 0x20, 0x20, 0x20, 0x20, 0x20, 0x20, 0x70, 0x72, 0x69, 0x6e, 0x74, 0x66, 0x20, 0x27, 0x25,
    0x73, 0x27, 0x20, 0x22, 0x24, 0x63, 0x61, 0x6e, 0x64, 0x69, 0x64, 0x61, 0x74, 0x65, 0x22, 0x0a,
    0x20, 0x20, 0x20, 0x20, 0x20, 0x20, 0x72, 0x65, 0x74, 0x75, 0x72, 0x6e, 0x20, 0x30, 0x0a, 0x20,
    0x20, 0x20, 0x20, 0x66, 0x69, 0x0a, 0x20, 0x20, 0x64, 0x6f, 0x6e, 0x65, 0x0a, 0x0a, 0x20, 0x20,
    0x69, 0x66, 0x20, 0x28, 0x28, 0x20, 0x44, 0x52, 0x59, 0x5f, 0x52, 0x55, 0x4e, 0x20, 0x3d, 0x3d,
    0x20, 0x30, 0x20, 0x29, 0x29, 0x3b, 0x20, 0x74, 0x68, 0x65, 0x6e, 0x0a, 0x20, 0x20, 0x20, 0x20,
    0x73, 0x68, 0x65, 0x6c, 0x6c, 0x5f, 0x62, 0x69, 0x6e, 0x3d, 0x22, 0x24, 0x28, 0x61, 0x73, 0x5f,
    0x6e, 0x61, 0x6d, 0x65, 0x64, 0x5f, 0x75, 0x73, 0x65, 0x72, 0x20, 0x22, 0x24, 0x75, 0x73, 0x65,
    0x72, 0x22, 0x20, 0x62, 0x61, 0x73, 0x68, 0x20, 0x2d, 0x6c, 0x63, 0x20, 0x27, 0x63, 0x6f, 0x6d,
    0x6d, 0x61, 0x6e, 0x64, 0x20, 0x2d, 0x76, 0x20, 0x6d, 0x69, 0x63, 0x72, 0x6f, 0x6d, 0x61, 0x6d,
    0x62, 0x61, 0x20, 0x32, 0x3e, 0x2f, 0x64, 0x65, 0x76, 0x2f, 0x6e, 0x75, 0x6c, 0x6c, 0x20, 0x7c,
    0x7c, 0x20, 0x74, 0x72, 0x75, 0x65, 0x27, 0x20, 0x32, 0x3e, 0x2f, 0x64, 0x65, 0x76, 0x2f, 0x6e,
    0x75, 0x6c, 0x6c, 0x20, 0x7c, 0x7c, 0x20, 0x74, 0x72, 0x75, 0x65, 0x29, 0x22, 0x0a, 0x20, 0x20,
    0x20, 0x20, 0x69, 0x66, 0x20, 0x5b, 0x5b, 0x20, 0x2d, 0x6e, 0x20, 0x22, 0x24, 0x73, 0x68, 0x65,
    0x6c, 0x6c, 0x5f, 0x62, 0x69, 0x6e, 0x22, 0x20, 0x26, 0x26, 0x20, 0x2d, 0x78, 0x20, 0x22, 0x24,
    0x73, 0x68, 0x65, 0x6c, 0x6c, 0x5f, 0x62, 0x69, 0x6e, 0x22, 0x20, 0x26, 0x26, 0x20, 0x22, 0x24,
    0x73, 0x68, 0x65, 0x6c, 0x6c, 0x5f, 0x62, 0x69, 0x6e, 0x22, 0x20, 0x3d, 0x3d, 0x20, 0x22, 0x24,
    0x68, 0x6f, 0x6d, 0x65, 0x2f, 0x22, 0x2a, 0x20, 0x5d, 0x5d, 0x3b, 0x20, 0x74, 0x68, 0x65, 0x6e,
    0x0a, 0x20, 0x20, 0x20, 0x20, 0x20, 0x20, 0x70, 0x72, 0x69, 0x6e, 0x74, 0x66, 0x20, 0x27, 0x25,
    0x73, 0x27, 0x20, 0x22, 0x24, 0x73, 0x68, 0x65, 0x6c, 0x6c, 0x5f, 0x62, 0x69, 0x6e, 0x22, 0x0a,
    0x20, 0x20, 0x20, 0x20, 0x20, 0x20, 0x72, 0x65, 0x74, 0x75, 0x72, 0x6e, 0x20, 0x30, 0x0a, 0x20,
    0x20, 0x20, 0x20, 0x66, 0x69, 0x0a, 0x20, 0x20, 0x66, 0x69, 0x0a, 0x0a, 0x20, 0x20, 0x72, 0x65,
    0x74, 0x75, 0x72, 0x6e, 0x20, 0x31, 0x0a, 0x7d, 0x0a, 0x0a, 0x69, 0x6e, 0x73, 0x74, 0x61, 0x6c,
    0x6c, 0x5f, 0x6d, 0x69, 0x6e, 0x69, 0x63, 0x6f, 0x6e, 0x64, 0x61, 0x5f, 0x70, 0x72, 0x65, 0x72,
    0x65, 0x71, 0x75, 0x69, 0x73, 0x69, 0x74, 0x65, 0x5f, 0x66, 0x6f, 0x72, 0x5f, 0x61, 0x63, 0x63,
    0x6f, 0x75, 0x6e, 0x74, 0x28, 0x29, 0x20, 0x7b, 0x0a, 0x20, 0x20, 0x6c, 0x6f, 0x63, 0x61, 0x6c,
    0x20, 0x75, 0x73, 0x65, 0x72, 0x3d, 0x22, 0x24, 0x31, 0x22, 0x20, 0x68, 0x6f, 0x6d, 0x65, 0x20,
    0x70, 0x72, 0x65, 0x66, 0x69, 0x78, 0x20, 0x61, 0x72, 0x63, 0x68, 0x20, 0x75, 0x72, 0x6c, 0x20,
    0x69, 0x6e, 0x73, 0x74, 0x61, 0x6c, 0x6c, 0x65, 0x72, 0x20, 0x63, 0x6f, 0x6e, 0x64, 0x61, 0x5f,
    0x62, 0x69, 0x6e, 0x20, 0x65, 0x78, 0x69, 0x73, 0x74, 0x69, 0x6e, 0x67, 0x3d, 0x22, 0x22, 0x0a,
    0x20, 0x20, 0x4d, 0x49, 0x4e, 0x49, 0x43, 0x4f, 0x4e, 0x44, 0x41, 0x5f, 0x50, 0x52, 0x45, 0x52,
    0x45, 0x51, 0x5f, 0x42, 0x49, 0x4e, 0x3d, 0x22, 0x22, 0x0a, 0x0a, 0x20, 0x20, 0x76, 0x61, 0x6c,
    0x69, 0x64, 0x61, 0x74, 0x65, 0x5f, 0x73, 0x69, 0x6d, 0x70, 0x6c, 0x65, 0x5f, 0x6e, 0x61, 0x6d,
    0x65, 0x20, 0x22, 0x24, 0x75, 0x73, 0x65, 0x72, 0x22, 0x20, 0x7c, 0x7c, 0x20, 0x7b, 0x20, 0x77,
    0x61, 0x72, 0x6e, 0x20, 0x22, 0xe7, 0x94, 0xa8, 0xe6, 0x88, 0xb7, 0xe5, 0x90, 0x8d, 0xe6, 0xa0,
    0xbc, 0xe5, 0xbc, 0x8f, 0xe4, 0xb8, 0x8d, 0xe5, 0x90, 0x88, 0xe6, 0xb3, 0x95, 0xe3, 0x80, 0x82,
    0x22, 0x3b, 0x20, 0x72, 0x65, 0x74, 0x75, 0x72, 0x6e, 0x20, 0x31, 0x3b, 0x20, 0x7d, 0x0a, 0x20,
    0x20, 0x69, 0x66, 0x20, 0x69, 0x64, 0x20, 0x22, 0x24, 0x75, 0x73, 0x65, 0x72, 0x22, 0x20, 0x3e,
    0x2f, 0x64, 0x65, 0x76, 0x2f, 0x6e, 0x75, 0x6c, 0x6c, 0x20, 0x32, 0x3e, 0x26, 0x31, 0x3b, 0x20,
    0x74, 0x68, 0x65, 0x6e, 0x0a, 0x20, 0x20, 0x20, 0x20, 0x68, 0x6f, 0x6d, 0x65, 0x3d, 0x22, 0x24,
    0x28, 0x67, 0x65, 0x74, 0x65, 0x6e, 0x74, 0x20, 0x70, 0x61, 0x73, 0x73, 0x77, 0x64, 0x20, 0x22,
    0x24, 0x75, 0x73, 0x65, 0x72, 0x22, 0x20, 0x32, 0x3e, 0x2f, 0x64, 0x65, 0x76, 0x2f, 0x6e, 0x75,
    0x6c, 0x6c, 0x20, 0x7c, 0x20, 0x63, 0x75, 0x74, 0x20, 0x2d, 0x64, 0x3a, 0x20, 0x2d, 0x66, 0x36,
    0x20, 0x7c, 0x7c, 0x20, 0x74, 0x72, 0x75, 0x65, 0x29, 0x22, 0x0a, 0x20, 0x20, 0x65, 0x6c, 0x69,
    0x66, 0x20, 0x28, 0x28, 0x20, 0x44, 0x52, 0x59, 0x5f, 0x52, 0x55, 0x4e, 0x20, 0x29, 0x29, 0x20,
    0x26, 0x26, 0x20, 0x5b, 0x5b, 0x20, 0x22, 0x24, 0x75, 0x73, 0x65, 0x72, 0x22, 0x20, 0x3d, 0x3d,
    0x20, 0x22, 0x24, 0x4c, 0x41, 0x53, 0x54, 0x5f, 0x43, 0x52, 0x45, 0x41, 0x54, 0x45, 0x44, 0x5f,
    0x55, 0x53, 0x45, 0x52, 0x22, 0x20, 0x5d, 0x5d, 0x3b, 0x20, 0x74, 0x68, 0x65, 0x6e, 0x0a, 0x20,
    0x20, 0x20, 0x20, 0x68, 0x6f, 0x6d, 0x65, 0x3d, 0x22, 0x2f, 0x68, 0x6f, 0x6d, 0x65, 0x2f, 0x24,
    0x75, 0x73, 0x65, 0x72, 0x22, 0x0a, 0x20, 0x20, 0x65, 0x6c, 0x73, 0x65, 0x0a, 0x20, 0x20, 0x20,
    0x20, 0x77, 0x61, 0x72, 0x6e, 0x20, 0x22, 0xe7, 0x94, 0xa8, 0xe6, 0x88, 0xb7, 0x20, 0x24, 0x75,
    0x73, 0x65, 0x72, 0x20, 0xe4, 0xb8, 0x8d, 0xe5, 0xad, 0x98, 0xe5, 0x9c, 0xa8, 0xe3, 0x80, 0x82,
    0x22, 0x0a, 0x20, 0x20, 0x20, 0x20, 0x72, 0x65, 0x74, 0x75, 0x72, 0x6e, 0x20, 0x31, 0x0a, 0x20,
    0x20, 0x66, 0x69, 0x0a, 0x20, 0x20, 0x5b, 0x5b, 0x20, 0x2d, 0x6e, 0x20, 0x22, 0x24, 0x68, 0x6f,
    0x6d, 0x65, 0x22, 0x20, 0x5d, 0x5d, 0x20, 0x7c, 0x7c, 0x20, 0x7b, 0x20, 0x77, 0x61, 0x72, 0x6e,
    0x20, 0x22, 0xe6, 0x97, 0xa0, 0xe6, 0xb3, 0x95, 0xe8, 0xaf, 0xbb, 0xe5, 0x8f, 0x96, 0xe7, 0x94,
    0xa8, 0xe6, 0x88, 0xb7, 0x20, 0x24, 0x75, 0x73, 0x65, 0x72, 0x20, 0xe7, 0x9a, 0x84, 0x20, 0x68,
    0x6f, 0x6d, 0x65, 0xe3, 0x80, 0x82, 0x22, 0x3b, 0x20, 0x72, 0x65, 0x74, 0x75, 0x72, 0x6e, 0x20,
    0x31, 0x3b, 0x20, 0x7d, 0x0a, 0x0a, 0x20, 0x20, 0x65, 0x78, 0x69, 0x73, 0x74, 0x69, 0x6e, 0x67,
    0x3d, 0x22, 0x24, 0x28, 0x66, 0x69, 0x6e, 0x64, 0x5f, 0x6e, 0x61, 0x6d, 0x65, 0x64, 0x5f, 0x75,
    0x73, 0x65, 0x72, 0x5f, 0x6d, 0x69, 0x6e, 0x69, 0x63, 0x6f, 0x6e, 0x64, 0x61, 0x20, 0x22, 0x24,
    0x75, 0x73, 0x65, 0x72, 0x22, 0x20, 0x32, 0x3e, 0x2f, 0x64, 0x65, 0x76, 0x2f, 0x6e, 0x75, 0x6c,
    0x6c, 0x20, 0x7c, 0x7c, 0x20, 0x74, 0x72, 0x75, 0x65, 0x29, 0x22, 0x0a, 0x20, 0x20, 0x69, 0x66,
    0x20, 0x5b, 0x5b, 0x20, 0x2d, 0x6e, 0x20, 0x22, 0x24, 0x65, 0x78, 0x69, 0x73, 0x74, 0x69, 0x6e,
    0x67, 0x22, 0x20, 0x5d, 0x5d, 0x3b, 0x20, 0x74, 0x68, 0x65, 0x6e, 0x0a, 0x20, 0x20, 0x20, 0x20,
    0x69, 0x6e, 0x66, 0x6f, 0x20, 0x22, 0x4d, 0x69, 0x6e, 0x69, 0x63, 0x6f, 0x6e, 0x64, 0x61, 0x20,
    0xe5, 0x89, 0x8d, 0xe7, 0xbd, 0xae, 0xe6, 0x9d, 0xa1, 0xe4, 0xbb, 0xb6, 0xe5, 0xb7, 0xb2, 0xe6,
    0xbb, 0xa1, 0xe8, 0xb6, 0xb3, 0x3a, 0x20, 0x75, 0x73, 0x65, 0x72, 0x3d, 0x24, 0x75, 0x73, 0x65,
    0x72, 0x20, 0x70, 0x61, 0x74, 0x68, 0x3d, 0x24, 0x65, 0x78, 0x69, 0x73, 0x74, 0x69, 0x6e, 0x67,
    0x22, 0x0a, 0x20, 0x20, 0x20, 0x20, 0x69, 0x66, 0x20, 0x28, 0x28, 0x20, 0x44, 0x52, 0x59, 0x5f,
    0x52, 0x55, 0x4e, 0x20, 0x3d, 0x3d, 0x20, 0x30, 0x20, 0x29, 0x29, 0x3b, 0x20, 0x74, 0x68, 0x65,
    0x6e, 0x0a, 0x20, 0x20, 0x20, 0x20, 0x20, 0x20, 0x69, 0x6e, 0x66, 0x6f, 0x20, 0x22, 0x4d, 0x69,
    0x6e, 0x69, 0x63, 0x6f, 0x6e, 0x64, 0x61, 0x20, 0xe7, 0x89, 0x88, 0xe6, 0x9c, 0xac, 0x3a, 0x20,
    0x24, 0x28, 0x22, 0x24, 0x65, 0x78, 0x69, 0x73, 0x74, 0x69, 0x6e, 0x67, 0x22, 0x20, 0x2d, 0x2d,
    0x76, 0x65, 0x72, 0x73, 0x69, 0x6f, 0x6e, 0x20, 0x32, 0x3e, 0x2f, 0x64, 0x65, 0x76, 0x2f, 0x6e,
    0x75, 0x6c, 0x6c, 0x20, 0x7c, 0x7c, 0x20, 0x74, 0x72, 0x75, 0x65, 0x29, 0x22, 0x0a, 0x20, 0x20,
    0x20, 0x20, 0x66, 0x69, 0x0a, 0x20, 0x20, 0x20, 0x20, 0x4d, 0x49, 0x4e, 0x49, 0x43, 0x4f, 0x4e,
    0x44, 0x41, 0x5f, 0x50, 0x52, 0x45, 0x52, 0x45, 0x51, 0x5f, 0x42, 0x49, 0x4e, 0x3d, 0x22, 0x24,
    0x65, 0x78, 0x69, 0x73, 0x74, 0x69, 0x6e, 0x67, 0x22, 0x0a, 0x20, 0x20, 0x20, 0x20, 0x72, 0x65,
    0x74, 0x75, 0x72, 0x6e, 0x20, 0x30, 0x0a, 0x20, 0x20, 0x66, 0x69, 0x0a, 0x0a, 0x20, 0x20, 0x63,
    0x61, 0x73, 0x65, 0x20, 0x22, 0x24, 0x28, 0x75, 0x6e, 0x61, 0x6d, 0x65, 0x20, 0x2d, 0x6d, 0x29,
    0x22, 0x20, 0x69, 0x6e, 0x0a, 0x20, 0x20, 0x20, 0x20, 0x78, 0x38, 0x36, 0x5f, 0x36, 0x34, 0x29,
    0x20, 0x61, 0x72, 0x63, 0x68, 0x3d, 0x22, 0x78, 0x38, 0x36, 0x5f, 0x36, 0x34, 0x22, 0x20, 0x3b,
    0x3b, 0x0a, 0x20, 0x20, 0x20, 0x20, 0x61, 0x61, 0x72, 0x63, 0x68, 0x36, 0x34, 0x7c, 0x61, 0x72,
    0x6d, 0x36, 0x34, 0x29, 0x20, 0x61, 0x72, 0x63, 0x68, 0x3d, 0x22, 0x61, 0x61, 0x72, 0x63, 0x68,
    0x36, 0x34, 0x22, 0x20, 0x3b, 0x3b, 0x0a, 0x20, 0x20, 0x20, 0x20, 0x2a, 0x29, 0x20, 0x77, 0x61,
    0x72, 0x6e, 0x20, 0x22, 0xe4, 0xb8, 0x8d, 0xe6, 0x94, 0xaf, 0xe6, 0x8c, 0x81, 0xe7, 0x9a, 0x84,
    0xe6, 0x9e, 0xb6, 0xe6, 0x9e, 0x84, 0x3a, 0x20, 0x24, 0x28, 0x75, 0x6e, 0x61, 0x6d, 0x65, 0x20,
    0x2d, 0x6d, 0x29, 0x22, 0x3b, 0x20, 0x72, 0x65, 0x74, 0x75, 0x72, 0x6e, 0x20, 0x31, 0x20, 0x3b,
    0x3b, 0x0a, 0x20, 0x20, 0x65, 0x73, 0x61, 0x63, 0x0a, 0x0a, 0x20, 0x20, 0x70, 0x72, 0x65, 0x66,
    0x69, 0x78, 0x3d, 0x22, 0x24, 0x68, 0x6f, 0x6d, 0x65, 0x2f, 0x64, 0x61, 0x74, 0x61, 0x5f, 0x48,
    0x44, 0x2f, 0x6d, 0x69, 0x6e, 0x69, 0x63, 0x6f, 0x6e, 0x64, 0x61, 0x33, 0x22, 0x0a, 0x20, 0x20,
    0x75, 0x72, 0x6c, 0x3d, 0x22, 0x68, 0x74, 0x74, 0x70, 0x73, 0x3a, 0x2f, 0x2f, 0x6d, 0x69, 0x72,
    0x72, 0x6f, 0x72, 0x73, 0x2e, 0x74, 0x75, 0x6e, 0x61, 0x2e, 0x74, 0x73, 0x69, 0x6e, 0x67, 0x68,
    0x75, 0x61, 0x2e, 0x65, 0x64, 0x75, 0x2e, 0x63, 0x6e, 0x2f, 0x61, 0x6e, 0x61, 0x63, 0x6f, 0x6e,
    0x64, 0x61, 0x2f, 0x6d, 0x69, 0x6e, 0x69, 0x63, 0x6f, 0x6e, 0x64, 0x61, 0x2f, 0x4d, 0x69, 0x6e,
    0x69, 0x63, 0x6f, 0x6e, 0x64, 0x61, 0x33, 0x2d, 0x6c, 0x61, 0x74, 0x65, 0x73, 0x74, 0x2d, 0x4c,
    0x69, 0x6e, 0x75, 0x78, 0x2d, 0x24, 0x7b, 0x61, 0x72, 0x63, 0x68, 0x7d, 0x2e, 0x73, 0x68, 0x22,
    0x0a, 0x20, 0x20, 0x69, 0x6e, 0x73, 0x74, 0x61, 0x6c, 0x6c, 0x65, 0x72, 0x3d, 0x22, 0x2f, 0x74,
    0x6d, 0x70, 0x2f, 0x6d, 0x69, 0x6e, 0x69, 0x63, 0x6f, 0x6e, 0x64, 0x61, 0x2d, 0x70, 0x72, 0x65,
    0x72, 0x65, 0x71, 0x2d, 0x24, 0x7b, 0x75, 0x73, 0x65, 0x72, 0x7d, 0x2d, 0x24, 0x7b, 0x61, 0x72,
    0x63, 0x68, 0x7d, 0x2e, 0x73, 0x68, 0x22, 0x0a, 0x0a, 0x20, 0x20, 0x69, 0x6e, 0x66, 0x6f, 0x20,
    0x22, 0xe6, 0x9c, 0xaa, 0xe6, 0xa3, 0x80, 0xe6, 0xb5, 0x8b, 0xe5, 0x88, 0xb0, 0x20, 0x24, 0x75,
    0x73, 0x65, 0x72, 0x20, 0xe7, 0x9a, 0x84, 0x20, 0x4d, 0x69, 0x6e, 0x69, 0x63, 0x6f, 0x6e, 0x64,
    0x61, 0xef, 0xbc, 0x9b, 0xe4, 0xbd, 0x9c, 0xe4, 0xb8, 0xba, 0x20, 0x6d, 0x69, 0x63, 0x72, 0x6f,
    0x6d, 0x61, 0x6d, 0x62, 0x61, 0x20, 0xe5, 0x89, 0x8d, 0xe7, 0xbd, 0xae, 0xe6, 0x9d, 0xa1, 0xe4,
    0xbb, 0xb6, 0xe8, 0x87, 0xaa, 0xe5, 0x8a, 0xa8, 0xe5, 0xae, 0x89, 0xe8, 0xa3, 0x85, 0xe5, 0x88,
    0xb0, 0x20, 0x24, 0x70, 0x72, 0x65, 0x66, 0x69, 0x78, 0x22, 0x0a, 0x20, 0x20, 0x61, 0x73, 0x5f,
    0x6e, 0x61, 0x6d, 0x65, 0x64, 0x5f, 0x75, 0x73, 0x65, 0x72, 0x20, 0x22, 0x24, 0x75, 0x73, 0x65,
    0x72, 0x22, 0x20, 0x6d, 0x6b, 0x64, 0x69, 0x72, 0x20, 0x2d, 0x70, 0x20, 0x22, 0x24, 0x68, 0x6f,
    0x6d, 0x65, 0x2f, 0x64, 0x61, 0x74, 0x61, 0x5f, 0x48, 0x44, 0x22, 0x0a, 0x20, 0x20, 0x69, 0x66,
    0x20, 0x28, 0x28, 0x20, 0x44, 0x52, 0x59, 0x5f, 0x52, 0x55, 0x4e, 0x20, 0x29, 0x29, 0x3b, 0x20,
    0x74, 0x68, 0x65, 0x6e, 0x0a, 0x20, 0x20, 0x20, 0x20, 0x70, 0x72, 0x69, 0x6e, 0x74, 0x66, 0x20,
    0x27, 0x5b, 0x64, 0x72, 0x79, 0x2d, 0x72, 0x75, 0x6e, 0x5d, 0x20, 0x63, 0x75, 0x72, 0x6c, 0x20,
    0x2d, 0x66, 0x4c, 0x20, 0x25, 0x71, 0x20, 0x2d, 0x6f, 0x20, 0x25, 0x71, 0x5c, 0x6e, 0x27, 0x20,
    0x22, 0x24, 0x75, 0x72, 0x6c, 0x22, 0x20, 0x22, 0x24, 0x69, 0x6e, 0x73, 0x74, 0x61, 0x6c, 0x6c,
    0x65, 0x72, 0x22, 0x0a, 0x20, 0x20, 0x65, 0x6c, 0x73, 0x65, 0x0a, 0x20, 0x20, 0x20, 0x20, 0x63,
    0x75, 0x72, 0x6c, 0x20, 0x2d, 0x66, 0x4c, 0x20, 0x22, 0x24, 0x75, 0x72, 0x6c, 0x22, 0x20, 0x2d,
    0x6f, 0x20, 0x22, 0x24, 0x69, 0x6e, 0x73, 0x74, 0x61, 0x6c, 0x6c, 0x65, 0x72, 0x22, 0x0a, 0x20,
    0x20, 0x20, 0x20, 0x63, 0x68, 0x6d, 0x6f, 0x64, 0x20, 0x30, 0x37, 0x35, 0x35, 0x20, 0x22, 0x24,
    0x69, 0x6e, 0x73, 0x74, 0x61, 0x6c, 0x6c, 0x65, 0x72, 0x22, 0x0a, 0x20, 0x20, 0x66, 0x69, 0x0a,
    0x20, 0x20, 0x61, 0x73, 0x5f, 0x6e, 0x61, 0x6d, 0x65, 0x64, 0x5f, 0x75, 0x73, 0x65, 0x72, 0x20,
    0x22, 0x24, 0x75, 0x73, 0x65, 0x72, 0x22, 0x20, 0x62, 0x61, 0x73, 0x68, 0x20, 0x22, 0x24, 0x69,
    0x6e, 0x73, 0x74, 0x61, 0x6c, 0x6c, 0x65, 0x72, 0x22, 0x20, 0x2d, 0x62, 0x20, 0x2d, 0x70, 0x20,
    0x22, 0x24, 0x70, 0x72, 0x65, 0x66, 0x69, 0x78, 0x22, 0x0a, 0x0a, 0x20, 0x20, 0x63, 0x6f, 0x6e,
    0x64, 0x61, 0x5f, 0x62, 0x69, 0x6e, 0x3d, 0x22, 0x24, 0x70, 0x72, 0x65, 0x66, 0x69, 0x78, 0x2f,
    0x62, 0x69, 0x6e, 0x2f, 0x63, 0x6f, 0x6e, 0x64, 0x61, 0x22, 0x0a, 0x20, 0x20, 0x61, 0x70, 0x70,
    0x65, 0x6e, 0x64, 0x5f, 0x6e, 0x61, 0x6d, 0x65, 0x64, 0x5f, 0x75, 0x73, 0x65, 0x72, 0x5f, 0x6c,
    0x69, 0x6e, 0x65, 0x5f, 0x6f, 0x6e, 0x63, 0x65, 0x20, 0x22, 0x24, 0x75, 0x73, 0x65, 0x72, 0x22,
    0x20, 0x22, 0x24, 0x68, 0x6f, 0x6d, 0x65, 0x2f, 0x2e, 0x62, 0x61, 0x73, 0x68, 0x72, 0x63, 0x22,
    0x20, 0x22, 0x65, 0x78, 0x70, 0x6f, 0x72, 0x74, 0x20, 0x50, 0x41, 0x54, 0x48, 0x3d, 0x5c, 0x22,
    0x24, 0x70, 0x72, 0x65, 0x66, 0x69, 0x78, 0x2f, 0x62, 0x69, 0x6e, 0x3a, 0x5c, 0x24, 0x50, 0x41,
    0x54, 0x48, 0x5c, 0x22, 0x22, 0x0a, 0x20, 0x20, 0x61, 0x73, 0x5f, 0x6e, 0x61, 0x6d, 0x65, 0x64,
    0x5f, 0x75, 0x73, 0x65, 0x72, 0x20, 0x22, 0x24, 0x75, 0x73, 0x65, 0x72, 0x22, 0x20, 0x22, 0x24,
    0x63, 0x6f, 0x6e, 0x64, 0x61, 0x5f, 0x62, 0x69, 0x6e, 0x22, 0x20, 0x69, 0x6e, 0x69, 0x74, 0x20,
    0x62, 0x61, 0x73, 0x68, 0x0a, 0x20, 0x20, 0x63, 0x6f, 0x6e, 0x66, 0x69, 0x67, 0x75, 0x72, 0x65,
    0x5f, 0x74, 0x75, 0x6e, 0x61, 0x5f, 0x66, 0x6f, 0x72, 0x5f, 0x6e, 0x61, 0x6d, 0x65, 0x64, 0x5f,
    0x75, 0x73, 0x65, 0x72, 0x20, 0x22, 0x24, 0x75, 0x73, 0x65, 0x72, 0x22, 0x20, 0x22, 0x24, 0x63,
    0x6f, 0x6e, 0x64, 0x61, 0x5f, 0x62, 0x69, 0x6e, 0x22, 0x0a, 0x20, 0x20, 0x61, 0x73, 0x5f, 0x6e,
    0x61, 0x6d, 0x65, 0x64, 0x5f, 0x75, 0x73, 0x65, 0x72, 0x20, 0x22, 0x24, 0x75, 0x73, 0x65, 0x72,
    0x22, 0x20, 0x6d, 0x6b, 0x64, 0x69, 0x72, 0x20, 0x2d, 0x70, 0x20, 0x22, 0x24, 0x68, 0x6f, 0x6d,
    0x65, 0x2f, 0x2e, 0x63, 0x6f, 0x6e, 0x66, 0x69, 0x67, 0x2f, 0x62, 0x69, 0x6f, 0x69, 0x6e, 0x66,
    0x6f, 0x2d, 0x73, 0x65, 0x74, 0x75, 0x70, 0x22, 0x0a, 0x20, 0x20, 0x77, 0x72, 0x69, 0x74, 0x65,
    0x5f, 0x6e, 0x61, 0x6d, 0x65, 0x64, 0x5f, 0x75, 0x73, 0x65, 0x72, 0x5f, 0x66, 0x69, 0x6c, 0x65,
    0x20, 0x22, 0x24, 0x75, 0x73, 0x65, 0x72, 0x22, 0x20, 0x22, 0x24, 0x68, 0x6f, 0x6d, 0x65, 0x2f,
    0x2e, 0x63, 0x6f, 0x6e, 0x66, 0x69, 0x67, 0x2f, 0x62, 0x69, 0x6f, 0x69, 0x6e, 0x66, 0x6f, 0x2d,
    0x73, 0x65, 0x74, 0x75, 0x70, 0x2f, 0x6d, 0x69, 0x6e, 0x69, 0x63, 0x6f, 0x6e, 0x64, 0x61, 0x2e,
    0x70, 0x72, 0x65, 0x66, 0x69, 0x78, 0x22, 0x20, 0x22, 0x24, 0x70, 0x72, 0x65, 0x66, 0x69, 0x78,
    0x22, 0x0a, 0x20, 0x20, 0x4d, 0x49, 0x4e, 0x49, 0x43, 0x4f, 0x4e, 0x44, 0x41, 0x5f, 0x50, 0x52,
    0x45, 0x52, 0x45, 0x51, 0x5f, 0x42, 0x49, 0x4e, 0x3d, 0x22, 0x24, 0x63, 0x6f, 0x6e, 0x64, 0x61,
    0x5f, 0x62, 0x69, 0x6e, 0x22, 0x0a, 0x20, 0x20, 0x6c, 0x6f, 0x67, 0x20, 0x22, 0x4d, 0x69, 0x6e,
    0x69, 0x63, 0x6f, 0x6e, 0x64, 0x61, 0x20, 0xe5, 0x89, 0x8d, 0xe7, 0xbd, 0xae, 0xe6, 0x9d, 0xa1,
    0xe4, 0xbb, 0xb6, 0xe5, 0xae, 0x89, 0xe8, 0xa3, 0x85, 0xe5, 0xae, 0x8c, 0xe6, 0x88, 0x90, 0x3a,
    0x20, 0x75, 0x73, 0x65, 0x72, 0x3d, 0x24, 0x75, 0x73, 0x65, 0x72, 0x20, 0x70, 0x72, 0x65, 0x66,
    0x69, 0x78, 0x3d, 0x24, 0x70, 0x72, 0x65, 0x66, 0x69, 0x78, 0x22, 0x0a, 0x7d, 0x0a, 0x0a, 0x69,
    0x6e, 0x73, 0x74, 0x61, 0x6c, 0x6c, 0x5f, 0x6d, 0x69, 0x63, 0x72, 0x6f, 0x6d, 0x61, 0x6d, 0x62,
    0x61, 0x5f, 0x66, 0x6f, 0x72, 0x5f, 0x61, 0x63, 0x63, 0x6f, 0x75, 0x6e, 0x74, 0x28, 0x29, 0x20,
    0x7b, 0x0a, 0x20, 0x20, 0x6c, 0x6f, 0x63, 0x61, 0x6c, 0x20, 0x75, 0x73, 0x65, 0x72, 0x3d, 0x22,
    0x24, 0x31, 0x22, 0x20, 0x68, 0x6f, 0x6d, 0x65, 0x20, 0x61, 0x72, 0x63, 0x68, 0x20, 0x61, 0x70,
    0x69, 0x5f, 0x61, 0x72, 0x63, 0x68, 0x20, 0x75, 0x72, 0x6c, 0x20, 0x61, 0x72, 0x63, 0x68, 0x69,
    0x76, 0x65, 0x20, 0x74, 0x6d, 0x70, 0x64, 0x69, 0x72, 0x20, 0x62, 0x69, 0x6e, 0x5f, 0x64, 0x69,
    0x72, 0x20, 0x62, 0x69, 0x6e, 0x61, 0x72, 0x79, 0x20, 0x72, 0x6f, 0x6f, 0x74, 0x5f, 0x70, 0x72,
    0x65, 0x66, 0x69, 0x78, 0x20, 0x67, 0x72, 0x6f, 0x75, 0x70, 0x20, 0x65, 0x78, 0x69, 0x73, 0x74,
    0x69, 0x6e, 0x67, 0x3d, 0x22, 0x22, 0x20, 0x63, 0x6f, 0x6e, 0x64, 0x61, 0x5f, 0x62, 0x69, 0x6e,
    0x0a, 0x0a, 0x20, 0x20, 0x76, 0x61, 0x6c, 0x69, 0x64, 0x61, 0x74, 0x65, 0x5f, 0x73, 0x69, 0x6d,
    0x70, 0x6c, 0x65, 0x5f, 0x6e, 0x61, 0x6d, 0x65, 0x20, 0x22, 0x24, 0x75, 0x73, 0x65, 0x72, 0x22,
    0x20, 0x7c, 0x7c, 0x20, 0x7b, 0x20, 0x77, 0x61, 0x72, 0x6e, 0x20, 0x22, 0xe7, 0x94, 0xa8, 0xe6,
    0x88, 0xb7, 0xe5, 0x90, 0x8d, 0xe6, 0xa0, 0xbc, 0xe5, 0xbc, 0x8f, 0xe4, 0xb8, 0x8d, 0xe5, 0x90,
    0x88, 0xe6, 0xb3, 0x95, 0xe3, 0x80, 0x82, 0x22, 0x3b, 0x20, 0x72, 0x65, 0x74, 0x75, 0x72, 0x6e,
    0x20, 0x31, 0x3b, 0x20, 0x7d, 0x0a, 0x20, 0x20, 0x69, 0x66, 0x20, 0x69, 0x64, 0x20, 0x22, 0x24,
    0x75, 0x73, 0x65, 0x72, 0x22, 0x20, 0x3e, 0x2f, 0x64, 0x65, 0x76, 0x2f, 0x6e, 0x75, 0x6c, 0x6c,
    0x20, 0x32, 0x3e, 0x26, 0x31, 0x3b, 0x20, 0x74, 0x68, 0x65, 0x6e, 0x0a, 0x20, 0x20, 0x20, 0x20,
    0x68, 0x6f, 0x6d, 0x65, 0x3d, 0x22, 0x24, 0x28, 0x67, 0x65, 0x74, 0x65, 0x6e, 0x74, 0x20, 0x70,
    0x61, 0x73, 0x73, 0x77, 0x64, 0x20, 0x22, 0x24, 0x75, 0x73, 0x65, 0x72, 0x22, 0x20, 0x32, 0x3e,
    0x2f, 0x64, 0x65, 0x76, 0x2f, 0x6e, 0x75, 0x6c, 0x6c, 0x20, 0x7c, 0x20, 0x63, 0x75, 0x74, 0x20,
    0x2d, 0x64, 0x3a, 0x20, 0x2d, 0x66, 0x36, 0x20, 0x7c, 0x7c, 0x20, 0x74, 0x72, 0x75, 0x65, 0x29,
    0x22, 0x0a, 0x20, 0x20, 0x20, 0x20, 0x67, 0x72, 0x6f, 0x75, 0x70, 0x3d, 0x22, 0x24, 0x28, 0x69,
    0x64, 0x20, 0x2d, 0x67, 0x6e, 0x20, 0x22, 0x24, 0x75, 0x73, 0x65, 0x72, 0x22, 0x20, 0x32, 0x3e,
    0x2f, 0x64, 0x65, 0x76, 0x2f, 0x6e, 0x75, 0x6c, 0x6c, 0x20, 0x7c, 0x7c, 0x20, 0x70, 0x72, 0x69,
    0x6e, 0x74, 0x66, 0x20, 0x27, 0x25, 0x73, 0x27, 0x20, 0x22, 0x24, 0x75, 0x73, 0x65, 0x72, 0x22,
    0x29, 0x22, 0x0a, 0x20, 0x20, 0x65, 0x6c, 0x69, 0x66, 0x20, 0x28, 0x28, 0x20, 0x44, 0x52, 0x59,
    0x5f, 0x52, 0x55, 0x4e, 0x20, 0x29, 0x29, 0x20, 0x26, 0x26, 0x20, 0x5b, 0x5b, 0x20, 0x22, 0x24,
    0x75, 0x73, 0x65, 0x72, 0x22, 0x20, 0x3d, 0x3d, 0x20, 0x22, 0x24, 0x4c, 0x41, 0x53, 0x54, 0x5f,
    0x43, 0x52, 0x45, 0x41, 0x54, 0x45, 0x44, 0x5f, 0x55, 0x53, 0x45, 0x52, 0x22, 0x20, 0x5d, 0x5d,
    0x3b, 0x20, 0x74, 0x68, 0x65, 0x6e, 0x0a, 0x20, 0x20, 0x20, 0x20, 0x68, 0x6f, 0x6d, 0x65, 0x3d,
    0x22, 0x2f, 0x68, 0x6f, 0x6d, 0x65, 0x2f, 0x24, 0x75, 0x73, 0x65, 0x72, 0x22, 0x0a, 0x20, 0x20,
    0x20, 0x20, 0x67, 0x72, 0x6f, 0x75, 0x70, 0x3d, 0x22, 0x73, 0x68, 0x61, 0x72, 0x65, 0x76, 0x69,
    0x70, 0x22, 0x0a, 0x20, 0x20, 0x65, 0x6c, 0x73, 0x65, 0x0a, 0x20, 0x20, 0x20, 0x20, 0x77, 0x61,
    0x72, 0x6e, 0x20, 0x22, 0xe7, 0x94, 0xa8, 0xe6, 0x88, 0xb7, 0x20, 0x24, 0x75, 0x73, 0x65, 0x72,
    0x20, 0xe4, 0xb8, 0x8d, 0xe5, 0xad, 0x98, 0xe5, 0x9c, 0xa8, 0xe3, 0x80, 0x82, 0x22, 0x0a, 0x20,
    0x20, 0x20, 0x20, 0x72, 0x65, 0x74, 0x75, 0x72, 0x6e, 0x20, 0x31, 0x0a, 0x20, 0x20, 0x66, 0x69,
    0x0a, 0x20, 0x20, 0x5b, 0x5b, 0x20, 0x2d, 0x6e, 0x20, 0x22, 0x24, 0x68, 0x6f, 0x6d, 0x65, 0x22,
    0x20, 0x5d, 0x5d, 0x20, 0x7c, 0x7c, 0x20, 0x7b, 0x20, 0x77, 0x61, 0x72, 0x6e, 0x20, 0x22, 0xe6,
    0x97, 0xa0, 0xe6, 0xb3, 0x95, 0xe8, 0xaf, 0xbb, 0xe5, 0x8f, 0x96, 0xe7, 0x94, 0xa8, 0xe6, 0x88,
    0xb7, 0x20, 0x24, 0x75, 0x73, 0x65, 0x72, 0x20, 0xe7, 0x9a, 0x84, 0x20, 0x68, 0x6f, 0x6d, 0x65,
    0xe3, 0x80, 0x82, 0x22, 0x3b, 0x20, 0x72, 0x65, 0x74, 0x75, 0x72, 0x6e, 0x20, 0x31, 0x3b, 0x20,
    0x7d, 0x0a, 0x0a, 0x20, 0x20, 0x65, 0x78, 0x69, 0x73, 0x74, 0x69, 0x6e, 0x67, 0x3d, 0x22, 0x24,
    0x28, 0x66, 0x69, 0x6e, 0x64, 0x5f, 0x6e, 0x61, 0x6d, 0x65, 0x64, 0x5f, 0x75, 0x73, 0x65, 0x72,
    0x5f, 0x6d, 0x69, 0x63, 0x72, 0x6f, 0x6d, 0x61, 0x6d, 0x62, 0x61, 0x20, 0x22, 0x24, 0x75, 0x73,
    0x65, 0x72, 0x22, 0x20, 0x32, 0x3e, 0x2f, 0x64, 0x65, 0x76, 0x2f, 0x6e, 0x75, 0x6c, 0x6c, 0x20,
    0x7c, 0x7c, 0x20, 0x74, 0x72, 0x75, 0x65, 0x29, 0x22, 0x0a, 0x20, 0x20, 0x69, 0x66, 0x20, 0x5b,
    0x5b, 0x20, 0x2d, 0x6e, 0x20, 0x22, 0x24, 0x65, 0x78, 0x69, 0x73, 0x74, 0x69, 0x6e, 0x67, 0x22,
    0x20, 0x5d, 0x5d, 0x3b, 0x20, 0x74, 0x68, 0x65, 0x6e, 0x0a, 0x20, 0x20, 0x20, 0x20, 0x70, 0x72,
    0x69, 0x6e, 0x74, 0x66, 0x20, 0x27, 0x5c, 0x6e, 0xe6, 0xa3, 0x80, 0xe6, 0xb5, 0x8b, 0xe5, 0x88,
    0xb0, 0x20, 0x25, 0x73, 0x20, 0xe5, 0xb7, 0xb2, 0xe5, 0xae, 0x89, 0xe8, 0xa3, 0x85, 0x20, 0x6d,
    0x69, 0x63, 0x72, 0x6f, 0x6d, 0x61, 0x6d, 0x62, 0x61, 0xef, 0xbc, 0x9a, 0x5c, 0x6e, 0x27, 0x20,
    0x22, 0x24, 0x75, 0x73, 0x65, 0x72, 0x22, 0x0a, 0x20, 0x20, 0x20, 0x20, 0x70, 0x72, 0x69, 0x6e,
    0x74, 0x66, 0x20, 0x27, 0x20, 0x20, 0xe8, 0xb7, 0xaf, 0xe5, 0xbe, 0x84, 0x3a, 0x20, 0x25, 0x73,
    0x5c, 0x6e, 0x27, 0x20, 0x22, 0x24, 0x65, 0x78, 0x69, 0x73, 0x74, 0x69, 0x6e, 0x67, 0x22, 0x0a,
    0x20, 0x20, 0x20, 0x20, 0x70, 0x72, 0x69, 0x6e, 0x74, 0x66, 0x20, 0x27, 0x20, 0x20, 0xe7, 0x89,
    0x88, 0xe6, 0x9c, 0xac, 0x3a, 0x20, 0x25, 0x73, 0x5c, 0x6e, 0x27, 0x20, 0x22, 0x24, 0x28, 0x22,
    0x24, 0x65, 0x78, 0x69, 0x73, 0x74, 0x69, 0x6e, 0x67, 0x22, 0x20, 0x2d, 0x2d, 0x76, 0x65, 0x72,
    0x73, 0x69, 0x6f, 0x6e, 0x20, 0x32, 0x3e, 0x2f, 0x64, 0x65, 0x76, 0x2f, 0x6e, 0x75, 0x6c, 0x6c,
    0x20, 0x7c, 0x7c, 0x20, 0x74, 0x72, 0x75, 0x65, 0x29, 0x22, 0x0a, 0x20, 0x20, 0x20, 0x20, 0x69,
    0x66, 0x20, 0x63, 0x6f, 0x6e, 0x66, 0x69, 0x72, 0x6d, 0x20, 0x22, 0xe6, 0x98, 0xaf, 0xe5, 0x90,
    0xa6, 0xe8, 0xb7, 0xb3, 0xe8, 0xbf, 0x87, 0x20, 0x24, 0x75, 0x73, 0x65, 0x72, 0x20, 0xe7, 0x9a,
    0x84, 0x20, 0x6d, 0x69, 0x63, 0x72, 0x6f, 0x6d, 0x61, 0x6d, 0x62, 0x61, 0x20, 0xe5, 0xae, 0x89,
    0xe8, 0xa3, 0x85, 0xef, 0xbc, 0x9f, 0x22, 0x20, 0x22, 0x59, 0x22, 0x3b, 0x20, 0x74, 0x68, 0x65,
    0x6e, 0x0a, 0x20, 0x20, 0x20, 0x20, 0x20, 0x20, 0x72, 0x65, 0x74, 0x75, 0x72, 0x6e, 0x20, 0x30,
    0x0a, 0x20, 0x20, 0x20, 0x20, 0x66, 0x69, 0x0a, 0x20, 0x20, 0x66, 0x69, 0x0a, 0x0a, 0x20, 0x20,
    0x69, 0x6e, 0x73, 0x74, 0x61, 0x6c, 0x6c, 0x5f, 0x6d, 0x69, 0x6e, 0x69, 0x63, 0x6f, 0x6e, 0x64,
    0x61, 0x5f, 0x70, 0x72, 0x65, 0x72, 0x65, 0x71, 0x75, 0x69, 0x73, 0x69, 0x74, 0x65, 0x5f, 0x66,
    0x6f, 0x72, 0x5f, 0x61, 0x63, 0x63, 0x6f, 0x75, 0x6e, 0x74, 0x20, 0x22, 0x24, 0x75, 0x73, 0x65,
    0x72, 0x22, 0x20, 0x7c, 0x7c, 0x20, 0x72, 0x65, 0x74, 0x75, 0x72, 0x6e, 0x20, 0x31, 0x0a, 0x20,
    0x20, 0x63, 0x6f, 0x6e, 0x64, 0x61, 0x5f, 0x62, 0x69, 0x6e, 0x3d, 0x22, 0x24, 0x4d, 0x49, 0x4e,
    0x49, 0x43, 0x4f, 0x4e, 0x44, 0x41, 0x5f, 0x50, 0x52, 0x45, 0x52, 0x45, 0x51, 0x5f, 0x42, 0x49,
    0x4e, 0x22, 0x0a, 0x20, 0x20, 0x5b, 0x5b, 0x20, 0x2d, 0x6e, 0x20, 0x22, 0x24, 0x63, 0x6f, 0x6e,
    0x64, 0x61, 0x5f, 0x62, 0x69, 0x6e, 0x22, 0x20, 0x5d, 0x5d, 0x20, 0x7c, 0x7c, 0x20, 0x7b, 0x20,
    0x77, 0x61, 0x72, 0x6e, 0x20, 0x22, 0x4d, 0x69, 0x6e, 0x69, 0x63, 0x6f, 0x6e, 0x64, 0x61, 0x20,
    0xe5, 0x89, 0x8d, 0xe7, 0xbd, 0xae, 0xe6, 0x9d, 0xa1, 0xe4, 0xbb, 0xb6, 0xe6, 0x9c, 0xaa, 0xe6,
    0xbb, 0xa1, 0xe8, 0xb6, 0xb3, 0xe3, 0x80, 0x82, 0x22, 0x3b, 0x20, 0x72, 0x65, 0x74, 0x75, 0x72,
    0x6e, 0x20, 0x31, 0x3b, 0x20, 0x7d, 0x0a, 0x0a, 0x20, 0x20, 0x63, 0x61, 0x73, 0x65, 0x20, 0x22,
    0x24, 0x28, 0x75, 0x6e, 0x61, 0x6d, 0x65, 0x20, 0x2d, 0x6d, 0x29, 0x22, 0x20, 0x69, 0x6e, 0x0a,
    0x20, 0x20, 0x20, 0x20, 0x78, 0x38, 0x36, 0x5f, 0x36, 0x34, 0x29, 0x20, 0x61, 0x70, 0x69, 0x5f,
    0x61, 0x72, 0x63, 0x68, 0x3d, 0x22, 0x6c, 0x69, 0x6e, 0x75, 0x78, 0x2d, 0x36, 0x34, 0x22, 0x20,
    0x3b, 0x3b, 0x0a, 0x20, 0x20, 0x20, 0x20, 0x61, 0x61, 0x72, 0x63, 0x68, 0x36, 0x34, 0x7c, 0x61,
    0x72, 0x6d, 0x36, 0x34, 0x29, 0x20, 0x61, 0x70, 0x69, 0x5f, 0x61, 0x72, 0x63, 0x68, 0x3d, 0x22,
    0x6c, 0x69, 0x6e, 0x75, 0x78, 0x2d, 0x61, 0x61, 0x72, 0x63, 0x68, 0x36, 0x34, 0x22, 0x20, 0x3b,
    0x3b, 0x0a, 0x20, 0x20, 0x20, 0x20, 0x2a, 0x29, 0x20, 0x77, 0x61, 0x72, 0x6e, 0x20, 0x22, 0xe4,
    0xb8, 0x8d, 0xe6, 0x94, 0xaf, 0xe6, 0x8c, 0x81, 0xe7, 0x9a, 0x84, 0xe6, 0x9e, 0xb6, 0xe6, 0x9e,
    0x84, 0x3a, 0x20, 0x24, 0x28, 0x75, 0x6e, 0x61, 0x6d, 0x65, 0x20, 0x2d, 0x6d, 0x29, 0x22, 0x3b,
    0x20, 0x72, 0x65, 0x74, 0x75, 0x72, 0x6e, 0x20, 0x31, 0x20, 0x3b, 0x3b, 0x0a, 0x20, 0x20, 0x65,
    0x73, 0x61, 0x63, 0x0a, 0x0a, 0x20, 0x20, 0x75, 0x72, 0x6c, 0x3d, 0x22, 0x68, 0x74, 0x74, 0x70,
    0x73, 0x3a, 0x2f, 0x2f, 0x6d, 0x69, 0x63, 0x72, 0x6f, 0x2e, 0x6d, 0x61, 0x6d, 0x62, 0x61, 0x2e,
    0x70, 0x6d, 0x2f, 0x61, 0x70, 0x69, 0x2f, 0x6d, 0x69, 0x63, 0x72, 0x6f, 0x6d, 0x61, 0x6d, 0x62,
    0x61, 0x2f, 0x24, 0x7b, 0x61, 0x70, 0x69, 0x5f, 0x61, 0x72, 0x63, 0x68, 0x7d, 0x2f, 0x6c, 0x61,
    0x74, 0x65, 0x73, 0x74, 0x22, 0x0a, 0x20, 0x20, 0x61, 0x72, 0x63, 0x68, 0x69, 0x76, 0x65, 0x3d,
    0x22, 0x2f, 0x74, 0x6d, 0x70, 0x2f, 0x6d, 0x69, 0x63, 0x72, 0x6f, 0x6d, 0x61, 0x6d, 0x62, 0x61,
    0x2d, 0x24, 0x7b, 0x75, 0x73, 0x65, 0x72, 0x7d, 0x2d, 0x24, 0x7b, 0x61, 0x70, 0x69, 0x5f, 0x61,
    0x72, 0x63, 0x68, 0x7d, 0x2e, 0x74, 0x61, 0x72, 0x2e, 0x62, 0x7a, 0x32, 0x22, 0x0a, 0x20, 0x20,
    0x74, 0x6d, 0x70, 0x64, 0x69, 0x72, 0x3d, 0x22, 0x2f, 0x74, 0x6d, 0x70, 0x2f, 0x6d, 0x69, 0x63,
    0x72, 0x6f, 0x6d, 0x61, 0x6d, 0x62, 0x61, 0x2d, 0x24, 0x7b, 0x75, 0x73, 0x65, 0x72, 0x7d, 0x2d,
    0x65, 0x78, 0x74, 0x72, 0x61, 0x63, 0x74, 0x2d, 0x24, 0x24, 0x22, 0x0a, 0x20, 0x20, 0x62, 0x69,
    0x6e, 0x5f, 0x64, 0x69, 0x72, 0x3d, 0x22, 0x24, 0x68, 0x6f, 0x6d, 0x65, 0x2f, 0x64, 0x61, 0x74,
    0x61, 0x5f, 0x48, 0x44, 0x2f, 0x62, 0x69, 0x6e, 0x22, 0x0a, 0x20, 0x20, 0x62, 0x69, 0x6e, 0x61,
    0x72, 0x79, 0x3d, 0x22, 0x24, 0x62, 0x69, 0x6e, 0x5f, 0x64, 0x69, 0x72, 0x2f, 0x6d, 0x69, 0x63,
    0x72, 0x6f, 0x6d, 0x61, 0x6d, 0x62, 0x61, 0x22, 0x0a, 0x20, 0x20, 0x72, 0x6f, 0x6f, 0x74, 0x5f,
    0x70, 0x72, 0x65, 0x66, 0x69, 0x78, 0x3d, 0x22, 0x24, 0x68, 0x6f, 0x6d, 0x65, 0x2f, 0x64, 0x61,
    0x74, 0x61, 0x5f, 0x48, 0x44, 0x2f, 0x6d, 0x69, 0x63, 0x72, 0x6f, 0x6d, 0x61, 0x6d, 0x62, 0x61,
    0x22, 0x0a, 0x0a, 0x20, 0x20, 0x61, 0x73, 0x5f, 0x6e, 0x61, 0x6d, 0x65, 0x64, 0x5f, 0x75, 0x73,
    0x65, 0x72, 0x20, 0x22, 0x24, 0x75, 0x73, 0x65, 0x72, 0x22, 0x20, 0x6d, 0x6b, 0x64, 0x69, 0x72,
    0x20, 0x2d, 0x70, 0x20, 0x22, 0x24, 0x62, 0x69, 0x6e, 0x5f, 0x64, 0x69, 0x72, 0x22, 0x20, 0x22,
    0x24, 0x72, 0x6f, 0x6f, 0x74, 0x5f, 0x70, 0x72, 0x65, 0x66, 0x69, 0x78, 0x22, 0x0a, 0x20, 0x20,
    0x69, 0x66, 0x20, 0x5b, 0x5b, 0x20, 0x21, 0x20, 0x2d, 0x78, 0x20, 0x22, 0x24, 0x62, 0x69, 0x6e,
    0x61, 0x72, 0x79, 0x22, 0x20, 0x5d, 0x5d, 0x3b, 0x20, 0x74, 0x68, 0x65, 0x6e, 0x0a, 0x20, 0x20,
    0x20, 0x20, 0x69, 0x66, 0x20, 0x28, 0x28, 0x20, 0x44, 0x52, 0x59, 0x5f, 0x52, 0x55, 0x4e, 0x20,
    0x29, 0x29, 0x3b, 0x20, 0x74, 0x68, 0x65, 0x6e, 0x0a, 0x20, 0x20, 0x20, 0x20, 0x20, 0x20, 0x70,
    0x72, 0x69, 0x6e, 0x74, 0x66, 0x20, 0x27, 0x5b, 0x64, 0x72, 0x79, 0x2d, 0x72, 0x75, 0x6e, 0x5d,
    0x20, 0x63, 0x75, 0x72, 0x6c, 0x20, 0x2d, 0x66, 0x4c, 0x20, 0x25, 0x71, 0x20, 0x2d, 0x6f, 0x20,
    0x25, 0x71, 0x5c, 0x6e, 0x27, 0x20, 0x22, 0x24, 0x75, 0x72, 0x6c, 0x22, 0x20, 0x22, 0x24, 0x61,
    0x72, 0x63, 0x68, 0x69, 0x76, 0x65, 0x22, 0x0a, 0x20, 0x20, 0x20, 0x20, 0x20, 0x20, 0x70, 0x72,
    0x69, 0x6e, 0x74, 0x66, 0x20, 0x27, 0x5b, 0x64, 0x72, 0x79, 0x2d, 0x72, 0x75, 0x6e, 0x5d, 0x20,
    0x65, 0x78, 0x74, 0x72, 0x61, 0x63, 0x74, 0x20, 0x62, 0x69, 0x6e, 0x2f, 0x6d, 0x69, 0x63, 0x72,
    0x6f, 0x6d, 0x61, 0x6d, 0x62, 0x61, 0x20, 0x61, 0x6e, 0x64, 0x20, 0x69, 0x6e, 0x73, 0x74, 0x61,
    0x6c, 0x6c, 0x20, 0x74, 0x6f, 0x20, 0x25, 0x71, 0x20, 0x61, 0x73, 0x20, 0x25, 0x71, 0x5c, 0x6e,
    0x27, 0x20, 0x22, 0x24, 0x62, 0x69, 0x6e, 0x61, 0x72, 0x79, 0x22, 0x20, 0x22, 0x24, 0x75, 0x73,
    0x65, 0x72, 0x22, 0x0a, 0x20, 0x20, 0x20, 0x20, 0x65, 0x6c, 0x73, 0x65, 0x0a, 0x20, 0x20, 0x20,
    0x20, 0x20, 0x20, 0x63, 0x75, 0x72, 0x6c, 0x20, 0x2d, 0x66, 0x4c, 0x20, 0x22, 0x24, 0x75, 0x72,
    0x6c, 0x22, 0x20, 0x2d, 0x6f, 0x20, 0x22, 0x24, 0x61, 0x72, 0x63, 0x68, 0x69, 0x76, 0x65, 0x22,
    0x0a, 0x20, 0x20, 0x20, 0x20, 0x20, 0x20, 0x72, 0x6d, 0x20, 0x2d, 0x72, 0x66, 0x20, 0x22, 0x24,
    0x74, 0x6d, 0x70, 0x64, 0x69, 0x72, 0x22, 0x0a, 0x20, 0x20, 0x20, 0x20, 0x20, 0x20, 0x6d, 0x6b,
    0x64, 0x69, 0x72, 0x20, 0x2d, 0x70, 0x20, 0x22, 0x24, 0x74, 0x6d, 0x70, 0x64, 0x69, 0x72, 0x22,
    0x0a, 0x20, 0x20, 0x20, 0x20, 0x20, 0x20, 0x74, 0x61, 0x72, 0x20, 0x2d, 0x78, 0x6a, 0x66, 0x20,
    0x22, 0x24, 0x61, 0x72, 0x63, 0x68, 0x69, 0x76, 0x65, 0x22, 0x20, 0x2d, 0x43, 0x20, 0x22, 0x24,
    0x74, 0x6d, 0x70, 0x64, 0x69, 0x72, 0x22, 0x20, 0x62, 0x69, 0x6e, 0x2f, 0x6d, 0x69, 0x63, 0x72,
    0x6f, 0x6d, 0x61, 0x6d, 0x62, 0x61, 0x0a, 0x20, 0x20, 0x20, 0x20, 0x20, 0x20, 0x69, 0x66, 0x20,
    0x5b, 0x5b, 0x20, 0x22, 0x24, 0x75, 0x73, 0x65, 0x72, 0x22, 0x20, 0x3d, 0x3d, 0x20, 0x22, 0x72,
    0x6f, 0x6f, 0x74, 0x22, 0x20, 0x5d, 0x5d, 0x3b, 0x20, 0x74, 0x68, 0x65, 0x6e, 0x0a, 0x20, 0x20,
    0x20, 0x20, 0x20, 0x20, 0x20, 0x20, 0x69, 0x6e, 0x73, 0x74, 0x61, 0x6c, 0x6c, 0x20, 0x2d, 0x6d,
    0x20, 0x30, 0x37, 0x35, 0x35, 0x20, 0x22, 0x24, 0x74, 0x6d, 0x70, 0x64, 0x69, 0x72, 0x2f, 0x62,
    0x69, 0x6e, 0x2f, 0x6d, 0x69, 0x63, 0x72, 0x6f, 0x6d, 0x61, 0x6d, 0x62, 0x61, 0x22, 0x20, 0x22,
    0x24, 0x62, 0x69, 0x6e, 0x61, 0x72, 0x79, 0x22, 0x0a, 0x20, 0x20, 0x20, 0x20, 0x20, 0x20, 0x65,
    0x6c, 0x73, 0x65, 0x0a, 0x20, 0x20, 0x20, 0x20, 0x20, 0x20, 0x20, 0x20, 0x69, 0x6e, 0x73, 0x74,
    0x61, 0x6c, 0x6c, 0x20, 0x2d, 0x6f, 0x20, 0x22, 0x24, 0x75, 0x73, 0x65, 0x72, 0x22, 0x20, 0x2d,
    0x67, 0x20, 0x22, 0x24, 0x67, 0x72, 0x6f, 0x75, 0x70, 0x22, 0x20, 0x2d, 0x6d, 0x20, 0x30, 0x37,
    0x35, 0x35, 0x20, 0x22, 0x24, 0x74, 0x6d, 0x70, 0x64, 0x69, 0x72, 0x2f, 0x62, 0x69, 0x6e, 0x2f,
    0x6d, 0x69, 0x63, 0x72, 0x6f, 0x6d, 0x61, 0x6d, 0x62, 0x61, 0x22, 0x20, 0x22, 0x24, 0x62, 0x69,
    0x6e, 0x61, 0x72, 0x79, 0x22, 0x0a, 0x20, 0x20, 0x20, 0x20, 0x20, 0x20, 0x66, 0x69, 0x0a, 0x20,
    0x20, 0x20, 0x20, 0x20, 0x20, 0x72, 0x6d, 0x20, 0x2d, 0x72, 0x66, 0x20, 0x22, 0x24, 0x74, 0x6d,
    0x70, 0x64, 0x69, 0x72, 0x22, 0x20, 0x22, 0x24, 0x61, 0x72, 0x63, 0x68, 0x69, 0x76, 0x65, 0x22,
    0x0a, 0x20, 0x20, 0x20, 0x20, 0x66, 0x69, 0x0a, 0x20, 0x20, 0x66, 0x69, 0x0a, 0x0a, 0x20, 0x20,
    0x61, 0x70, 0x70, 0x65, 0x6e, 0x64, 0x5f, 0x6e, 0x61, 0x6d, 0x65, 0x64, 0x5f, 0x75, 0x73, 0x65,
    0x72, 0x5f, 0x6c, 0x69, 0x6e, 0x65, 0x5f, 0x6f, 0x6e, 0x63, 0x65, 0x20, 0x22, 0x24, 0x75, 0x73,
    0x65, 0x72, 0x22, 0x20, 0x22, 0x24, 0x68, 0x6f, 0x6d, 0x65, 0x2f, 0x2e, 0x62, 0x61, 0x73, 0x68,
    0x72, 0x63, 0x22, 0x20, 0x27, 0x65, 0x78, 0x70, 0x6f, 0x72, 0x74, 0x20, 0x50, 0x41, 0x54, 0x48,
    0x3d, 0x22, 0x24, 0x48, 0x4f, 0x4d, 0x45, 0x2f, 0x64, 0x61, 0x74, 0x61, 0x5f, 0x48, 0x44, 0x2f,
    0x62, 0x69, 0x6e, 0x3a, 0x24, 0x50, 0x41, 0x54, 0x48, 0x22, 0x27, 0x0a, 0x20, 0x20, 0x61, 0x73,
    0x5f, 0x6e, 0x61, 0x6d, 0x65, 0x64, 0x5f, 0x75, 0x73, 0x65, 0x72, 0x20, 0x22, 0x24, 0x75, 0x73,
    0x65, 0x72, 0x22, 0x20, 0x65, 0x6e, 0x76, 0x20, 0x4d, 0x41, 0x4d, 0x42, 0x41, 0x5f, 0x52, 0x4f,
    0x4f, 0x54, 0x5f, 0x50, 0x52, 0x45, 0x46, 0x49, 0x58, 0x3d, 0x22, 0x24, 0x72, 0x6f, 0x6f, 0x74,
    0x5f, 0x70, 0x72, 0x65, 0x66, 0x69, 0x78, 0x22, 0x20, 0x22, 0x24, 0x62, 0x69, 0x6e, 0x61, 0x72,
    0x79, 0x22, 0x20, 0x73, 0x68, 0x65, 0x6c, 0x6c, 0x20, 0x69, 0x6e, 0x69, 0x74, 0x20, 0x2d, 0x73,
    0x20, 0x62, 0x61, 0x73, 0x68, 0x20, 0x2d, 0x72, 0x20, 0x22, 0x24, 0x72, 0x6f, 0x6f, 0x74, 0x5f,
    0x70, 0x72, 0x65, 0x66, 0x69, 0x78, 0x22, 0x0a, 0x20, 0x20, 0x61, 0x73, 0x5f, 0x6e, 0x61, 0x6d,
    0x65, 0x64, 0x5f, 0x75, 0x73, 0x65, 0x72, 0x20, 0x22, 0x24, 0x75, 0x73, 0x65, 0x72, 0x22, 0x20,
    0x65, 0x6e, 0x76, 0x20, 0x4d, 0x41, 0x4d, 0x42, 0x41, 0x5f, 0x52, 0x4f, 0x4f, 0x54, 0x5f, 0x50,
    0x52, 0x45, 0x46, 0x49, 0x58, 0x3d, 0x22, 0x24, 0x72, 0x6f, 0x6f, 0x74, 0x5f, 0x70, 0x72, 0x65,
    0x66, 0x69, 0x78, 0x22, 0x20, 0x22, 0x24, 0x62, 0x69, 0x6e, 0x61, 0x72, 0x79, 0x22, 0x20, 0x63,
    0x6f, 0x6e, 0x66, 0x69, 0x67, 0x20, 0x73, 0x65, 0x74, 0x20, 0x75, 0x73, 0x65, 0x5f, 0x73, 0x68,
    0x61, 0x72, 0x64, 0x65, 0x64, 0x5f, 0x72, 0x65, 0x70, 0x6f, 0x64, 0x61, 0x74, 0x61, 0x20, 0x66,
    0x61, 0x6c, 0x73, 0x65, 0x0a, 0x20, 0x20, 0x61, 0x73, 0x5f, 0x6e, 0x61, 0x6d, 0x65, 0x64, 0x5f,
    0x75, 0x73, 0x65, 0x72, 0x20, 0x22, 0x24, 0x75, 0x73, 0x65, 0x72, 0x22, 0x20, 0x6d, 0x6b, 0x64,
    0x69, 0x72, 0x20, 0x2d, 0x70, 0x20, 0x22, 0x24, 0x68, 0x6f, 0x6d, 0x65, 0x2f, 0x2e, 0x63, 0x6f,
    0x6e, 0x66, 0x69, 0x67, 0x2f, 0x62, 0x69, 0x6f, 0x69, 0x6e, 0x66, 0x6f, 0x2d, 0x73, 0x65, 0x74,
    0x75, 0x70, 0x22, 0x0a, 0x20, 0x20, 0x77, 0x72, 0x69, 0x74, 0x65, 0x5f, 0x6e, 0x61, 0x6d, 0x65,
    0x64, 0x5f, 0x75, 0x73, 0x65, 0x72, 0x5f, 0x66, 0x69, 0x6c, 0x65, 0x20, 0x22, 0x24, 0x75, 0x73,
    0x65, 0x72, 0x22, 0x20, 0x22, 0x24, 0x68, 0x6f, 0x6d, 0x65, 0x2f, 0x2e, 0x63, 0x6f, 0x6e, 0x66,
    0x69, 0x67, 0x2f, 0x62, 0x69, 0x6f, 0x69, 0x6e, 0x66, 0x6f, 0x2d, 0x73, 0x65, 0x74, 0x75, 0x70,
    0x2f, 0x6d, 0x69, 0x63, 0x72, 0x6f, 0x6d, 0x61, 0x6d, 0x62, 0x61, 0x2e, 0x62, 0x69, 0x6e, 0x22,
    0x20, 0x22, 0x24, 0x62, 0x69, 0x6e, 0x61, 0x72, 0x79, 0x22, 0x0a, 0x0a, 0x20, 0x20, 0x69, 0x66,
    0x20, 0x28, 0x28, 0x20, 0x44, 0x52, 0x59, 0x5f, 0x52, 0x55, 0x4e, 0x20, 0x3d, 0x3d, 0x20, 0x30,
    0x20, 0x29, 0x29, 0x3b, 0x20, 0x74, 0x68, 0x65, 0x6e, 0x0a, 0x20, 0x20, 0x20, 0x20, 0x61, 0x73,
    0x5f, 0x6e, 0x61, 0x6d, 0x65, 0x64, 0x5f, 0x75, 0x73, 0x65, 0x72, 0x20, 0x22, 0x24, 0x75, 0x73,
    0x65, 0x72, 0x22, 0x20, 0x22, 0x24, 0x62, 0x69, 0x6e, 0x61, 0x72, 0x79, 0x22, 0x20, 0x2d, 0x2d,
    0x76, 0x65, 0x72, 0x73, 0x69, 0x6f, 0x6e, 0x0a, 0x20, 0x20, 0x66, 0x69, 0x0a, 0x20, 0x20, 0x6c,
    0x6f, 0x67, 0x20, 0x22, 0x6d, 0x69, 0x63, 0x72, 0x6f, 0x6d, 0x61, 0x6d, 0x62, 0x61, 0x20, 0xe5,
    0xae, 0x89, 0xe8, 0xa3, 0x85, 0xe5, 0xae, 0x8c, 0xe6, 0x88, 0x90, 0x3a, 0x20, 0x75, 0x73, 0x65,
    0x72, 0x3d, 0x24, 0x75, 0x73, 0x65, 0x72, 0x20, 0x62, 0x69, 0x6e, 0x61, 0x72, 0x79, 0x3d, 0x24,
    0x62, 0x69, 0x6e, 0x61, 0x72, 0x79, 0x22, 0x0a, 0x7d, 0x0a, 0x0a, 0x69, 0x6e, 0x73, 0x74, 0x61,
    0x6c, 0x6c, 0x5f, 0x6d, 0x69, 0x63, 0x72, 0x6f, 0x6d, 0x61, 0x6d, 0x62, 0x61, 0x5f, 0x61, 0x63,
    0x63, 0x6f, 0x75, 0x6e, 0x74, 0x5f, 0x6d, 0x65, 0x6e, 0x75, 0x28, 0x29, 0x20, 0x7b, 0x0a, 0x20,
    0x20, 0x6c, 0x6f, 0x63, 0x61, 0x6c, 0x20, 0x63, 0x68, 0x6f, 0x69, 0x63, 0x65, 0x20, 0x75, 0x73,
    0x65, 0x72, 0x0a, 0x20, 0x20, 0x70, 0x72, 0x69, 0x6e, 0x74, 0x66, 0x20, 0x27, 0x5c, 0x6e, 0x6d,
    0x69, 0x63, 0x72, 0x6f, 0x6d, 0x61, 0x6d, 0x62, 0x61, 0x20, 0xe5, 0xae, 0x89, 0xe8, 0xa3, 0x85,
    0xe5, 0xaf, 0xb9, 0xe8, 0xb1, 0xa1, 0xef, 0xbc, 0x9a, 0x5c, 0x6e, 0x27, 0x0a, 0x20, 0x20, 0x70,
    0x72, 0x69, 0x6e, 0x74, 0x66, 0x20, 0x27, 0x31, 0x29, 0x20, 0x72, 0x6f, 0x6f, 0x74, 0x20, 0xe7,
    0x94, 0xa8, 0xe6, 0x88, 0xb7, 0x5c, 0x6e, 0x27, 0x0a, 0x20, 0x20, 0x70, 0x72, 0x69, 0x6e, 0x74,
    0x66, 0x20, 0x27, 0x32, 0x29, 0x20, 0xe6, 0x8c, 0x87, 0xe5, 0xae, 0x9a, 0xe6, 0x99, 0xae, 0xe9,
    0x80, 0x9a, 0xe7, 0x94, 0xa8, 0xe6, 0x88, 0xb7, 0x5c, 0x6e, 0x27, 0x0a, 0x20, 0x20, 0x70, 0x72,
    0x69, 0x6e, 0x74, 0x66, 0x20, 0x27, 0x30, 0x29, 0x20, 0xe5, 0x8f, 0x96, 0xe6, 0xb6, 0x88, 0x5c,
    0x6e, 0x27, 0x0a, 0x20, 0x20, 0x72, 0x65, 0x61, 0x64, 0x20, 0x2d, 0x72, 0x20, 0x2d, 0x70, 0x20,
    0x22, 0xe9, 0x80, 0x89, 0xe6, 0x8b, 0xa9, 0x20, 0x5b, 0x31, 0x5d, 0x3a, 0x20, 0x22, 0x20, 0x63,
    0x68, 0x6f, 0x69, 0x63, 0x65, 0x0a, 0x20, 0x20, 0x63, 0x68, 0x6f, 0x69, 0x63, 0x65, 0x3d, 0x22,
    0x24, 0x7b, 0x63, 0x68, 0x6f, 0x69, 0x63, 0x65, 0x3a, 0x2d, 0x31, 0x7d, 0x22, 0x0a, 0x0a, 0x20,
    0x20, 0x63, 0x61, 0x73, 0x65, 0x20, 0x22, 0x24, 0x63, 0x68, 0x6f, 0x69, 0x63, 0x65, 0x22, 0x20,
    0x69, 0x6e, 0x0a, 0x20, 0x20, 0x20, 0x20, 0x31, 0x29, 0x20, 0x75, 0x73, 0x65, 0x72, 0x3d, 0x22,
    0x72, 0x6f, 0x6f, 0x74, 0x22, 0x20, 0x3b, 0x3b, 0x0a, 0x20, 0x20, 0x20, 0x20, 0x32, 0x29, 0x0a,
    0x20, 0x20, 0x20, 0x20, 0x20, 0x20, 0x72, 0x65, 0x61, 0x64, 0x20, 0x2d, 0x72, 0x20, 0x2d, 0x70,
    0x20, 0x22, 0xe6, 0x99, 0xae, 0xe9, 0x80, 0x9a, 0xe7, 0x94, 0xa8, 0xe6, 0x88, 0xb7, 0xe5, 0x90,
    0x8d, 0x3a, 0x20, 0x22, 0x20, 0x75, 0x73, 0x65, 0x72, 0x0a, 0x20, 0x20, 0x20, 0x20, 0x20, 0x20,
    0x5b, 0x5b, 0x20, 0x22, 0x24, 0x75, 0x73, 0x65, 0x72, 0x22, 0x20, 0x21, 0x3d, 0x20, 0x22, 0x72,
    0x6f, 0x6f, 0x74, 0x22, 0x20, 0x5d, 0x5d, 0x20, 0x7c, 0x7c, 0x20, 0x7b, 0x20, 0x77, 0x61, 0x72,
    0x6e, 0x20, 0x22, 0xe6, 0x99, 0xae, 0xe9, 0x80, 0x9a, 0xe7, 0x94, 0xa8, 0xe6, 0x88, 0xb7, 0xe5,
    0x85, 0xa5, 0xe5, 0x8f, 0xa3, 0xe4, 0xb8, 0x8d, 0xe8, 0x83, 0xbd, 0xe5, 0xa1, 0xab, 0x20, 0x72,
    0x6f, 0x6f, 0x74, 0xe3, 0x80, 0x82, 0x22, 0x3b, 0x20, 0x72, 0x65, 0x74, 0x75, 0x72, 0x6e, 0x20,
    0x31, 0x3b, 0x20, 0x7d, 0x0a, 0x20, 0x20, 0x20, 0x20, 0x20, 0x20, 0x3b, 0x3b, 0x0a, 0x20, 0x20,
    0x20, 0x20, 0x30, 0x29, 0x20, 0x72, 0x65, 0x74, 0x75, 0x72, 0x6e, 0x20, 0x30, 0x20, 0x3b, 0x3b,
    0x0a, 0x20, 0x20, 0x20, 0x20, 0x2a, 0x29, 0x20, 0x77, 0x61, 0x72, 0x6e, 0x20, 0x22, 0xe6, 0x97,
    0xa0, 0xe6, 0x95, 0x88, 0xe9, 0x80, 0x89, 0xe6, 0x8b, 0xa9, 0xe3, 0x80, 0x82, 0x22, 0x3b, 0x20,
    0x72, 0x65, 0x74, 0x75, 0x72, 0x6e, 0x20, 0x31, 0x20, 0x3b, 0x3b, 0x0a, 0x20, 0x20, 0x65, 0x73,
    0x61, 0x63, 0x0a, 0x0a, 0x20, 0x20, 0x69, 0x6e, 0x73, 0x74, 0x61, 0x6c, 0x6c, 0x5f, 0x6d, 0x69,
    0x63, 0x72, 0x6f, 0x6d, 0x61, 0x6d, 0x62, 0x61, 0x5f, 0x66, 0x6f, 0x72, 0x5f, 0x61, 0x63, 0x63,
    0x6f, 0x75, 0x6e, 0x74, 0x20, 0x22, 0x24, 0x75, 0x73, 0x65, 0x72, 0x22, 0x0a, 0x7d, 0x0a, 0x0a,
    0x69, 0x6e, 0x73, 0x74, 0x61, 0x6c, 0x6c, 0x5f, 0x6d, 0x65, 0x74, 0x61, 0x77, 0x72, 0x61, 0x70,
    0x5f, 0x66, 0x6f, 0x72, 0x5f, 0x61, 0x63, 0x63, 0x6f, 0x75, 0x6e, 0x74, 0x28, 0x29, 0x20, 0x7b,
    0x0a, 0x20, 0x20, 0x6c, 0x6f, 0x63, 0x61, 0x6c, 0x20, 0x75, 0x73, 0x65, 0x72, 0x3d, 0x22, 0x24,
    0x31, 0x22, 0x20, 0x68, 0x6f, 0x6d, 0x65, 0x20, 0x63, 0x6f, 0x6e, 0x64, 0x61, 0x5f, 0x62, 0x69,
    0x6e, 0x20, 0x65, 0x6e, 0x76, 0x5f, 0x6e, 0x61, 0x6d, 0x65, 0x3d, 0x22, 0x6d, 0x65, 0x74, 0x61,
    0x57, 0x52, 0x41, 0x50, 0x22, 0x0a, 0x0a, 0x20, 0x20, 0x76, 0x61, 0x6c, 0x69, 0x64, 0x61, 0x74,
    0x65, 0x5f, 0x73, 0x69, 0x6d, 0x70, 0x6c, 0x65, 0x5f, 0x6e, 0x61, 0x6d, 0x65, 0x20, 0x22, 0x24,
    0x75, 0x73, 0x65, 0x72, 0x22, 0x20, 0x7c, 0x7c, 0x20, 0x7b, 0x20, 0x77, 0x61, 0x72, 0x6e, 0x20,
    0x22, 0xe7, 0x94, 0xa8, 0xe6, 0x88, 0xb7, 0xe5, 0x90, 0x8d, 0xe6, 0xa0, 0xbc, 0xe5, 0xbc, 0x8f,
    0xe4, 0xb8, 0x8d, 0xe5, 0x90, 0x88, 0xe6, 0xb3, 0x95, 0xe3, 0x80, 0x82, 0x22, 0x3b, 0x20, 0x72,
    0x65, 0x74, 0x75, 0x72, 0x6e, 0x20, 0x31, 0x3b, 0x20, 0x7d, 0x0a, 0x20, 0x20, 0x69, 0x64, 0x20,
    0x22, 0x24, 0x75, 0x73, 0x65, 0x72, 0x22, 0x20, 0x3e, 0x2f, 0x64, 0x65, 0x76, 0x2f, 0x6e, 0x75,
    0x6c, 0x6c, 0x20, 0x32, 0x3e, 0x26, 0x31, 0x20, 0x7c, 0x7c, 0x20, 0x7b, 0x20, 0x77, 0x61, 0x72,
    0x6e, 0x20, 0x22, 0xe7, 0x94, 0xa8, 0xe6, 0x88, 0xb7, 0x20, 0x24, 0x75, 0x73, 0x65, 0x72, 0x20,
    0xe4, 0xb8, 0x8d, 0xe5, 0xad, 0x98, 0xe5, 0x9c, 0xa8, 0xe3, 0x80, 0x82, 0x22, 0x3b, 0x20, 0x72,
    0x65, 0x74, 0x75, 0x72, 0x6e, 0x20, 0x31, 0x3b, 0x20, 0x7d, 0x0a, 0x0a, 0x20, 0x20, 0x68, 0x6f,
    0x6d, 0x65, 0x3d, 0x22, 0x24, 0x28, 0x67, 0x65, 0x74, 0x65, 0x6e, 0x74, 0x20, 0x70, 0x61, 0x73,
    0x73, 0x77, 0x64, 0x20, 0x22, 0x24, 0x75, 0x73, 0x65, 0x72, 0x22, 0x20, 0x32, 0x3e, 0x2f, 0x64,
    0x65, 0x76, 0x2f, 0x6e, 0x75, 0x6c, 0x6c, 0x20, 0x7c, 0x20, 0x63, 0x75, 0x74, 0x20, 0x2d, 0x64,
    0x3a, 0x20, 0x2d, 0x66, 0x36, 0x20, 0x7c, 0x7c, 0x20, 0x74, 0x72, 0x75, 0x65, 0x29, 0x22, 0x0a,
    0x20, 0x20, 0x5b, 0x5b, 0x20, 0x2d, 0x6e, 0x20, 0x22, 0x24, 0x68, 0x6f, 0x6d, 0x65, 0x22, 0x20,
    0x5d, 0x5d, 0x20, 0x7c, 0x7c, 0x20, 0x7b, 0x20, 0x77, 0x61, 0x72, 0x6e, 0x20, 0x22, 0xe6, 0x97,
    0xa0, 0xe6, 0xb3, 0x95, 0xe8, 0xaf, 0xbb, 0xe5, 0x8f, 0x96, 0xe7, 0x94, 0xa8, 0xe6, 0x88, 0xb7,
    0x20, 0x24, 0x75, 0x73, 0x65, 0x72, 0x20, 0xe7, 0x9a, 0x84, 0x20, 0x68, 0x6f, 0x6d, 0x65, 0xe3,
    0x80, 0x82, 0x22, 0x3b, 0x20, 0x72, 0x65, 0x74, 0x75, 0x72, 0x6e, 0x20, 0x31, 0x3b, 0x20, 0x7d,
    0x0a, 0x0a, 0x20, 0x20, 0x63, 0x6f, 0x6e, 0x64, 0x61, 0x5f, 0x62, 0x69, 0x6e, 0x3d, 0x22, 0x24,
    0x28, 0x66, 0x69, 0x6e, 0x64, 0x5f, 0x6e, 0x61, 0x6d, 0x65, 0x64, 0x5f, 0x75, 0x73, 0x65, 0x72,
    0x5f, 0x6d, 0x69, 0x6e, 0x69, 0x63, 0x6f, 0x6e, 0x64, 0x61, 0x20, 0x22, 0x24, 0x75, 0x73, 0x65,
    0x72, 0x22, 0x20, 0x32, 0x3e, 0x2f, 0x64, 0x65, 0x76, 0x2f, 0x6e, 0x75, 0x6c, 0x6c, 0x20, 0x7c,
    0x7c, 0x20, 0x74, 0x72, 0x75, 0x65, 0x29, 0x22, 0x0a, 0x20, 0x20, 0x69, 0x66, 0x20, 0x5b, 0x5b,
    0x20, 0x2d, 0x7a, 0x20, 0x22, 0x24, 0x63, 0x6f, 0x6e, 0x64, 0x61, 0x5f, 0x62, 0x69, 0x6e, 0x22,
    0x20, 0x5d, 0x5d, 0x3b, 0x20, 0x74, 0x68, 0x65, 0x6e, 0x0a, 0x20, 0x20, 0x20, 0x20, 0x77, 0x61,
    0x72, 0x6e, 0x20, 0x22, 0xe7, 0x94, 0xa8, 0xe6, 0x88, 0xb7, 0x20, 0x24, 0x75, 0x73, 0x65, 0x72,
    0x20, 0xe5, 0xb0, 0x9a, 0xe6, 0x9c, 0xaa, 0xe6, 0xbb, 0xa1, 0xe8, 0xb6, 0xb3, 0x20, 0x6d, 0x69,
    0x63, 0x72, 0x6f, 0x6d, 0x61, 0x6d, 0x62, 0x61, 0x20, 0xe5, 0x89, 0x8d, 0xe7, 0xbd, 0xae, 0xe6,
    0x9d, 0xa1, 0xe4, 0xbb, 0xb6, 0xef, 0xbc, 0x9b, 0xe5, 0x85, 0x88, 0xe5, 0xae, 0x89, 0xe8, 0xa3,
    0x85, 0x20, 0x6d, 0x69, 0x63, 0x72, 0x6f, 0x6d, 0x61, 0x6d, 0x62, 0x61, 0xef, 0xbc, 0x88, 0xe4,
    0xbc, 0x9a, 0xe8, 0x87, 0xaa, 0xe5, 0x8a, 0xa8, 0xe5, 0xae, 0x89, 0xe8, 0xa3, 0x85, 0x20, 0x4d,
    0x69, 0x6e, 0x69, 0x63, 0x6f, 0x6e, 0x64, 0x61, 0x20, 0xe5, 0x89, 0x8d, 0xe7, 0xbd, 0xae, 0xef,
    0xbc, 0x89, 0xe3, 0x80, 0x82, 0x22, 0x0a, 0x20, 0x20, 0x20, 0x20, 0x69, 0x6e, 0x73, 0x74, 0x61,
    0x6c, 0x6c, 0x5f, 0x6d, 0x69, 0x63, 0x72, 0x6f, 0x6d, 0x61, 0x6d, 0x62, 0x61, 0x5f, 0x66, 0x6f,
    0x72, 0x5f, 0x61, 0x63, 0x63, 0x6f, 0x75, 0x6e, 0x74, 0x20, 0x22, 0x24, 0x75, 0x73, 0x65, 0x72,
    0x22, 0x20, 0x7c, 0x7c, 0x20, 0x72, 0x65, 0x74, 0x75, 0x72, 0x6e, 0x20, 0x31, 0x0a, 0x20, 0x20,
    0x20, 0x20, 0x69, 0x66, 0x20, 0x28, 0x28, 0x20, 0x44, 0x52, 0x59, 0x5f, 0x52, 0x55, 0x4e, 0x20,
    0x29, 0x29, 0x3b, 0x20, 0x74, 0x68, 0x65, 0x6e, 0x0a, 0x20, 0x20, 0x20, 0x20, 0x20, 0x20, 0x63,
    0x6f, 0x6e, 0x64, 0x61, 0x5f, 0x62, 0x69, 0x6e, 0x3d, 0x22, 0x24, 0x68, 0x6f, 0x6d, 0x65, 0x2f,
    0x64, 0x61, 0x74, 0x61, 0x5f, 0x48, 0x44, 0x2f, 0x6d, 0x69, 0x6e, 0x69, 0x63, 0x6f, 0x6e, 0x64,
    0x61, 0x33, 0x2f, 0x62, 0x69, 0x6e, 0x2f, 0x63, 0x6f, 0x6e, 0x64, 0x61, 0x22, 0x0a, 0x20, 0x20,
    0x20, 0x20, 0x65, 0x6c, 0x73, 0x65, 0x0a, 0x20, 0x20, 0x20, 0x20, 0x20, 0x20, 0x63, 0x6f, 0x6e,
    0x64, 0x61, 0x5f, 0x62, 0x69, 0x6e, 0x3d, 0x22, 0x24, 0x28, 0x66, 0x69, 0x6e, 0x64, 0x5f, 0x6e,
    0x61, 0x6d, 0x65, 0x64, 0x5f, 0x75, 0x73, 0x65, 0x72, 0x5f, 0x6d, 0x69, 0x6e, 0x69, 0x63, 0x6f,
    0x6e, 0x64, 0x61, 0x20, 0x22, 0x24, 0x75, 0x73, 0x65, 0x72, 0x22, 0x20, 0x32, 0x3e, 0x2f, 0x64,
    0x65, 0x76, 0x2f, 0x6e, 0x75, 0x6c, 0x6c, 0x20, 0x7c, 0x7c, 0x20, 0x74, 0x72, 0x75, 0x65, 0x29,
    0x22, 0x0a, 0x20, 0x20, 0x20, 0x20, 0x66, 0x69, 0x0a, 0x20, 0x20, 0x66, 0x69, 0x0a, 0x20, 0x20,
    0x5b, 0x5b, 0x20, 0x2d, 0x6e, 0x20, 0x22, 0x24, 0x63, 0x6f, 0x6e, 0x64, 0x61, 0x5f, 0x62, 0x69,
    0x6e, 0x22, 0x20, 0x5d, 0x5d, 0x20, 0x7c, 0x7c, 0x20, 0x7b, 0x20, 0x77, 0x61, 0x72, 0x6e, 0x20,
    0x22, 0xe6, 0x97, 0xa0, 0xe6, 0xb3, 0x95, 0xe6, 0x89, 0xbe, 0xe5, 0x88, 0xb0, 0xe7, 0x94, 0xa8,
    0xe6, 0x88, 0xb7, 0x20, 0x24, 0x75, 0x73, 0x65, 0x72, 0x20, 0xe7, 0x9a, 0x84, 0x20, 0x4d, 0x69,
    0x6e, 0x69, 0x63, 0x6f, 0x6e, 0x64, 0x61, 0x20, 0x63, 0x6f, 0x6e, 0x64, 0x61, 0xe3, 0x80, 0x82,
    0x22, 0x3b, 0x20, 0x72, 0x65, 0x74, 0x75, 0x72, 0x6e, 0x20, 0x31, 0x3b, 0x20, 0x7d, 0x0a, 0x0a,
    0x20, 0x20, 0x69, 0x66, 0x20, 0x28, 0x28, 0x20, 0x44, 0x52, 0x59, 0x5f, 0x52, 0x55, 0x4e, 0x20,
    0x3d, 0x3d, 0x20, 0x30, 0x20, 0x29, 0x29, 0x20, 0x26, 0x26, 0x20, 0x61, 0x73, 0x5f, 0x6e, 0x61,
    0x6d, 0x65, 0x64, 0x5f, 0x75, 0x73, 0x65, 0x72, 0x20, 0x22, 0x24, 0x75, 0x73, 0x65, 0x72, 0x22,
    0x20, 0x22, 0x24, 0x63, 0x6f, 0x6e, 0x64, 0x61, 0x5f, 0x62, 0x69, 0x6e, 0x22, 0x20, 0x65, 0x6e,
    0x76, 0x20, 0x6c, 0x69, 0x73, 0x74, 0x20, 0x32, 0x3e, 0x2f, 0x64, 0x65, 0x76, 0x2f, 0x6e, 0x75,
    0x6c, 0x6c, 0x20, 0x7c, 0x20, 0x61, 0x77, 0x6b, 0x20, 0x27, 0x7b, 0x70, 0x72, 0x69, 0x6e, 0x74,
    0x20, 0x24, 0x31, 0x7d, 0x27, 0x20, 0x7c, 0x20, 0x67, 0x72, 0x65, 0x70, 0x20, 0x2d, 0x46, 0x78,
    0x71, 0x20, 0x22, 0x24, 0x65, 0x6e, 0x76, 0x5f, 0x6e, 0x61, 0x6d, 0x65, 0x22, 0x3b, 0x20, 0x74,
    0x68, 0x65, 0x6e, 0x0a, 0x20, 0x20, 0x20, 0x20, 0x69, 0x6e, 0x66, 0x6f, 0x20, 0x22, 0xe7, 0x94,
    0xa8, 0xe6, 0x88, 0xb7, 0x20, 0x24, 0x75, 0x73, 0x65, 0x72, 0x20, 0xe7, 0x9a, 0x84, 0x20, 0x24,
    0x65, 0x6e, 0x76, 0x5f, 0x6e, 0x61, 0x6d, 0x65, 0x20, 0xe7, 0x8e, 0xaf, 0xe5, 0xa2, 0x83, 0xe5,
    0xb7, 0xb2, 0xe5, 0xad, 0x98, 0xe5, 0x9c, 0xa8, 0xef, 0xbc, 0x8c, 0xe8, 0xb7, 0xb3, 0xe8, 0xbf,
    0x87, 0xe5, 0x88, 0x9b, 0xe5, 0xbb, 0xba, 0xe3, 0x80, 0x82, 0x22, 0x0a, 0x20, 0x20, 0x20, 0x20,
    0x72, 0x65, 0x74, 0x75, 0x72, 0x6e, 0x20, 0x30, 0x0a, 0x20, 0x20, 0x66, 0x69, 0x0a, 0x0a, 0x20,
    0x20, 0x69, 0x6e, 0x66, 0x6f, 0x20, 0x22, 0xe4, 0xb8, 0xba, 0xe8, 0xb4, 0xa6, 0xe5, 0x8f, 0xb7,
    0x20, 0x24, 0x75, 0x73, 0x65, 0x72, 0x20, 0xe5, 0x88, 0x9b, 0xe5, 0xbb, 0xba, 0x20, 0x6d, 0x65,
    0x74, 0x61, 0x57, 0x52, 0x41, 0x50, 0x20, 0x31, 0x2e, 0x33, 0x2e, 0x32, 0x20, 0xe7, 0x8b, 0xac,
    0xe7, 0xab, 0x8b, 0xe7, 0x8e, 0xaf, 0xe5, 0xa2, 0x83, 0xe3, 0x80, 0x82, 0x22, 0x0a, 0x20, 0x20,
    0x69, 0x6e, 0x66, 0x6f, 0x20, 0x22, 0xe6, 0x8c, 0x89, 0x20, 0x6d, 0x65, 0x74, 0x61, 0x57, 0x52,
    0x41, 0x50, 0x20, 0xe4, 0xb8, 0x8a, 0xe6, 0xb8, 0xb8, 0xe5, 0xbb, 0xba, 0xe8, 0xae, 0xae, 0xe4,
    0xbd, 0xbf, 0xe7, 0x94, 0xa8, 0x20, 0x75, 0x72, 0x73, 0x6b, 0x79, 0x20, 0x63, 0x68, 0x61, 0x6e,
    0x6e, 0x65, 0x6c, 0xef, 0xbc, 0x9b, 0xe6, 0x95, 0xb0, 0xe6, 0x8d, 0xae, 0xe5, 0xba, 0x93, 0xe9,
    0x85, 0x8d, 0xe7, 0xbd, 0xae, 0xe4, 0xb8, 0x8d, 0xe5, 0x9c, 0xa8, 0xe6, 0x9c, 0xac, 0xe6, 0xad,
    0xa5, 0xe9, 0xaa, 0xa4, 0xe8, 0x87, 0xaa, 0xe5, 0x8a, 0xa8, 0xe4, 0xb8, 0x8b, 0xe8, 0xbd, 0xbd,
    0xe3, 0x80, 0x82, 0x22, 0x0a, 0x20, 0x20, 0x61, 0x73, 0x5f, 0x6e, 0x61, 0x6d, 0x65, 0x64, 0x5f,
    0x75, 0x73, 0x65, 0x72, 0x20, 0x22, 0x24, 0x75, 0x73, 0x65, 0x72, 0x22, 0x20, 0x22, 0x24, 0x63,
    0x6f, 0x6e, 0x64, 0x61, 0x5f, 0x62, 0x69, 0x6e, 0x22, 0x20, 0x63, 0x72, 0x65, 0x61, 0x74, 0x65,
    0x20, 0x2d, 0x79, 0x20, 0x2d, 0x6e, 0x20, 0x22, 0x24, 0x65, 0x6e, 0x76, 0x5f, 0x6e, 0x61, 0x6d,
    0x65, 0x22, 0x20, 0x2d, 0x2d, 0x6f, 0x76, 0x65, 0x72, 0x72, 0x69, 0x64, 0x65, 0x2d, 0x63, 0x68,
    0x61, 0x6e, 0x6e, 0x65, 0x6c, 0x73, 0x20, 0x5c, 0x0a, 0x20, 0x20, 0x20, 0x20, 0x2d, 0x63, 0x20,
    0x22, 0x24, 0x55, 0x52, 0x53, 0x4b, 0x59, 0x5f, 0x43, 0x48, 0x41, 0x4e, 0x4e, 0x45, 0x4c, 0x22,
    0x20, 0x5c, 0x0a, 0x20, 0x20, 0x20, 0x20, 0x2d, 0x63, 0x20, 0x22, 0x24, 0x54, 0x55, 0x4e, 0x41,
    0x5f, 0x42, 0x49, 0x4f, 0x43, 0x4f, 0x4e, 0x44, 0x41, 0x5f, 0x43, 0x48, 0x41, 0x4e, 0x4e, 0x45,
    0x4c, 0x22, 0x20, 0x5c, 0x0a, 0x20, 0x20, 0x20, 0x20, 0x2d, 0x63, 0x20, 0x22, 0x24, 0x54, 0x55,
    0x4e, 0x41, 0x5f, 0x43, 0x4f, 0x4e, 0x44, 0x41, 0x5f, 0x46, 0x4f, 0x52, 0x47, 0x45, 0x5f, 0x43,
    0x48, 0x41, 0x4e, 0x4e, 0x45, 0x4c, 0x22, 0x20, 0x5c, 0x0a, 0x20, 0x20, 0x20, 0x20, 0x2d, 0x63,
    0x20, 0x22, 0x24, 0x54, 0x55, 0x4e, 0x41, 0x5f, 0x4d, 0x41, 0x49, 0x4e, 0x5f, 0x43, 0x48, 0x41,
    0x4e, 0x4e, 0x45, 0x4c, 0x22, 0x20, 0x5c, 0x0a, 0x20, 0x20, 0x20, 0x20, 0x2d, 0x63, 0x20, 0x22,
    0x24, 0x54, 0x55, 0x4e, 0x41, 0x5f, 0x52, 0x5f, 0x43, 0x48, 0x41, 0x4e, 0x4e, 0x45, 0x4c, 0x22,
    0x20, 0x5c, 0x0a, 0x20, 0x20, 0x20, 0x20, 0x6d, 0x65, 0x74, 0x61, 0x77, 0x72, 0x61, 0x70, 0x2d,
    0x6d, 0x67, 0x3d, 0x31, 0x2e, 0x33, 0x2e, 0x32, 0x20, 0x6d, 0x61, 0x78, 0x62, 0x69, 0x6e, 0x32,
    0x3d, 0x32, 0x2e, 0x32, 0x2e, 0x36, 0x0a, 0x20, 0x20, 0x61, 0x73, 0x5f, 0x6e, 0x61, 0x6d, 0x65,
    0x64, 0x5f, 0x75, 0x73, 0x65, 0x72, 0x20, 0x22, 0x24, 0x75, 0x73, 0x65, 0x72, 0x22, 0x20, 0x22,
    0x24, 0x63, 0x6f, 0x6e, 0x64, 0x61, 0x5f, 0x62, 0x69, 0x6e, 0x22, 0x20, 0x69, 0x6e, 0x73, 0x74,
    0x61, 0x6c, 0x6c, 0x20, 0x2d, 0x79, 0x20, 0x2d, 0x6e, 0x20, 0x22, 0x24, 0x65, 0x6e, 0x76, 0x5f,
    0x6e, 0x61, 0x6d, 0x65, 0x22, 0x20, 0x2d, 0x2d, 0x6f, 0x76, 0x65, 0x72, 0x72, 0x69, 0x64, 0x65,
    0x2d, 0x63, 0x68, 0x61, 0x6e, 0x6e, 0x65, 0x6c, 0x73, 0x20, 0x5c, 0x0a, 0x20, 0x20, 0x20, 0x20,
    0x2d, 0x63, 0x20, 0x22, 0x24, 0x54, 0x55, 0x4e, 0x41, 0x5f, 0x4d, 0x41, 0x49, 0x4e, 0x5f, 0x43,
    0x48, 0x41, 0x4e, 0x4e, 0x45, 0x4c, 0x22, 0x20, 0x5c, 0x0a, 0x20, 0x20, 0x20, 0x20, 0x2d, 0x63,
    0x20, 0x22, 0x24, 0x54, 0x55, 0x4e, 0x41, 0x5f, 0x52, 0x5f, 0x43, 0x48, 0x41, 0x4e, 0x4e, 0x45,
    0x4c, 0x22, 0x20, 0x5c, 0x0a, 0x20, 0x20, 0x20, 0x20, 0x2d, 0x63, 0x20, 0x22, 0x24, 0x54, 0x55,
    0x4e, 0x41, 0x5f, 0x43, 0x4f, 0x4e, 0x44, 0x41, 0x5f, 0x46, 0x4f, 0x52, 0x47, 0x45, 0x5f, 0x43,
    0x48, 0x41, 0x4e, 0x4e, 0x45, 0x4c, 0x22, 0x20, 0x5c, 0x0a, 0x20, 0x20, 0x20, 0x20, 0x62, 0x6c,
    0x61, 0x73, 0x3d, 0x32, 0x2e, 0x35, 0x3d, 0x6d, 0x6b, 0x6c, 0x0a, 0x0a, 0x20, 0x20, 0x69, 0x66,
    0x20, 0x28, 0x28, 0x20, 0x44, 0x52, 0x59, 0x5f, 0x52, 0x55, 0x4e, 0x20, 0x3d, 0x3d, 0x20, 0x30,
    0x20, 0x29, 0x29, 0x3b, 0x20, 0x74, 0x68, 0x65, 0x6e, 0x0a, 0x20, 0x20, 0x20, 0x20, 0x61, 0x73,
    0x5f, 0x6e, 0x61, 0x6d, 0x65, 0x64, 0x5f, 0x75, 0x73, 0x65, 0x72, 0x20, 0x22, 0x24, 0x75, 0x73,
    0x65, 0x72, 0x22, 0x20, 0x22, 0x24, 0x63, 0x6f, 0x6e, 0x64, 0x61, 0x5f, 0x62, 0x69, 0x6e, 0x22,
    0x20, 0x72, 0x75, 0x6e, 0x20, 0x2d, 0x6e, 0x20, 0x22, 0x24, 0x65, 0x6e, 0x76, 0x5f, 0x6e, 0x61,
    0x6d, 0x65, 0x22, 0x20, 0x6d, 0x65, 0x74, 0x61, 0x77, 0x72, 0x61, 0x70, 0x20, 0x2d, 0x2d, 0x68,
    0x65, 0x6c, 0x70, 0x20, 0x3e, 0x2f, 0x64, 0x65, 0x76, 0x2f, 0x6e, 0x75, 0x6c, 0x6c, 0x20, 0x32,
    0x3e, 0x26, 0x31, 0x20, 0x7c, 0x7c, 0x20, 0x7b, 0x0a, 0x20, 0x20, 0x20, 0x20, 0x20, 0x20, 0x77,
    0x61, 0x72, 0x6e, 0x20, 0x22, 0x6d, 0x65, 0x74, 0x61, 0x57, 0x52, 0x41, 0x50, 0x20, 0xe7, 0x8e,
    0xaf, 0xe5, 0xa2, 0x83, 0xe5, 0x88, 0x9b, 0xe5, 0xbb, 0xba, 0xe5, 0xae, 0x8c, 0xe6, 0x88, 0x90,
    0xef, 0xbc, 0x8c, 0xe4, 0xbd, 0x86, 0x20, 0x6d, 0x65, 0x74, 0x61, 0x77, 0x72, 0x61, 0x70, 0x20,
    0x2d, 0x2d, 0x68, 0x65, 0x6c, 0x70, 0x20, 0xe9, 0xaa, 0x8c, 0xe8, 0xaf, 0x81, 0xe5, 0xa4, 0xb1,
    0xe8, 0xb4, 0xa5, 0xef, 0xbc, 0x8c, 0xe8, 0xaf, 0xb7, 0xe6, 0x9f, 0xa5, 0xe7, 0x9c, 0x8b, 0xe6,
    0x97, 0xa5, 0xe5, 0xbf, 0x97, 0xe3, 0x80, 0x82, 0x22, 0x0a, 0x20, 0x20, 0x20, 0x20, 0x20, 0x20,
    0x72, 0x65, 0x74, 0x75, 0x72, 0x6e, 0x20, 0x31, 0x0a, 0x20, 0x20, 0x20, 0x20, 0x7d, 0x0a, 0x20,
    0x20, 0x66, 0x69, 0x0a, 0x0a, 0x20, 0x20, 0x6c, 0x6f, 0x67, 0x20, 0x22, 0x6d, 0x65, 0x74, 0x61,
    0x57, 0x52, 0x41, 0x50, 0x20, 0xe5, 0xae, 0x89, 0xe8, 0xa3, 0x85, 0xe5, 0xae, 0x8c, 0xe6, 0x88,
    0x90, 0x3a, 0x20, 0x75, 0x73, 0x65, 0x72, 0x3d, 0x24, 0x75, 0x73, 0x65, 0x72, 0x20, 0x65, 0x6e,
    0x76, 0x3d, 0x24, 0x65, 0x6e, 0x76, 0x5f, 0x6e, 0x61, 0x6d, 0x65, 0x22, 0x0a, 0x20, 0x20, 0x69,
    0x6e, 0x66, 0x6f, 0x20, 0x22, 0xe7, 0x94, 0xa8, 0xe6, 0x88, 0xb7, 0xe7, 0x99, 0xbb, 0xe5, 0xbd,
    0x95, 0xe5, 0x90, 0x8e, 0xe5, 0x8f, 0xaf, 0xe6, 0x89, 0xa7, 0xe8, 0xa1, 0x8c, 0x3a, 0x20, 0x63,
    0x6f, 0x6e, 0x64, 0x61, 0x20, 0x61, 0x63, 0x74, 0x69, 0x76, 0x61, 0x74, 0x65, 0x20, 0x24, 0x65,
    0x6e, 0x76, 0x5f, 0x6e, 0x61, 0x6d, 0x65, 0x22, 0x0a, 0x7d, 0x0a, 0x0a, 0x69, 0x6e, 0x73, 0x74,
    0x61, 0x6c, 0x6c, 0x5f, 0x6d, 0x65, 0x74, 0x61, 0x77, 0x72, 0x61, 0x70, 0x5f, 0x66, 0x6f, 0x72,
    0x5f, 0x75, 0x73, 0x65, 0x72, 0x28, 0x29, 0x20, 0x7b, 0x0a, 0x20, 0x20, 0x6c, 0x6f, 0x63, 0x61,
    0x6c, 0x20, 0x75, 0x73, 0x65, 0x72, 0x3d, 0x22, 0x22, 0x0a, 0x20, 0x20, 0x72, 0x65, 0x61, 0x64,
    0x20, 0x2d, 0x72, 0x20, 0x2d, 0x70, 0x20, 0x22, 0xe5, 0xae, 0x89, 0xe8, 0xa3, 0x85, 0x20, 0x6d,
    0x65, 0x74, 0x61, 0x57, 0x52, 0x41, 0x50, 0x20, 0xe7, 0x9a, 0x84, 0xe6, 0x99, 0xae, 0xe9, 0x80,
    0x9a, 0xe7, 0x94, 0xa8, 0xe6, 0x88, 0xb7, 0xe5, 0x90, 0x8d, 0x3a, 0x20, 0x22, 0x20, 0x75, 0x73,
    0x65, 0x72, 0x0a, 0x20, 0x20, 0x76, 0x61, 0x6c, 0x69, 0x64, 0x61, 0x74, 0x65, 0x5f, 0x73, 0x69,
    0x6d, 0x70, 0x6c, 0x65, 0x5f, 0x6e, 0x61, 0x6d, 0x65, 0x20, 0x22, 0x24, 0x75, 0x73, 0x65, 0x72,
    0x22, 0x20, 0x7c, 0x7c, 0x20, 0x7b, 0x20, 0x77, 0x61, 0x72, 0x6e, 0x20, 0x22, 0xe7, 0x94, 0xa8,
    0xe6, 0x88, 0xb7, 0xe5, 0x90, 0x8d, 0xe6, 0xa0, 0xbc, 0xe5, 0xbc, 0x8f, 0xe4, 0xb8, 0x8d, 0xe5,
    0x90, 0x88, 0xe6, 0xb3, 0x95, 0xe3, 0x80, 0x82, 0x22, 0x3b, 0x20, 0x72, 0x65, 0x74, 0x75, 0x72,
    0x6e, 0x20, 0x31, 0x3b, 0x20, 0x7d, 0x0a, 0x20, 0x20, 0x5b, 0x5b, 0x20, 0x22, 0x24, 0x75, 0x73,
    0x65, 0x72, 0x22, 0x20, 0x21, 0x3d, 0x20, 0x22, 0x72, 0x6f, 0x6f, 0x74, 0x22, 0x20, 0x5d, 0x5d,
    0x20, 0x7c, 0x7c, 0x20, 0x7b, 0x20, 0x77, 0x61, 0x72, 0x6e, 0x20, 0x22, 0xe6, 0x99, 0xae, 0xe9,
    0x80, 0x9a, 0xe7, 0x94, 0xa8, 0xe6, 0x88, 0xb7, 0xe5, 0x85, 0xa5, 0xe5, 0x8f, 0xa3, 0xe4, 0xb8,
    0x8d, 0xe8, 0x83, 0xbd, 0xe5, 0xa1, 0xab, 0xe5, 0x86, 0x99, 0x20, 0x72, 0x6f, 0x6f, 0x74, 0xe3,
    0x80, 0x82, 0x22, 0x3b, 0x20, 0x72, 0x65, 0x74, 0x75, 0x72, 0x6e, 0x20, 0x31, 0x3b, 0x20, 0x7d,
    0x0a, 0x20, 0x20, 0x69, 0x6e, 0x73, 0x74, 0x61, 0x6c, 0x6c, 0x5f, 0x6d, 0x65, 0x74, 0x61, 0x77,
    0x72, 0x61, 0x70, 0x5f, 0x66, 0x6f, 0x72, 0x5f, 0x61, 0x63, 0x63, 0x6f, 0x75, 0x6e, 0x74, 0x20,
    0x22, 0x24, 0x75, 0x73, 0x65, 0x72, 0x22, 0x0a, 0x7d, 0x0a, 0x0a, 0x63, 0x72, 0x65, 0x61, 0x74,
    0x65, 0x5f, 0x6d, 0x65, 0x74, 0x61, 0x77, 0x72, 0x61, 0x70, 0x5f, 0x66, 0x6f, 0x72, 0x5f, 0x6c,
    0x6f, 0x67, 0x69, 0x6e, 0x5f, 0x75, 0x73, 0x65, 0x72, 0x28, 0x29, 0x20, 0x7b, 0x0a, 0x20, 0x20,
    0x6c, 0x6f, 0x63, 0x61, 0x6c, 0x20, 0x6d, 0x61, 0x6e, 0x61, 0x67, 0x65, 0x72, 0x5f, 0x74, 0x79,
    0x70, 0x65, 0x3d, 0x22, 0x24, 0x31, 0x22, 0x20, 0x6d, 0x61, 0x6e, 0x61, 0x67, 0x65, 0x72, 0x5f,
    0x62, 0x69, 0x6e, 0x3d, 0x22, 0x24, 0x32, 0x22, 0x20, 0x68, 0x6f, 0x6d, 0x65, 0x3d, 0x22, 0x24,
    0x33, 0x22, 0x20, 0x72, 0x6f, 0x6f, 0x74, 0x5f, 0x70, 0x72, 0x65, 0x66, 0x69, 0x78, 0x3d, 0x22,
    0x24, 0x34, 0x22, 0x20, 0x62, 0x61, 0x73, 0x65, 0x5f, 0x70, 0x72, 0x65, 0x66, 0x69, 0x78, 0x3d,
    0x22, 0x24, 0x35, 0x22, 0x0a, 0x20, 0x20, 0x6c, 0x6f, 0x63, 0x61, 0x6c, 0x20, 0x65, 0x6e, 0x76,
    0x5f, 0x6e, 0x61, 0x6d, 0x65, 0x3d, 0x22, 0x6d, 0x65, 0x74, 0x61, 0x57, 0x52, 0x41, 0x50, 0x22,
    0x20, 0x65, 0x6e, 0x76, 0x5f, 0x65, 0x78, 0x69, 0x73, 0x74, 0x73, 0x3d, 0x30, 0x0a, 0x0a, 0x20,
    0x20, 0x69, 0x66, 0x20, 0x5b, 0x5b, 0x20, 0x22, 0x24, 0x6d, 0x61, 0x6e, 0x61, 0x67, 0x65, 0x72,
    0x5f, 0x74, 0x79, 0x70, 0x65, 0x22, 0x20, 0x3d, 0x3d, 0x20, 0x22, 0x6d, 0x69, 0x63, 0x72, 0x6f,
    0x6d, 0x61, 0x6d, 0x62, 0x61, 0x22, 0x20, 0x5d, 0x5d, 0x3b, 0x20, 0x74, 0x68, 0x65, 0x6e, 0x0a,
    0x20, 0x20, 0x20, 0x20, 0x5b, 0x5b, 0x20, 0x2d, 0x64, 0x20, 0x22, 0x24, 0x72, 0x6f, 0x6f, 0x74,
    0x5f, 0x70, 0x72, 0x65, 0x66, 0x69, 0x78, 0x2f, 0x65, 0x6e, 0x76, 0x73, 0x2f, 0x24, 0x65, 0x6e,
    0x76, 0x5f, 0x6e, 0x61, 0x6d, 0x65, 0x22, 0x20, 0x5d, 0x5d, 0x20, 0x26, 0x26, 0x20, 0x65, 0x6e,
    0x76, 0x5f, 0x65, 0x78, 0x69, 0x73, 0x74, 0x73, 0x3d, 0x31, 0x0a, 0x20, 0x20, 0x65, 0x6c, 0x73,
    0x65, 0x0a, 0x20, 0x20, 0x20, 0x20, 0x5b, 0x5b, 0x20, 0x2d, 0x64, 0x20, 0x22, 0x24, 0x62, 0x61,
    0x73, 0x65, 0x5f, 0x70, 0x72, 0x65, 0x66, 0x69, 0x78, 0x2f, 0x65, 0x6e, 0x76, 0x73, 0x2f, 0x24,
    0x65, 0x6e, 0x76, 0x5f, 0x6e, 0x61, 0x6d, 0x65, 0x22, 0x20, 0x7c, 0x7c, 0x20, 0x2d, 0x64, 0x20,
    0x22, 0x24, 0x68, 0x6f, 0x6d, 0x65, 0x2f, 0x2e, 0x63, 0x6f, 0x6e, 0x64, 0x61, 0x2f, 0x65, 0x6e,
    0x76, 0x73, 0x2f, 0x24, 0x65, 0x6e, 0x76, 0x5f, 0x6e, 0x61, 0x6d, 0x65, 0x22, 0x20, 0x5d, 0x5d,
    0x20, 0x26, 0x26, 0x20, 0x65, 0x6e, 0x76, 0x5f, 0x65, 0x78, 0x69, 0x73, 0x74, 0x73, 0x3d, 0x31,
    0x0a, 0x20, 0x20, 0x66, 0x69, 0x0a, 0x20, 0x20, 0x69, 0x66, 0x20, 0x28, 0x28, 0x20, 0x65, 0x6e,
    0x76, 0x5f, 0x65, 0x78, 0x69, 0x73, 0x74, 0x73, 0x20, 0x29, 0x29, 0x3b, 0x20, 0x74, 0x68, 0x65,
    0x6e, 0x0a, 0x20, 0x20, 0x20, 0x20, 0x69, 0x6e, 0x66, 0x6f, 0x20, 0x22, 0xe7, 0x8e, 0xaf, 0xe5,
    0xa2, 0x83, 0x20, 0x24, 0x65, 0x6e, 0x76, 0x5f, 0x6e, 0x61, 0x6d, 0x65, 0x20, 0xe5, 0xb7, 0xb2,
    0xe5, 0xad, 0x98, 0xe5, 0x9c, 0xa8, 0xef, 0xbc, 0x8c, 0xe8, 0xb7, 0xb3, 0xe8, 0xbf, 0x87, 0xe3,
    0x80, 0x82, 0x22, 0x0a, 0x20, 0x20, 0x20, 0x20, 0x72, 0x65, 0x74, 0x75, 0x72, 0x6e, 0x20, 0x30,
    0x0a, 0x20, 0x20, 0x66, 0x69, 0x0a, 0x0a, 0x20, 0x20, 0x69, 0x66, 0x20, 0x5b, 0x5b, 0x20, 0x22,
    0x24, 0x6d, 0x61, 0x6e, 0x61, 0x67, 0x65, 0x72, 0x5f, 0x74, 0x79, 0x70, 0x65, 0x22, 0x20, 0x3d,
    0x3d, 0x20, 0x22, 0x6d, 0x69, 0x63, 0x72, 0x6f, 0x6d, 0x61, 0x6d, 0x62, 0x61, 0x22, 0x20, 0x5d,
    0x5d, 0x3b, 0x20, 0x74, 0x68, 0x65, 0x6e, 0x0a, 0x20, 0x20, 0x20, 0x20, 0x61, 0x73, 0x5f, 0x6c,
    0x6f, 0x67, 0x69, 0x6e, 0x5f, 0x75, 0x73, 0x65, 0x72, 0x20, 0x65, 0x6e, 0x76, 0x20, 0x4d, 0x41,
    0x4d, 0x42, 0x41, 0x5f, 0x52, 0x4f, 0x4f, 0x54, 0x5f, 0x50, 0x52, 0x45, 0x46, 0x49, 0x58, 0x3d,
    0x22, 0x24, 0x72, 0x6f, 0x6f, 0x74, 0x5f, 0x70, 0x72, 0x65, 0x66, 0x69, 0x78, 0x22, 0x20, 0x22,
    0x24, 0x6d, 0x61, 0x6e, 0x61, 0x67, 0x65, 0x72, 0x5f, 0x62, 0x69, 0x6e, 0x22, 0x20, 0x63, 0x72,
    0x65, 0x61, 0x74, 0x65, 0x20, 0x2d, 0x79, 0x20, 0x2d, 0x6e, 0x20, 0x22, 0x24, 0x65, 0x6e, 0x76,
    0x5f, 0x6e, 0x61, 0x6d, 0x65, 0x22, 0x20, 0x2d, 0x2d, 0x6f, 0x76, 0x65, 0x72, 0x72, 0x69, 0x64,
    0x65, 0x2d, 0x63, 0x68, 0x61, 0x6e, 0x6e, 0x65, 0x6c, 0x73, 0x20, 0x5c, 0x0a, 0x20, 0x20, 0x20,
    0x20, 0x20, 0x20, 0x2d, 0x63, 0x20, 0x22, 0x24, 0x55, 0x52, 0x53, 0x4b, 0x59, 0x5f, 0x43, 0x48,
    0x41, 0x4e, 0x4e, 0x45, 0x4c, 0x22, 0x20, 0x5c, 0x0a, 0x20, 0x20, 0x20, 0x20, 0x20, 0x20, 0x2d,
    0x63, 0x20, 0x22, 0x24, 0x54, 0x55, 0x4e, 0x41, 0x5f, 0x42, 0x49, 0x4f, 0x43, 0x4f, 0x4e, 0x44,
    0x41, 0x5f, 0x43, 0x48, 0x41, 0x4e, 0x4e, 0x45, 0x4c, 0x22, 0x20, 0x5c, 0x0a, 0x20, 0x20, 0x20,
    0x20, 0x20, 0x20, 0x2d, 0x63, 0x20, 0x22, 0x24, 0x54, 0x55, 0x4e, 0x41, 0x5f, 0x43, 0x4f, 0x4e,
    0x44, 0x41, 0x5f, 0x46, 0x4f, 0x52, 0x47, 0x45, 0x5f, 0x43, 0x48, 0x41, 0x4e, 0x4e, 0x45, 0x4c,
    0x22, 0x20, 0x5c, 0x0a, 0x20, 0x20, 0x20, 0x20, 0x20, 0x20, 0x2d, 0x63, 0x20, 0x22, 0x24, 0x54,
    0x55, 0x4e, 0x41, 0x5f, 0x4d, 0x41, 0x49, 0x4e, 0x5f, 0x43, 0x48, 0x41, 0x4e, 0x4e, 0x45, 0x4c,
    0x22, 0x20, 0x5c, 0x0a, 0x20, 0x20, 0x20, 0x20, 0x20, 0x20, 0x2d, 0x63, 0x20, 0x22, 0x24, 0x54,
    0x55, 0x4e, 0x41, 0x5f, 0x52, 0x5f, 0x43, 0x48, 0x41, 0x4e, 0x4e, 0x45, 0x4c, 0x22, 0x20, 0x5c,
    0x0a, 0x20, 0x20, 0x20, 0x20, 0x20, 0x20, 0x6d, 0x65, 0x74, 0x61, 0x77, 0x72, 0x61, 0x70, 0x2d,
    0x6d, 0x67, 0x3d, 0x31, 0x2e, 0x33, 0x2e, 0x32, 0x20, 0x6d, 0x61, 0x78, 0x62, 0x69, 0x6e, 0x32,
    0x3d, 0x32, 0x2e, 0x32, 0x2e, 0x36, 0x0a, 0x20, 0x20, 0x20, 0x20, 0x61, 0x73, 0x5f, 0x6c, 0x6f,
    0x67, 0x69, 0x6e, 0x5f, 0x75, 0x73, 0x65, 0x72, 0x20, 0x65, 0x6e, 0x76, 0x20, 0x4d, 0x41, 0x4d,
    0x42, 0x41, 0x5f, 0x52, 0x4f, 0x4f, 0x54, 0x5f, 0x50, 0x52, 0x45, 0x46, 0x49, 0x58, 0x3d, 0x22,
    0x24, 0x72, 0x6f, 0x6f, 0x74, 0x5f, 0x70, 0x72, 0x65, 0x66, 0x69, 0x78, 0x22, 0x20, 0x22, 0x24,
    0x6d, 0x61, 0x6e, 0x61, 0x67, 0x65, 0x72, 0x5f, 0x62, 0x69, 0x6e, 0x22, 0x20, 0x69, 0x6e, 0x73,
    0x74, 0x61, 0x6c, 0x6c, 0x20, 0x2d, 0x79, 0x20, 0x2d, 0x6e, 0x20, 0x22, 0x24, 0x65, 0x6e, 0x76,
    0x5f, 0x6e, 0x61, 0x6d, 0x65, 0x22, 0x20, 0x2d, 0x2d, 0x6f, 0x76, 0x65, 0x72, 0x72, 0x69, 0x64,
    0x65, 0x2d, 0x63, 0x68, 0x61, 0x6e, 0x6e, 0x65, 0x6c, 0x73, 0x20, 0x5c, 0x0a, 0x20, 0x20, 0x20,
    0x20, 0x20, 0x20, 0x2d, 0x63, 0x20, 0x22, 0x24, 0x54, 0x55, 0x4e, 0x41, 0x5f, 0x4d, 0x41, 0x49,
    0x4e, 0x5f, 0x43, 0x48, 0x41, 0x4e, 0x4e, 0x45, 0x4c, 0x22, 0x20, 0x5c, 0x0a, 0x20, 0x20, 0x20,
    0x20, 0x20, 0x20, 0x2d, 0x63, 0x20, 0x22, 0x24, 0x54, 0x55, 0x4e, 0x41, 0x5f, 0x52, 0x5f, 0x43,
    0x48, 0x41, 0x4e, 0x4e, 0x45, 0x4c, 0x22, 0x20, 0x5c, 0x0a, 0x20, 0x20, 0x20, 0x20, 0x20, 0x20,
    0x2d, 0x63, 0x20, 0x22, 0x24, 0x54, 0x55, 0x4e, 0x41, 0x5f, 0x43, 0x4f, 0x4e, 0x44, 0x41, 0x5f,
    0x46, 0x4f, 0x52, 0x47, 0x45, 0x5f, 0x43, 0x48, 0x41, 0x4e, 0x4e, 0x45, 0x4c, 0x22, 0x20, 0x5c,
    0x0a, 0x20, 0x20, 0x20, 0x20, 0x20, 0x20, 0x62, 0x6c, 0x61, 0x73, 0x3d, 0x32, 0x2e, 0x35, 0x3d,
    0x6d, 0x6b, 0x6c, 0x0a, 0x20, 0x20, 0x65, 0x6c, 0x73, 0x65, 0x0a, 0x20, 0x20, 0x20, 0x20, 0x61,
    0x73, 0x5f, 0x6c, 0x6f, 0x67, 0x69, 0x6e, 0x5f, 0x75, 0x73, 0x65, 0x72, 0x20, 0x22, 0x24, 0x6d,
    0x61, 0x6e, 0x61, 0x67, 0x65, 0x72, 0x5f, 0x62, 0x69, 0x6e, 0x22, 0x20, 0x63, 0x72, 0x65, 0x61,
    0x74, 0x65, 0x20, 0x2d, 0x79, 0x20, 0x2d, 0x6e, 0x20, 0x22, 0x24, 0x65, 0x6e, 0x76, 0x5f, 0x6e,
    0x61, 0x6d, 0x65, 0x22, 0x20, 0x2d, 0x2d, 0x6f, 0x76, 0x65, 0x72, 0x72, 0x69, 0x64, 0x65, 0x2d,
    0x63, 0x68, 0x61, 0x6e, 0x6e, 0x65, 0x6c, 0x73, 0x20, 0x5c, 0x0a, 0x20, 0x20, 0x20, 0x20, 0x20,
    0x20, 0x2d, 0x63, 0x20, 0x22, 0x24, 0x55, 0x52, 0x53, 0x4b, 0x59, 0x5f, 0x43, 0x48, 0x41, 0x4e,
    0x4e, 0x45, 0x4c, 0x22, 0x20, 0x5c, 0x0a, 0x20, 0x20, 0x20, 0x20, 0x20, 0x20, 0x2d, 0x63, 0x20,
    0x22, 0x24, 0x54, 0x55, 0x4e, 0x41, 0x5f, 0x42, 0x49, 0x4f, 0x43, 0x4f, 0x4e, 0x44, 0x41, 0x5f,
    0x43, 0x48, 0x41, 0x4e, 0x4e, 0x45, 0x4c, 0x22, 0x20, 0x5c, 0x0a, 0x20, 0x20, 0x20, 0x20, 0x20,
    0x20, 0x2d, 0x63, 0x20, 0x22, 0x24, 0x54, 0x55, 0x4e, 0x41, 0x5f, 0x43, 0x4f, 0x4e, 0x44, 0x41,
    0x5f, 0x46, 0x4f, 0x52, 0x47, 0x45, 0x5f, 0x43, 0x48, 0x41, 0x4e, 0x4e, 0x45, 0x4c, 0x22, 0x20,
    0x5c, 0x0a, 0x20, 0x20, 0x20, 0x20, 0x20, 0x20, 0x2d, 0x63, 0x20, 0x22, 0x24, 0x54, 0x55, 0x4e,
    0x41, 0x5f, 0x4d, 0x41, 0x49, 0x4e, 0x5f, 0x43, 0x48, 0x41, 0x4e, 0x4e, 0x45, 0x4c, 0x22, 0x20,
    0x5c, 0x0a, 0x20, 0x20, 0x20, 0x20, 0x20, 0x20, 0x2d, 0x63, 0x20, 0x22, 0x24, 0x54, 0x55, 0x4e,
    0x41, 0x5f, 0x52, 0x5f, 0x43, 0x48, 0x41, 0x4e, 0x4e, 0x45, 0x4c, 0x22, 0x20, 0x5c, 0x0a, 0x20,
    0x20, 0x20, 0x20, 0x20, 0x20, 0x6d, 0x65, 0x74, 0x61, 0x77, 0x72, 0x61, 0x70, 0x2d, 0x6d, 0x67,
    0x3d, 0x31, 0x2e, 0x33, 0x2e, 0x32, 0x20, 0x6d, 0x61, 0x78, 0x62, 0x69, 0x6e, 0x32, 0x3d, 0x32,
    0x2e, 0x32, 0x2e, 0x36, 0x0a, 0x20, 0x20, 0x20, 0x20, 0x61, 0x73, 0x5f, 0x6c, 0x6f, 0x67, 0x69,
    0x6e, 0x5f, 0x75, 0x73, 0x65, 0x72, 0x20, 0x22, 0x24, 0x6d, 0x61, 0x6e, 0x61, 0x67, 0x65, 0x72,
    0x5f, 0x62, 0x69, 0x6e, 0x22, 0x20, 0x69, 0x6e, 0x73, 0x74, 0x61, 0x6c, 0x6c, 0x20, 0x2d, 0x79,
    0x20, 0x2d, 0x6e, 0x20, 0x22, 0x24, 0x65, 0x6e, 0x76, 0x5f, 0x6e, 0x61, 0x6d, 0x65, 0x22, 0x20,
    0x2d, 0x2d, 0x6f, 0x76, 0x65, 0x72, 0x72, 0x69, 0x64, 0x65, 0x2d, 0x63, 0x68, 0x61, 0x6e, 0x6e,
    0x65, 0x6c, 0x73, 0x20, 0x5c, 0x0a, 0x20, 0x20, 0x20, 0x20, 0x20, 0x20, 0x2d, 0x63, 0x20, 0x22,
    0x24, 0x54, 0x55, 0x4e, 0x41, 0x5f, 0x4d, 0x41, 0x49, 0x4e, 0x5f, 0x43, 0x48, 0x41, 0x4e, 0x4e,
    0x45, 0x4c, 0x22, 0x20, 0x5c, 0x0a, 0x20, 0x20, 0x20, 0x20, 0x20, 0x20, 0x2d, 0x63, 0x20, 0x22,
    0x24, 0x54, 0x55, 0x4e, 0x41, 0x5f, 0x52, 0x5f, 0x43, 0x48, 0x41, 0x4e, 0x4e, 0x45, 0x4c, 0x22,
    0x20, 0x5c, 0x0a, 0x20, 0x20, 0x20, 0x20, 0x20, 0x20, 0x2d, 0x63, 0x20, 0x22, 0x24, 0x54, 0x55,
    0x4e, 0x41, 0x5f, 0x43, 0x4f, 0x4e, 0x44, 0x41, 0x5f, 0x46, 0x4f, 0x52, 0x47, 0x45, 0x5f, 0x43,
    0x48, 0x41, 0x4e, 0x4e, 0x45, 0x4c, 0x22, 0x20, 0x5c, 0x0a, 0x20, 0x20, 0x20, 0x20, 0x20, 0x20,
    0x62, 0x6c, 0x61, 0x73, 0x3d, 0x32, 0x2e, 0x35, 0x3d, 0x6d, 0x6b, 0x6c, 0x0a, 0x20, 0x20, 0x66,
    0x69, 0x0a, 0x20, 0x20, 0x6c, 0x6f, 0x67, 0x20, 0x22, 0xe5, 0xbd, 0x93, 0xe5, 0x89, 0x8d, 0xe7,
    0x99, 0xbb, 0xe5, 0xbd, 0x95, 0xe7, 0x94, 0xa8, 0xe6, 0x88, 0xb7, 0x20, 0x6d, 0x65, 0x74, 0x61,
    0x57, 0x52, 0x41, 0x50, 0x20, 0xe7, 0x8e, 0xaf, 0xe5, 0xa2, 0x83, 0xe5, 0x88, 0x9b, 0xe5, 0xbb,
    0xba, 0xe5, 0xae, 0x8c, 0xe6, 0x88, 0x90, 0x3a, 0x20, 0x24, 0x65, 0x6e, 0x76, 0x5f, 0x6e, 0x61,
    0x6d, 0x65, 0x22, 0x0a, 0x7d, 0x0a, 0x0a, 0x6d, 0x65, 0x74, 0x61, 0x77, 0x72, 0x61, 0x70, 0x5f,
    0x63, 0x6f, 0x6e, 0x66, 0x69, 0x67, 0x5f, 0x73, 0x65, 0x74, 0x5f, 0x66, 0x6f, 0x72, 0x5f, 0x75,
    0x73, 0x65, 0x72, 0x28, 0x29, 0x20, 0x7b, 0x0a, 0x20, 0x20, 0x6c, 0x6f, 0x63, 0x61, 0x6c, 0x20,
    0x75, 0x73, 0x65, 0x72, 0x3d, 0x22, 0x24, 0x31, 0x22, 0x20, 0x63, 0x6f, 0x6e, 0x64, 0x61, 0x5f,
    0x62, 0x69, 0x6e, 0x3d, 0x22, 0x24, 0x32, 0x22, 0x20, 0x6b, 0x65, 0x79, 0x3d, 0x22, 0x24, 0x33,
    0x22, 0x20, 0x76, 0x61, 0x6c, 0x75, 0x65, 0x3d, 0x22, 0x24, 0x34, 0x22, 0x0a, 0x20, 0x20, 0x6c,
    0x6f, 0x63, 0x61, 0x6c, 0x20, 0x63, 0x6f, 0x6e, 0x66, 0x69, 0x67, 0x5f, 0x66, 0x69, 0x6c, 0x65,
    0x20, 0x63, 0x6f, 0x6e, 0x64, 0x61, 0x5f, 0x70, 0x72, 0x65, 0x66, 0x69, 0x78, 0x0a, 0x0a, 0x20,
    0x20, 0x69, 0x66, 0x20, 0x28, 0x28, 0x20, 0x44, 0x52, 0x59, 0x5f, 0x52, 0x55, 0x4e, 0x20, 0x29,
    0x29, 0x3b, 0x20, 0x74, 0x68, 0x65, 0x6e, 0x0a, 0x20, 0x20, 0x20, 0x20, 0x63, 0x6f, 0x6e, 0x64,
    0x61, 0x5f, 0x70, 0x72, 0x65, 0x66, 0x69, 0x78, 0x3d, 0x22, 0x24, 0x28, 0x64, 0x69, 0x72, 0x6e,
    0x61, 0x6d, 0x65, 0x20, 0x22, 0x24, 0x28, 0x64, 0x69, 0x72, 0x6e, 0x61, 0x6d, 0x65, 0x20, 0x22,
    0x24, 0x63, 0x6f, 0x6e, 0x64, 0x61, 0x5f, 0x62, 0x69, 0x6e, 0x22, 0x29, 0x22, 0x29, 0x22, 0x0a,
    0x20, 0x20, 0x20, 0x20, 0x63, 0x6f, 0x6e, 0x66, 0x69, 0x67, 0x5f, 0x66, 0x69, 0x6c, 0x65, 0x3d,
    0x22, 0x24, 0x63, 0x6f, 0x6e, 0x64, 0x61, 0x5f, 0x70, 0x72, 0x65, 0x66, 0x69, 0x78, 0x2f, 0x65,
    0x6e, 0x76, 0x73, 0x2f, 0x6d, 0x65, 0x74, 0x61, 0x57, 0x52, 0x41, 0x50, 0x2f, 0x62, 0x69, 0x6e,
    0x2f, 0x63, 0x6f, 0x6e, 0x66, 0x69, 0x67, 0x2d, 0x6d, 0x65, 0x74, 0x61, 0x77, 0x72, 0x61, 0x70,
    0x22, 0x0a, 0x20, 0x20, 0x20, 0x20, 0x70, 0x72, 0x69, 0x6e, 0x74, 0x66, 0x20, 0x27, 0x5b, 0x64,
    0x72, 0x79, 0x2d, 0x72, 0x75, 0x6e, 0x5d, 0x20, 0x73, 0x65, 0x74, 0x20, 0x25, 0x73, 0x3d, 0x25,
    0x71, 0x20, 0x69, 0x6e, 0x20, 0x25, 0x71, 0x20, 0x61, 0x73, 0x20, 0x25, 0x71, 0x5c, 0x6e, 0x27,
    0x20, 0x22, 0x24, 0x6b, 0x65, 0x79, 0x22, 0x20, 0x22, 0x24, 0x76, 0x61, 0x6c, 0x75, 0x65, 0x22,
    0x20, 0x22, 0x24, 0x63, 0x6f, 0x6e, 0x66, 0x69, 0x67, 0x5f, 0x66, 0x69, 0x6c, 0x65, 0x22, 0x20,
    0x22, 0x24, 0x75, 0x73, 0x65, 0x72, 0x22, 0x0a, 0x20, 0x20, 0x20, 0x20, 0x72, 0x65, 0x74, 0x75,
    0x72, 0x6e, 0x20, 0x30, 0x0a, 0x20, 0x20, 0x66, 0x69, 0x0a, 0x0a, 0x20, 0x20, 0x63, 0x6f, 0x6e,
    0x66, 0x69, 0x67, 0x5f, 0x66, 0x69, 0x6c, 0x65, 0x3d, 0x22, 0x24, 0x28, 0x61, 0x73, 0x5f, 0x6e,
    0x61, 0x6d, 0x65, 0x64, 0x5f, 0x75, 0x73, 0x65, 0x72, 0x20, 0x22, 0x24, 0x75, 0x73, 0x65, 0x72,
    0x22, 0x20, 0x22, 0x24, 0x63, 0x6f, 0x6e, 0x64, 0x61, 0x5f, 0x62, 0x69, 0x6e, 0x22, 0x20, 0x72,
    0x75, 0x6e, 0x20, 0x2d, 0x6e, 0x20, 0x6d, 0x65, 0x74, 0x61, 0x57, 0x52, 0x41, 0x50, 0x20, 0x77,
    0x68, 0x69, 0x63, 0x68, 0x20, 0x63, 0x6f, 0x6e, 0x66, 0x69, 0x67, 0x2d, 0x6d, 0x65, 0x74, 0x61,
    0x77, 0x72, 0x61, 0x70, 0x20, 0x32, 0x3e, 0x2f, 0x64, 0x65, 0x76, 0x2f, 0x6e, 0x75, 0x6c, 0x6c,
    0x20, 0x7c, 0x7c, 0x20, 0x74, 0x72, 0x75, 0x65, 0x29, 0x22, 0x0a, 0x20, 0x20, 0x5b, 0x5b, 0x20,
    0x2d, 0x6e, 0x20, 0x22, 0x24, 0x63, 0x6f, 0x6e, 0x66, 0x69, 0x67, 0x5f, 0x66, 0x69, 0x6c, 0x65,
    0x22, 0x20, 0x26, 0x26, 0x20, 0x2d, 0x66, 0x20, 0x22, 0x24, 0x63, 0x6f, 0x6e, 0x66, 0x69, 0x67,
    0x5f, 0x66, 0x69, 0x6c, 0x65, 0x22, 0x20, 0x5d, 0x5d, 0x20, 0x7c, 0x7c, 0x20, 0x7b, 0x0a, 0x20,
    0x20, 0x20, 0x20, 0x77, 0x61, 0x72, 0x6e, 0x20, 0x22, 0xe6, 0x89, 0xbe, 0xe4, 0xb8, 0x8d, 0xe5,
    0x88, 0xb0, 0xe7, 0x94, 0xa8, 0xe6, 0x88, 0xb7, 0x20, 0x24, 0x75, 0x73, 0x65, 0x72, 0x20, 0xe7,
    0x9a, 0x84, 0x20, 0x6d, 0x65, 0x74, 0x61, 0x57, 0x52, 0x41, 0x50, 0x20, 0x63, 0x6f, 0x6e, 0x66,
    0x69, 0x67, 0x2d, 0x6d, 0x65, 0x74, 0x61, 0x77, 0x72, 0x61, 0x70, 0xe3, 0x80, 0x82, 0x22, 0x0a,
    0x20, 0x20, 0x20, 0x20, 0x72, 0x65, 0x74, 0x75, 0x72, 0x6e, 0x20, 0x31, 0x0a, 0x20, 0x20, 0x7d,
    0x0a, 0x0a, 0x20, 0x20, 0x69, 0x66, 0x20, 0x67, 0x72, 0x65, 0x70, 0x20, 0x2d, 0x45, 0x71, 0x20,
    0x22, 0x5e, 0x24, 0x7b, 0x6b, 0x65, 0x79, 0x7d, 0x3d, 0x22, 0x20, 0x22, 0x24, 0x63, 0x6f, 0x6e,
    0x66, 0x69, 0x67, 0x5f, 0x66, 0x69, 0x6c, 0x65, 0x22, 0x20, 0x32, 0x3e, 0x2f, 0x64, 0x65, 0x76,
    0x2f, 0x6e, 0x75, 0x6c, 0x6c, 0x3b, 0x20, 0x74, 0x68, 0x65, 0x6e, 0x0a, 0x20, 0x20, 0x20, 0x20,
    0x61, 0x73, 0x5f, 0x6e, 0x61, 0x6d, 0x65, 0x64, 0x5f, 0x75, 0x73, 0x65, 0x72, 0x20, 0x22, 0x24,
    0x75, 0x73, 0x65, 0x72, 0x22, 0x20, 0x73, 0x65, 0x64, 0x20, 0x2d, 0x69, 0x20, 0x2d, 0x45, 0x20,
    0x22, 0x73, 0x7c, 0x5e, 0x24, 0x7b, 0x6b, 0x65, 0x79, 0x7d, 0x3d, 0x2e, 0x2a, 0x7c, 0x24, 0x7b,
    0x6b, 0x65, 0x79, 0x7d, 0x3d, 0x24, 0x7b, 0x76, 0x61, 0x6c, 0x75, 0x65, 0x7d, 0x7c, 0x22, 0x20,
    0x22, 0x24, 0x63, 0x6f, 0x6e, 0x66, 0x69, 0x67, 0x5f, 0x66, 0x69, 0x6c, 0x65, 0x22, 0x0a, 0x20,
    0x20, 0x65, 0x6c, 0x73, 0x65, 0x0a, 0x20, 0x20, 0x20, 0x20, 0x61, 0x70, 0x70, 0x65, 0x6e, 0x64,
    0x5f, 0x6e, 0x61, 0x6d, 0x65, 0x64, 0x5f, 0x75, 0x73, 0x65, 0x72, 0x5f, 0x6c, 0x69, 0x6e, 0x65,
    0x5f, 0x6f, 0x6e, 0x63, 0x65, 0x20, 0x22, 0x24, 0x75, 0x73, 0x65, 0x72, 0x22, 0x20, 0x22, 0x24,
    0x63, 0x6f, 0x6e, 0x66, 0x69, 0x67, 0x5f, 0x66, 0x69, 0x6c, 0x65, 0x22, 0x20, 0x22, 0x24, 0x7b,
    0x6b, 0x65, 0x79, 0x7d, 0x3d, 0x24, 0x7b, 0x76, 0x61, 0x6c, 0x75, 0x65, 0x7d, 0x22, 0x0a, 0x20,
    0x20, 0x66, 0x69, 0x0a, 0x20, 0x20, 0x61, 0x73, 0x5f, 0x6e, 0x61, 0x6d, 0x65, 0x64, 0x5f, 0x75,
    0x73, 0x65, 0x72, 0x20, 0x22, 0x24, 0x75, 0x73, 0x65, 0x72, 0x22, 0x20, 0x63, 0x68, 0x6d, 0x6f,
    0x64, 0x20, 0x30, 0x37, 0x35, 0x35, 0x20, 0x22, 0x24, 0x63, 0x6f, 0x6e, 0x66, 0x69, 0x67, 0x5f,
    0x66, 0x69, 0x6c, 0x65, 0x22, 0x0a, 0x20, 0x20, 0x69, 0x6e, 0x66, 0x6f, 0x20, 0x22, 0x63, 0x6f,
    0x6e, 0x66, 0x69, 0x67, 0x2d, 0x6d, 0x65, 0x74, 0x61, 0x77, 0x72, 0x61, 0x70, 0x3a, 0x20, 0x24,
    0x6b, 0x65, 0x79, 0x3d, 0x24, 0x76, 0x61, 0x6c, 0x75, 0x65, 0x22, 0x0a, 0x7d, 0x0a, 0x0a, 0x63,
    0x6f, 0x70, 0x79, 0x5f, 0x72, 0x6f, 0x6f, 0x74, 0x5f, 0x64, 0x61, 0x74, 0x61, 0x62, 0x61, 0x73,
    0x65, 0x5f, 0x74, 0x72, 0x65, 0x65, 0x28, 0x29, 0x20, 0x7b, 0x0a, 0x20, 0x20, 0x6c, 0x6f, 0x63,
    0x61, 0x6c, 0x20, 0x75, 0x73, 0x65, 0x72, 0x3d, 0x22, 0x24, 0x31, 0x22, 0x20, 0x73, 0x6f, 0x75,
    0x72, 0x63, 0x65, 0x3d, 0x22, 0x24, 0x32, 0x22, 0x20, 0x64, 0x65, 0x73, 0x74, 0x3d, 0x22, 0x24,
    0x33, 0x22, 0x20, 0x6c, 0x61, 0x62, 0x65, 0x6c, 0x3d, 0x22, 0x24, 0x34, 0x22, 0x0a, 0x20, 0x20,
    0x6c, 0x6f, 0x63, 0x61, 0x6c, 0x20, 0x68, 0x6f, 0x6d, 0x65, 0x20, 0x67, 0x72, 0x6f, 0x75, 0x70,
    0x0a, 0x0a, 0x20, 0x20, 0x5b, 0x5b, 0x20, 0x22, 0x24, 0x75, 0x73, 0x65, 0x72, 0x22, 0x20, 0x21,
    0x3d, 0x20, 0x22, 0x72, 0x6f, 0x6f, 0x74, 0x22, 0x20, 0x5d, 0x5d, 0x20, 0x7c, 0x7c, 0x20, 0x72,
    0x65, 0x74, 0x75, 0x72, 0x6e, 0x20, 0x31, 0x0a, 0x20, 0x20, 0x68, 0x6f, 0x6d, 0x65, 0x3d, 0x22,
    0x24, 0x28, 0x67, 0x65, 0x74, 0x65, 0x6e, 0x74, 0x20, 0x70, 0x61, 0x73, 0x73, 0x77, 0x64, 0x20,
    0x22, 0x24, 0x75, 0x73, 0x65, 0x72, 0x22, 0x20, 0x32, 0x3e, 0x2f, 0x64, 0x65, 0x76, 0x2f, 0x6e,
    0x75, 0x6c, 0x6c, 0x20, 0x7c, 0x20, 0x63, 0x75, 0x74, 0x20, 0x2d, 0x64, 0x3a, 0x20, 0x2d, 0x66,
    0x36, 0x20, 0x7c, 0x7c, 0x20, 0x74, 0x72, 0x75, 0x65, 0x29, 0x22, 0x0a, 0x20, 0x20, 0x5b, 0x5b,
    0x20, 0x2d, 0x6e, 0x20, 0x22, 0x24, 0x68, 0x6f, 0x6d, 0x65, 0x22, 0x20, 0x5d, 0x5d, 0x20, 0x7c,
    0x7c, 0x20, 0x7b, 0x20, 0x77, 0x61, 0x72, 0x6e, 0x20, 0x22, 0xe6, 0x97, 0xa0, 0xe6, 0xb3, 0x95,
    0xe8, 0xaf, 0xbb, 0xe5, 0x8f, 0x96, 0xe7, 0x94, 0xa8, 0xe6, 0x88, 0xb7, 0x20, 0x24, 0x75, 0x73,
    0x65, 0x72, 0x20, 0xe7, 0x9a, 0x84, 0x20, 0x68, 0x6f, 0x6d, 0x65, 0xe3, 0x80, 0x82, 0x22, 0x3b,
    0x20, 0x72, 0x65, 0x74, 0x75, 0x72, 0x6e, 0x20, 0x31, 0x3b, 0x20, 0x7d, 0x0a, 0x20, 0x20, 0x5b,
    0x5b, 0x20, 0x22, 0x24, 0x73, 0x6f, 0x75, 0x72, 0x63, 0x65, 0x22, 0x20, 0x3d, 0x3d, 0x20, 0x2f,
    0x72, 0x6f, 0x6f, 0x74, 0x2f, 0x64, 0x61, 0x74, 0x61, 0x5f, 0x48, 0x44, 0x2f, 0x2a, 0x20, 0x5d,
    0x5d, 0x20, 0x7c, 0x7c, 0x20, 0x7b, 0x20, 0x77, 0x61, 0x72, 0x6e, 0x20, 0x22, 0xe6, 0x8b, 0x92,
    0xe7, 0xbb, 0x9d, 0xe5, 0xa4, 0x8d, 0xe5, 0x88, 0xb6, 0xe9, 0x9d, 0x9e, 0x20, 0x72, 0x6f, 0x6f,
    0x74, 0x20, 0xe6, 0x95, 0xb0, 0xe6, 0x8d, 0xae, 0xe5, 0xba, 0x93, 0xe7, 0xbc, 0x93, 0xe5, 0xad,
    0x98, 0xe8, 0xb7, 0xaf, 0xe5, 0xbe, 0x84, 0x3a, 0x20, 0x24, 0x73, 0x6f, 0x75, 0x72, 0x63, 0x65,
    0x22, 0x3b, 0x20, 0x72, 0x65, 0x74, 0x75, 0x72, 0x6e, 0x20, 0x31, 0x3b, 0x20, 0x7d, 0x0a, 0x20,
    0x20, 0x5b, 0x5b, 0x20, 0x22, 0x24, 0x64, 0x65, 0x73, 0x74, 0x22, 0x20, 0x3d, 0x3d, 0x20, 0x22,
    0x24, 0x68, 0x6f, 0x6d, 0x65, 0x2f, 0x22, 0x2a, 0x20, 0x5d, 0x5d, 0x20, 0x7c, 0x7c, 0x20, 0x7b,
    0x20, 0x77, 0x61, 0x72, 0x6e, 0x20, 0x22, 0xe7, 0x9b, 0xae, 0xe6, 0xa0, 0x87, 0xe6, 0x95, 0xb0,
    0xe6, 0x8d, 0xae, 0xe5, 0xba, 0x93, 0xe8, 0xb7, 0xaf, 0xe5, 0xbe, 0x84, 0xe5, 0xbf, 0x85, 0xe9,
    0xa1, 0xbb, 0xe4, 0xbd, 0x8d, 0xe4, 0xba, 0x8e, 0x20, 0x24, 0x68, 0x6f, 0x6d, 0x65, 0x20, 0xe4,
    0xb8, 0x8b, 0x3a, 0x20, 0x24, 0x64, 0x65, 0x73, 0x74, 0x22, 0x3b, 0x20, 0x72, 0x65, 0x74, 0x75,
    0x72, 0x6e, 0x20, 0x31, 0x3b, 0x20, 0x7d, 0x0a, 0x20, 0x20, 0x5b, 0x5b, 0x20, 0x2d, 0x64, 0x20,
    0x22, 0x24, 0x73, 0x6f, 0x75, 0x72, 0x63, 0x65, 0x22, 0x20, 0x5d, 0x5d, 0x20, 0x7c, 0x7c, 0x20,
    0x72, 0x65, 0x74, 0x75, 0x72, 0x6e, 0x20, 0x31, 0x0a, 0x0a, 0x20, 0x20, 0x69, 0x66, 0x20, 0x21,
    0x20, 0x63, 0x6f, 0x6e, 0x66, 0x69, 0x72, 0x6d, 0x20, 0x22, 0xe6, 0xa3, 0x80, 0xe6, 0xb5, 0x8b,
    0xe5, 0x88, 0xb0, 0x20, 0x72, 0x6f, 0x6f, 0x74, 0x20, 0xe6, 0x9c, 0xac, 0xe5, 0x9c, 0xb0, 0x20,
    0x24, 0x6c, 0x61, 0x62, 0x65, 0x6c, 0xef, 0xbc, 0x8c, 0xe4, 0xbc, 0x98, 0xe5, 0x85, 0x88, 0xe5,
    0xa4, 0x8d, 0xe5, 0x88, 0xb6, 0xe5, 0x88, 0xb0, 0xe7, 0x94, 0xa8, 0xe6, 0x88, 0xb7, 0x20, 0x24,
    0x75, 0x73, 0x65, 0x72, 0xef, 0xbc, 0x9f, 0x22, 0x20, 0x22, 0x59, 0x22, 0x3b, 0x20, 0x74, 0x68,
    0x65, 0x6e, 0x0a, 0x20, 0x20, 0x20, 0x20, 0x72, 0x65, 0x74, 0x75, 0x72, 0x6e, 0x20, 0x31, 0x0a,
    0x20, 0x20, 0x66, 0x69, 0x0a, 0x0a, 0x20, 0x20, 0x63, 0x6f, 0x6d, 0x6d, 0x61, 0x6e, 0x64, 0x20,
    0x2d, 0x76, 0x20, 0x72, 0x73, 0x79, 0x6e, 0x63, 0x20, 0x3e, 0x2f, 0x64, 0x65, 0x76, 0x2f, 0x6e,
    0x75, 0x6c, 0x6c, 0x20, 0x32, 0x3e, 0x26, 0x31, 0x20, 0x7c, 0x7c, 0x20, 0x7b, 0x0a, 0x20, 0x20,
    0x20, 0x20, 0x61, 0x73, 0x5f, 0x72, 0x6f, 0x6f, 0x74, 0x20, 0x61, 0x70, 0x74, 0x2d, 0x67, 0x65,
    0x74, 0x20, 0x75, 0x70, 0x64, 0x61, 0x74, 0x65, 0x0a, 0x20, 0x20, 0x20, 0x20, 0x61, 0x73, 0x5f,
    0x72, 0x6f, 0x6f, 0x74, 0x20, 0x65, 0x6e, 0x76, 0x20, 0x44, 0x45, 0x42, 0x49, 0x41, 0x4e, 0x5f,
    0x46, 0x52, 0x4f, 0x4e, 0x54, 0x45, 0x4e, 0x44, 0x3d, 0x6e, 0x6f, 0x6e, 0x69, 0x6e, 0x74, 0x65,
    0x72, 0x61, 0x63, 0x74, 0x69, 0x76, 0x65, 0x20, 0x61, 0x70, 0x74, 0x2d, 0x67, 0x65, 0x74, 0x20,
    0x69, 0x6e, 0x73, 0x74, 0x61, 0x6c, 0x6c, 0x20, 0x2d, 0x79, 0x20, 0x72, 0x73, 0x79, 0x6e, 0x63,
    0x0a, 0x20, 0x20, 0x7d, 0x0a, 0x0a, 0x20, 0x20, 0x67, 0x72, 0x6f, 0x75, 0x70, 0x3d, 0x22, 0x24,
    0x28, 0x69, 0x64, 0x20, 0x2d, 0x67, 0x6e, 0x20, 0x22, 0x24, 0x75, 0x73, 0x65, 0x72, 0x22, 0x20,
    0x32, 0x3e, 0x2f, 0x64, 0x65, 0x76, 0x2f, 0x6e, 0x75, 0x6c, 0x6c, 0x20, 0x7c, 0x7c, 0x20, 0x70,
    0x72, 0x69, 0x6e, 0x74, 0x66, 0x20, 0x27, 0x25, 0x73, 0x27, 0x20, 0x22, 0x24, 0x75, 0x73, 0x65,
    0x72, 0x22, 0x29, 0x22, 0x0a, 0x20, 0x20, 0x61, 0x73, 0x5f, 0x72, 0x6f, 0x6f, 0x74, 0x20, 0x6d,
    0x6b, 0x64, 0x69, 0x72, 0x20, 0x2d, 0x70, 0x20, 0x22, 0x24, 0x64, 0x65, 0x73, 0x74, 0x22, 0x0a,
    0x20, 0x20, 0x61, 0x73, 0x5f, 0x72, 0x6f, 0x6f, 0x74, 0x20, 0x72, 0x73, 0x79, 0x6e, 0x63, 0x20,
    0x2d, 0x61, 0x20, 0x2d, 0x2d, 0x69, 0x6e, 0x66, 0x6f, 0x3d, 0x70, 0x72, 0x6f, 0x67, 0x72, 0x65,
    0x73, 0x73, 0x32, 0x20, 0x22, 0x24, 0x73, 0x6f, 0x75, 0x72, 0x63, 0x65, 0x2f, 0x22, 0x20, 0x22,
    0x24, 0x64, 0x65, 0x73, 0x74, 0x2f, 0x22, 0x0a, 0x20, 0x20, 0x61, 0x73, 0x5f, 0x72, 0x6f, 0x6f,
    0x74, 0x20, 0x63, 0x68, 0x6f, 0x77, 0x6e, 0x20, 0x2d, 0x52, 0x20, 0x22, 0x24, 0x75, 0x73, 0x65,
    0x72, 0x3a, 0x24, 0x67, 0x72, 0x6f, 0x75, 0x70, 0x22, 0x20, 0x22, 0x24, 0x64, 0x65, 0x73, 0x74,
    0x22, 0x0a, 0x20, 0x20, 0x6c, 0x6f, 0x67, 0x20, 0x22, 0xe5, 0xb7, 0xb2, 0xe4, 0xbb, 0x8e, 0x20,
    0x72, 0x6f, 0x6f, 0x74, 0x20, 0xe6, 0x9c, 0xac, 0xe5, 0x9c, 0xb0, 0xe7, 0xbc, 0x93, 0xe5, 0xad,
    0x98, 0xe5, 0xa4, 0x8d, 0xe5, 0x88, 0xb6, 0x20, 0x24, 0x6c, 0x61, 0x62, 0x65, 0x6c, 0x3a, 0x20,
    0x24, 0x73, 0x6f, 0x75, 0x72, 0x63, 0x65, 0x20, 0x2d, 0x3e, 0x20, 0x24, 0x64, 0x65, 0x73, 0x74,
    0x22, 0x0a, 0x7d, 0x0a, 0x0a, 0x6d, 0x65, 0x74, 0x61, 0x77, 0x72, 0x61, 0x70, 0x5f, 0x64, 0x62,
    0x5f, 0x72, 0x65, 0x61, 0x64, 0x79, 0x28, 0x29, 0x20, 0x7b, 0x0a, 0x20, 0x20, 0x6c, 0x6f, 0x63,
    0x61, 0x6c, 0x20, 0x64, 0x62, 0x5f, 0x72, 0x6f, 0x6f, 0x74, 0x3d, 0x22, 0x24, 0x31, 0x22, 0x20,
    0x6b, 0x69, 0x6e, 0x64, 0x3d, 0x22, 0x24, 0x32, 0x22, 0x0a, 0x20, 0x20, 0x63, 0x61, 0x73, 0x65,
    0x20, 0x22, 0x24, 0x6b, 0x69, 0x6e, 0x64, 0x22, 0x20, 0x69, 0x6e, 0x0a, 0x20, 0x20, 0x20, 0x20,
    0x63, 0x68, 0x65, 0x63, 0x6b, 0x6d, 0x29, 0x0a, 0x20, 0x20, 0x20, 0x20, 0x20, 0x20, 0x5b, 0x5b,
    0x20, 0x2d, 0x65, 0x20, 0x22, 0x24, 0x64, 0x62, 0x5f, 0x72, 0x6f, 0x6f, 0x74, 0x2f, 0x43, 0x68,
    0x65, 0x63, 0x6b, 0x4d, 0x2f, 0x2e, 0x62, 0x69, 0x6f, 0x69, 0x6e, 0x66, 0x6f, 0x2d, 0x64, 0x6f,
    0x77, 0x6e, 0x6c, 0x6f, 0x61, 0x64, 0x2d, 0x63, 0x6f, 0x6d, 0x70, 0x6c, 0x65, 0x74, 0x65, 0x22,
    0x20, 0x5d, 0x5d, 0x0a, 0x20, 0x20, 0x20, 0x20, 0x20, 0x20, 0x3b, 0x3b, 0x0a, 0x20, 0x20, 0x20,
    0x20, 0x6b, 0x72, 0x61, 0x6b, 0x65, 0x6e, 0x32, 0x29, 0x0a, 0x20, 0x20, 0x20, 0x20, 0x20, 0x20,
    0x5b, 0x5b, 0x20, 0x2d, 0x65, 0x20, 0x22, 0x24, 0x64, 0x62, 0x5f, 0x72, 0x6f, 0x6f, 0x74, 0x2f,
    0x4b, 0x52, 0x41, 0x4b, 0x45, 0x4e, 0x32, 0x2f, 0x68, 0x61, 0x73, 0x68, 0x2e, 0x6b, 0x32, 0x64,
    0x22, 0x20, 0x26, 0x26, 0x20, 0x2d, 0x65, 0x20, 0x22, 0x24, 0x64, 0x62, 0x5f, 0x72, 0x6f, 0x6f,
    0x74, 0x2f, 0x4b, 0x52, 0x41, 0x4b, 0x45, 0x4e, 0x32, 0x2f, 0x6f, 0x70, 0x74, 0x73, 0x2e, 0x6b,
    0x32, 0x64, 0x22, 0x20, 0x26, 0x26, 0x20, 0x2d, 0x65, 0x20, 0x22, 0x24, 0x64, 0x62, 0x5f, 0x72,
    0x6f, 0x6f, 0x74, 0x2f, 0x4b, 0x52, 0x41, 0x4b, 0x45, 0x4e, 0x32, 0x2f, 0x74, 0x61, 0x78, 0x6f,
    0x2e, 0x6b, 0x32, 0x64, 0x22, 0x20, 0x5d, 0x5d, 0x0a, 0x20, 0x20, 0x20, 0x20, 0x20, 0x20, 0x3b,
    0x3b, 0x0a, 0x20, 0x20, 0x20, 0x20, 0x6e, 0x74, 0x29, 0x0a, 0x20, 0x20, 0x20, 0x20, 0x20, 0x20,
    0x66, 0x69, 0x6e, 0x64, 0x20, 0x22, 0x24, 0x64, 0x62, 0x5f, 0x72, 0x6f, 0x6f, 0x74, 0x2f, 0x4e,
    0x43, 0x42, 0x49, 0x5f, 0x6e, 0x74, 0x22, 0x20, 0x2d, 0x6d, 0x61, 0x78, 0x64, 0x65, 0x70, 0x74,
    0x68, 0x20, 0x31, 0x20, 0x2d, 0x74, 0x79, 0x70, 0x65, 0x20, 0x66, 0x20, 0x2d, 0x6e, 0x61, 0x6d,
    0x65, 0x20, 0x27, 0x6e, 0x74, 0x2e, 0x2a, 0x27, 0x20, 0x2d, 0x70, 0x72, 0x69, 0x6e, 0x74, 0x20,
    0x2d, 0x71, 0x75, 0x69, 0x74, 0x20, 0x32, 0x3e, 0x2f, 0x64, 0x65, 0x76, 0x2f, 0x6e, 0x75, 0x6c,
    0x6c, 0x20, 0x7c, 0x20, 0x67, 0x72, 0x65, 0x70, 0x20, 0x2d, 0x71, 0x20, 0x2e, 0x0a, 0x20, 0x20,
    0x20, 0x20, 0x20, 0x20, 0x3b, 0x3b, 0x0a, 0x20, 0x20, 0x20, 0x20, 0x74, 0x61, 0x78, 0x6f, 0x6e,
    0x6f, 0x6d, 0x79, 0x29, 0x0a, 0x20, 0x20, 0x20, 0x20, 0x20, 0x20, 0x5b, 0x5b, 0x20, 0x2d, 0x65,
    0x20, 0x22, 0x24, 0x64, 0x62, 0x5f, 0x72, 0x6f, 0x6f, 0x74, 0x2f, 0x4e, 0x43, 0x42, 0x49, 0x5f,
    0x74, 0x61, 0x78, 0x2f, 0x6e, 0x6f, 0x64, 0x65, 0x73, 0x2e, 0x64, 0x6d, 0x70, 0x22, 0x20, 0x26,
    0x26, 0x20, 0x2d, 0x65, 0x20, 0x22, 0x24, 0x64, 0x62, 0x5f, 0x72, 0x6f, 0x6f, 0x74, 0x2f, 0x4e,
    0x43, 0x42, 0x49, 0x5f, 0x74, 0x61, 0x78, 0x2f, 0x6e, 0x61, 0x6d, 0x65, 0x73, 0x2e, 0x64, 0x6d,
    0x70, 0x22, 0x20, 0x5d, 0x5d, 0x0a, 0x20, 0x20, 0x20, 0x20, 0x20, 0x20, 0x3b, 0x3b, 0x0a, 0x20,
    0x20, 0x20, 0x20, 0x62, 0x6d, 0x74, 0x61, 0x67, 0x67, 0x65, 0x72, 0x29, 0x0a, 0x20, 0x20, 0x20,
    0x20, 0x20, 0x20, 0x5b, 0x5b, 0x20, 0x2d, 0x65, 0x20, 0x22, 0x24, 0x64, 0x62, 0x5f, 0x72, 0x6f,
    0x6f, 0x74, 0x2f, 0x42, 0x4d, 0x54, 0x41, 0x47, 0x47, 0x45, 0x52, 0x5f, 0x49, 0x4e, 0x44, 0x45,
    0x58, 0x2f, 0x68, 0x67, 0x33, 0x38, 0x2e, 0x66, 0x61, 0x22, 0x20, 0x26, 0x26, 0x20, 0x2d, 0x65,
    0x20, 0x22, 0x24, 0x64, 0x62, 0x5f, 0x72, 0x6f, 0x6f, 0x74, 0x2f, 0x42, 0x4d, 0x54, 0x41, 0x47,
    0x47, 0x45, 0x52, 0x5f, 0x49, 0x4e, 0x44, 0x45, 0x58, 0x2f, 0x68, 0x67, 0x33, 0x38, 0x2e, 0x62,
    0x69, 0x74, 0x6d, 0x61, 0x73, 0x6b, 0x22, 0x20, 0x5d, 0x5d, 0x20, 0x26, 0x26, 0x0a, 0x20, 0x20,
    0x20, 0x20, 0x20, 0x20, 0x20, 0x20, 0x66, 0x69, 0x6e, 0x64, 0x20, 0x22, 0x24, 0x64, 0x62, 0x5f,
    0x72, 0x6f, 0x6f, 0x74, 0x2f, 0x42, 0x4d, 0x54, 0x41, 0x47, 0x47, 0x45, 0x52, 0x5f, 0x49, 0x4e,
    0x44, 0x45, 0x58, 0x22, 0x20, 0x2d, 0x6d, 0x61, 0x78, 0x64, 0x65, 0x70, 0x74, 0x68, 0x20, 0x31,
    0x20, 0x2d, 0x6e, 0x61, 0x6d, 0x65, 0x20, 0x27, 0x68, 0x67, 0x33, 0x38, 0x2e, 0x73, 0x72, 0x70,
    0x72, 0x69, 0x73, 0x6d, 0x2a, 0x27, 0x20, 0x2d, 0x70, 0x72, 0x69, 0x6e, 0x74, 0x20, 0x2d, 0x71,
    0x75, 0x69, 0x74, 0x20, 0x32, 0x3e, 0x2f, 0x64, 0x65, 0x76, 0x2f, 0x6e, 0x75, 0x6c, 0x6c, 0x20,
    0x7c, 0x20, 0x67, 0x72, 0x65, 0x70, 0x20, 0x2d, 0x71, 0x20, 0x2e, 0x0a, 0x20, 0x20, 0x20, 0x20,
    0x20, 0x20, 0x3b, 0x3b, 0x0a, 0x20, 0x20, 0x20, 0x20, 0x2a, 0x29, 0x0a, 0x20, 0x20, 0x20, 0x20,
    0x20, 0x20, 0x72, 0x65, 0x74, 0x75, 0x72, 0x6e, 0x20, 0x31, 0x0a, 0x20, 0x20, 0x20, 0x20, 0x20,
    0x20, 0x3b, 0x3b, 0x0a, 0x20, 0x20, 0x65, 0x73, 0x61, 0x63, 0x0a, 0x7d, 0x0a, 0x0a, 0x6d, 0x61,
    0x79, 0x62, 0x65, 0x5f, 0x63, 0x6f, 0x70, 0x79, 0x5f, 0x6d, 0x65, 0x74, 0x61, 0x77, 0x72, 0x61,
    0x70, 0x5f, 0x64, 0x62, 0x5f, 0x66, 0x72, 0x6f, 0x6d, 0x5f, 0x72, 0x6f, 0x6f, 0x74, 0x28, 0x29,
    0x20, 0x7b, 0x0a, 0x20, 0x20, 0x6c, 0x6f, 0x63, 0x61, 0x6c, 0x20, 0x75, 0x73, 0x65, 0x72, 0x3d,
    0x22, 0x24, 0x31, 0x22, 0x20, 0x64, 0x62, 0x5f, 0x72, 0x6f, 0x6f, 0x74, 0x3d, 0x22, 0x24, 0x32,
    0x22, 0x20, 0x6b, 0x69, 0x6e, 0x64, 0x3d, 0x22, 0x24, 0x33, 0x22, 0x0a, 0x20, 0x20, 0x6c, 0x6f,
    0x63, 0x61, 0x6c, 0x20, 0x72, 0x6f, 0x6f, 0x74, 0x5f, 0x64, 0x62, 0x3d, 0x22, 0x2f, 0x72, 0x6f,
    0x6f, 0x74, 0x2f, 0x64, 0x61, 0x74, 0x61, 0x5f, 0x48, 0x44, 0x2f, 0x6d, 0x65, 0x74, 0x61, 0x77,
    0x72, 0x61, 0x70, 0x5f, 0x64, 0x62, 0x22, 0x0a, 0x20, 0x20, 0x6c, 0x6f, 0x63, 0x61, 0x6c, 0x20,
    0x73, 0x75, 0x62, 0x64, 0x69, 0x72, 0x20, 0x6c, 0x61, 0x62, 0x65, 0x6c, 0x0a, 0x0a, 0x20, 0x20,
    0x5b, 0x5b, 0x20, 0x22, 0x24, 0x75, 0x73, 0x65, 0x72, 0x22, 0x20, 0x21, 0x3d, 0x20, 0x22, 0x72,
    0x6f, 0x6f, 0x74, 0x22, 0x20, 0x5d, 0x5d, 0x20, 0x7c, 0x7c, 0x20, 0x72, 0x65, 0x74, 0x75, 0x72,
    0x6e, 0x20, 0x31, 0x0a, 0x20, 0x20, 0x63, 0x61, 0x73, 0x65, 0x20, 0x22, 0x24, 0x6b, 0x69, 0x6e,
    0x64, 0x22, 0x20, 0x69, 0x6e, 0x0a, 0x20, 0x20, 0x20, 0x20, 0x63, 0x68, 0x65, 0x63, 0x6b, 0x6d,
    0x29, 0x20, 0x73, 0x75, 0x62, 0x64, 0x69, 0x72, 0x3d, 0x22, 0x43, 0x68, 0x65, 0x63, 0x6b, 0x4d,
    0x22, 0x3b, 0x20, 0x6c, 0x61, 0x62, 0x65, 0x6c, 0x3d, 0x22, 0x6d, 0x65, 0x74, 0x61, 0x57, 0x52,
    0x41, 0x50, 0x20, 0x43, 0x68, 0x65, 0x63, 0x6b, 0x4d, 0x20, 0xe6, 0x95, 0xb0, 0xe6, 0x8d, 0xae,
    0xe5, 0xba, 0x93, 0x22, 0x20, 0x3b, 0x3b, 0x0a, 0x20, 0x20, 0x20, 0x20, 0x6b, 0x72, 0x61, 0x6b,
    0x65, 0x6e, 0x32, 0x29, 0x20, 0x73, 0x75, 0x62, 0x64, 0x69, 0x72, 0x3d, 0x22, 0x4b, 0x52, 0x41,
    0x4b, 0x45, 0x4e, 0x32, 0x22, 0x3b, 0x20, 0x6c, 0x61, 0x62, 0x65, 0x6c, 0x3d, 0x22, 0x6d, 0x65,
    0x74, 0x61, 0x57, 0x52, 0x41, 0x50, 0x20, 0x4b, 0x72, 0x61, 0x6b, 0x65, 0x6e, 0x32, 0x20, 0xe6,
    0x95, 0xb0, 0xe6, 0x8d, 0xae, 0xe5, 0xba, 0x93, 0x22, 0x20, 0x3b, 0x3b, 0x0a, 0x20, 0x20, 0x20,
    0x20, 0x6e, 0x74, 0x29, 0x20, 0x73, 0x75, 0x62, 0x64, 0x69, 0x72, 0x3d, 0x22, 0x4e, 0x43, 0x42,
    0x49, 0x5f, 0x6e, 0x74, 0x22, 0x3b, 0x20, 0x6c, 0x61, 0x62, 0x65, 0x6c, 0x3d, 0x22, 0x6d, 0x65,
    0x74, 0x61, 0x57, 0x52, 0x41, 0x50, 0x20, 0x4e, 0x43, 0x42, 0x49, 0x20, 0x6e, 0x74, 0x20, 0xe6,
    0x95, 0xb0, 0xe6, 0x8d, 0xae, 0xe5, 0xba, 0x93, 0x22, 0x20, 0x3b, 0x3b, 0x0a, 0x20, 0x20, 0x20,
    0x20, 0x74, 0x61, 0x78, 0x6f, 0x6e, 0x6f, 0x6d, 0x79, 0x29, 0x20, 0x73, 0x75, 0x62, 0x64, 0x69,
    0x72, 0x3d, 0x22, 0x4e, 0x43, 0x42, 0x49, 0x5f, 0x74, 0x61, 0x78, 0x22, 0x3b, 0x20, 0x6c, 0x61,
    0x62, 0x65, 0x6c, 0x3d, 0x22, 0x6d, 0x65, 0x74, 0x61, 0x57, 0x52, 0x41, 0x50, 0x20, 0x4e, 0x43,
    0x42, 0x49, 0x20, 0x74, 0x61, 0x78, 0x6f, 0x6e, 0x6f, 0x6d, 0x79, 0x20, 0xe6, 0x95, 0xb0, 0xe6,
    0x8d, 0xae, 0xe5, 0xba, 0x93, 0x22, 0x20, 0x3b, 0x3b, 0x0a, 0x20, 0x20, 0x20, 0x20, 0x62, 0x6d,
    0x74, 0x61, 0x67, 0x67, 0x65, 0x72, 0x29, 0x20, 0x73, 0x75, 0x62, 0x64, 0x69, 0x72, 0x3d, 0x22,
    0x42, 0x4d, 0x54, 0x41, 0x47, 0x47, 0x45, 0x52, 0x5f, 0x49, 0x4e, 0x44, 0x45, 0x58, 0x22, 0x3b,
    0x20, 0x6c, 0x61, 0x62, 0x65, 0x6c, 0x3d, 0x22, 0x6d, 0x65, 0x74, 0x61, 0x57, 0x52, 0x41, 0x50,
    0x20, 0x42, 0x4d, 0x54, 0x41, 0x47, 0x47, 0x45, 0x52, 0x20, 0x68, 0x67, 0x33, 0x38, 0x20, 0xe7,
    0xb4, 0xa2, 0xe5, 0xbc, 0x95, 0x22, 0x20, 0x3b, 0x3b, 0x0a, 0x20, 0x20, 0x20, 0x20, 0x2a, 0x29,
    0x20, 0x72, 0x65, 0x74, 0x75, 0x72, 0x6e, 0x20, 0x31, 0x20, 0x3b, 0x3b, 0x0a, 0x20, 0x20, 0x65,
    0x73, 0x61, 0x63, 0x0a, 0x0a, 0x20, 0x20, 0x6d, 0x65, 0x74, 0x61, 0x77, 0x72, 0x61, 0x70, 0x5f,
    0x64, 0x62, 0x5f, 0x72, 0x65, 0x61, 0x64, 0x79, 0x20, 0x22, 0x24, 0x72, 0x6f, 0x6f, 0x74, 0x5f,
    0x64, 0x62, 0x22, 0x20, 0x22, 0x24, 0x6b, 0x69, 0x6e, 0x64, 0x22, 0x20, 0x7c, 0x7c, 0x20, 0x72,
    0x65, 0x74, 0x75, 0x72, 0x6e, 0x20, 0x31, 0x0a, 0x20, 0x20, 0x63, 0x6f, 0x70, 0x79, 0x5f, 0x72,
    0x6f, 0x6f, 0x74, 0x5f, 0x64, 0x61, 0x74, 0x61, 0x62, 0x61, 0x73, 0x65, 0x5f, 0x74, 0x72, 0x65,
    0x65, 0x20, 0x22, 0x24, 0x75, 0x73, 0x65, 0x72, 0x22, 0x20, 0x22, 0x24, 0x72, 0x6f, 0x6f, 0x74,
    0x5f, 0x64, 0x62, 0x2f, 0x24, 0x73, 0x75, 0x62, 0x64, 0x69, 0x72, 0x22, 0x20, 0x22, 0x24, 0x64,
    0x62, 0x5f, 0x72, 0x6f, 0x6f, 0x74, 0x2f, 0x24, 0x73, 0x75, 0x62, 0x64, 0x69, 0x72, 0x22, 0x20,
    0x22, 0x24, 0x6c, 0x61, 0x62, 0x65, 0x6c, 0x22, 0x0a, 0x7d, 0x0a, 0x0a, 0x73, 0x68, 0x6f, 0x77,
    0x5f, 0x6d, 0x65, 0x74, 0x61, 0x77, 0x72, 0x61, 0x70, 0x5f, 0x64, 0x62, 0x5f, 0x73, 0x74, 0x61,
    0x74, 0x75, 0x73, 0x28, 0x29, 0x20, 0x7b, 0x0a, 0x20, 0x20, 0x6c, 0x6f, 0x63, 0x61, 0x6c, 0x20,
    0x64, 0x62, 0x5f, 0x72, 0x6f, 0x6f, 0x74, 0x3d, 0x22, 0x24, 0x31, 0x22, 0x20, 0x6b, 0x69, 0x6e,
    0x64, 0x20, 0x6c, 0x61, 0x62, 0x65, 0x6c, 0x0a, 0x20, 0x20, 0x70, 0x72, 0x69, 0x6e, 0x74, 0x66,
    0x20, 0x27, 0x5c, 0x6e, 0x6d, 0x65, 0x74, 0x61, 0x57, 0x52, 0x41, 0x50, 0x20, 0xe6, 0x95, 0xb0,
    0xe6, 0x8d, 0xae, 0xe5, 0xba, 0x93, 0xe7, 0x8a, 0xb6, 0xe6, 0x80, 0x81, 0x3a, 0x20, 0x25, 0x73,
    0x5c, 0x6e, 0x27, 0x20, 0x22, 0x24, 0x64, 0x62, 0x5f, 0x72, 0x6f, 0x6f, 0x74, 0x22, 0x0a, 0x20,
    0x20, 0x66, 0x6f, 0x72, 0x20, 0x6b, 0x69, 0x6e, 0x64, 0x20, 0x69, 0x6e, 0x20, 0x63, 0x68, 0x65,
    0x63, 0x6b, 0x6d, 0x20, 0x6b, 0x72, 0x61, 0x6b, 0x65, 0x6e, 0x32, 0x20, 0x6e, 0x74, 0x20, 0x74,
    0x61, 0x78, 0x6f, 0x6e, 0x6f, 0x6d, 0x79, 0x20, 0x62, 0x6d, 0x74, 0x61, 0x67, 0x67, 0x65, 0x72,
    0x3b, 0x20, 0x64, 0x6f, 0x0a, 0x20, 0x20, 0x20, 0x20, 0x63, 0x61, 0x73, 0x65, 0x20, 0x22, 0x24,
    0x6b, 0x69, 0x6e, 0x64, 0x22, 0x20, 0x69, 0x6e, 0x0a, 0x20, 0x20, 0x20, 0x20, 0x20, 0x20, 0x63,
    0x68, 0x65, 0x63, 0x6b, 0x6d, 0x29, 0x20, 0x6c, 0x61, 0x62, 0x65, 0x6c, 0x3d, 0x22, 0x43, 0x68,
    0x65, 0x63, 0x6b, 0x4d, 0x22, 0x20, 0x3b, 0x3b, 0x0a, 0x20, 0x20, 0x20, 0x20, 0x20, 0x20, 0x6b,
    0x72, 0x61, 0x6b, 0x65, 0x6e, 0x32, 0x29, 0x20, 0x6c, 0x61, 0x62, 0x65, 0x6c, 0x3d, 0x22, 0x4b,
    0x72, 0x61, 0x6b, 0x65, 0x6e, 0x32, 0x22, 0x20, 0x3b, 0x3b, 0x0a, 0x20, 0x20, 0x20, 0x20, 0x20,
    0x20, 0x6e, 0x74, 0x29, 0x20, 0x6c, 0x61, 0x62, 0x65, 0x6c, 0x3d, 0x22, 0x4e, 0x43, 0x42, 0x49,
    0x20, 0x6e, 0x74, 0x22, 0x20, 0x3b, 0x3b, 0x0a, 0x20, 0x20, 0x20, 0x20, 0x20, 0x20, 0x74, 0x61,
    0x78, 0x6f, 0x6e, 0x6f, 0x6d, 0x79, 0x29, 0x20, 0x6c, 0x61, 0x62, 0x65, 0x6c, 0x3d, 0x22, 0x4e,
    0x43, 0x42, 0x49, 0x20, 0x74, 0x61, 0x78, 0x6f, 0x6e, 0x6f, 0x6d, 0x79, 0x22, 0x20, 0x3b, 0x3b,
    0x0a, 0x20, 0x20, 0x20, 0x20, 0x20, 0x20, 0x62, 0x6d, 0x74, 0x61, 0x67, 0x67, 0x65, 0x72, 0x29,
    0x20, 0x6c, 0x61, 0x62, 0x65, 0x6c, 0x3d, 0x22, 0x42, 0x4d, 0x54, 0x41, 0x47, 0x47, 0x45, 0x52,
    0x20, 0x68, 0x67, 0x33, 0x38, 0x22, 0x20, 0x3b, 0x3b, 0x0a, 0x20, 0x20, 0x20, 0x20, 0x65, 0x73,
    0x61, 0x63, 0x0a, 0x20, 0x20, 0x20, 0x20, 0x69, 0x66, 0x20, 0x6d, 0x65, 0x74, 0x61, 0x77, 0x72,
    0x61, 0x70, 0x5f, 0x64, 0x62, 0x5f, 0x72, 0x65, 0x61, 0x64, 0x79, 0x20, 0x22, 0x24, 0x64, 0x62,
    0x5f, 0x72, 0x6f, 0x6f, 0x74, 0x22, 0x20, 0x22, 0x24, 0x6b, 0x69, 0x6e, 0x64, 0x22, 0x3b, 0x20,
    0x74, 0x68, 0x65, 0x6e, 0x0a, 0x20, 0x20, 0x20, 0x20, 0x20, 0x20, 0x70, 0x72, 0x69, 0x6e, 0x74,
    0x66, 0x20, 0x27, 0x20, 0x20, 0x25, 0x2d, 0x31, 0x38, 0x73, 0x20, 0x52, 0x45, 0x41, 0x44, 0x59,
    0x5c, 0x6e, 0x27, 0x20, 0x22, 0x24, 0x6c, 0x61, 0x62, 0x65, 0x6c, 0x22, 0x0a, 0x20, 0x20, 0x20,
    0x20, 0x65, 0x6c, 0x73, 0x65, 0x0a, 0x20, 0x20, 0x20, 0x20, 0x20, 0x20, 0x70, 0x72, 0x69, 0x6e,
    0x74, 0x66, 0x20, 0x27, 0x20, 0x20, 0x25, 0x2d, 0x31, 0x38, 0x73, 0x20, 0x4d, 0x49, 0x53, 0x53,
    0x49, 0x4e, 0x47, 0x5c, 0x6e, 0x27, 0x20, 0x22, 0x24, 0x6c, 0x61, 0x62, 0x65, 0x6c, 0x22, 0x0a,
    0x20, 0x20, 0x20, 0x20, 0x66, 0x69, 0x0a, 0x20, 0x20, 0x64, 0x6f, 0x6e, 0x65, 0x0a, 0x7d, 0x0a,
    0x0a, 0x64, 0x6f, 0x77, 0x6e, 0x6c, 0x6f, 0x61, 0x64, 0x5f, 0x6d, 0x65, 0x74, 0x61, 0x77, 0x72,
    0x61, 0x70, 0x5f, 0x63, 0x68, 0x65, 0x63, 0x6b, 0x6d, 0x5f, 0x64, 0x62, 0x28, 0x29, 0x20, 0x7b,
    0x0a, 0x20, 0x20, 0x6c, 0x6f, 0x63, 0x61, 0x6c, 0x20, 0x75, 0x73, 0x65, 0x72, 0x3d, 0x22, 0x24,
    0x31, 0x22, 0x20, 0x63, 0x6f, 0x6e, 0x64, 0x61, 0x5f, 0x62, 0x69, 0x6e, 0x3d, 0x22, 0x24, 0x32,
    0x22, 0x20, 0x64, 0x62, 0x5f, 0x72, 0x6f, 0x6f, 0x74, 0x3d, 0x22, 0x24, 0x33, 0x22, 0x0a, 0x20,
    0x20, 0x6c, 0x6f, 0x63, 0x61, 0x6c, 0x20, 0x64, 0x69, 0x72, 0x3d, 0x22, 0x24, 0x64, 0x62, 0x5f,
    0x72, 0x6f, 0x6f, 0x74, 0x2f, 0x43, 0x68, 0x65, 0x63, 0x6b, 0x4d, 0x22, 0x20, 0x61, 0x72, 0x63,
    0x68, 0x69, 0x76, 0x65, 0x3d, 0x22, 0x24, 0x64, 0x62, 0x5f, 0x72, 0x6f, 0x6f, 0x74, 0x2f, 0x43,
    0x68, 0x65, 0x63, 0x6b, 0x4d, 0x2f, 0x63, 0x68, 0x65, 0x63, 0x6b, 0x6d, 0x5f, 0x64, 0x61, 0x74,
    0x61, 0x5f, 0x32, 0x30, 0x31, 0x35, 0x5f, 0x30, 0x31, 0x5f, 0x31, 0x36, 0x2e, 0x74, 0x61, 0x72,
    0x2e, 0x67, 0x7a, 0x22, 0x0a, 0x20, 0x20, 0x69, 0x66, 0x20, 0x6d, 0x61, 0x79, 0x62, 0x65, 0x5f,
    0x63, 0x6f, 0x70, 0x79, 0x5f, 0x6d, 0x65, 0x74, 0x61, 0x77, 0x72, 0x61, 0x70, 0x5f, 0x64, 0x62,
    0x5f, 0x66, 0x72, 0x6f, 0x6d, 0x5f, 0x72, 0x6f, 0x6f, 0x74, 0x20, 0x22, 0x24, 0x75, 0x73, 0x65,
    0x72, 0x22, 0x20, 0x22, 0x24, 0x64, 0x62, 0x5f, 0x72, 0x6f, 0x6f, 0x74, 0x22, 0x20, 0x63, 0x68,
    0x65, 0x63, 0x6b, 0x6d, 0x3b, 0x20, 0x74, 0x68, 0x65, 0x6e, 0x0a, 0x20, 0x20, 0x20, 0x20, 0x61,
    0x73, 0x5f, 0x6e, 0x61, 0x6d, 0x65, 0x64, 0x5f, 0x75, 0x73, 0x65, 0x72, 0x20, 0x22, 0x24, 0x75,
    0x73, 0x65, 0x72, 0x22, 0x20, 0x22, 0x24, 0x63, 0x6f, 0x6e, 0x64, 0x61, 0x5f, 0x62, 0x69, 0x6e,
    0x22, 0x20, 0x72, 0x75, 0x6e, 0x20, 0x2d, 0x6e, 0x20, 0x6d, 0x65, 0x74, 0x61, 0x57, 0x52, 0x41,
    0x50, 0x20, 0x63, 0x68, 0x65, 0x63, 0x6b, 0x6d, 0x20, 0x64, 0x61, 0x74, 0x61, 0x20, 0x73, 0x65,
    0x74, 0x52, 0x6f, 0x6f, 0x74, 0x20, 0x22, 0x24, 0x64, 0x69, 0x72, 0x22, 0x0a, 0x20, 0x20, 0x20,
    0x20, 0x6c, 0x6f, 0x67, 0x20, 0x22, 0x43, 0x68, 0x65, 0x63, 0x6b, 0x4d, 0x20, 0xe6, 0x95, 0xb0,
    0xe6, 0x8d, 0xae, 0xe5, 0xba, 0x93, 0xe5, 0xb7, 0xb2, 0xe4, 0xbb, 0x8e, 0x20, 0x72, 0x6f, 0x6f,
    0x74, 0x20, 0xe6, 0x9c, 0xac, 0xe5, 0x9c, 0xb0, 0xe7, 0xbc, 0x93, 0xe5, 0xad, 0x98, 0xe5, 0xa4,
    0x8d, 0xe5, 0x88, 0xb6, 0xe5, 0xb9, 0xb6, 0xe9, 0x85, 0x8d, 0xe7, 0xbd, 0xae, 0x3a, 0x20, 0x24,
    0x64, 0x69, 0x72, 0x22, 0x0a, 0x20, 0x20, 0x20, 0x20, 0x72, 0x65, 0x74, 0x75, 0x72, 0x6e, 0x20,
    0x30, 0x0a, 0x20, 0x20, 0x66, 0x69, 0x0a, 0x20, 0x20, 0x61, 0x73, 0x5f, 0x6e, 0x61, 0x6d, 0x65,
    0x64, 0x5f, 0x75, 0x73, 0x65, 0x72, 0x20, 0x22, 0x24, 0x75, 0x73, 0x65, 0x72, 0x22, 0x20, 0x6d,
    0x6b, 0x64, 0x69, 0x72, 0x20, 0x2d, 0x70, 0x20, 0x22, 0x24, 0x64, 0x69, 0x72, 0x22, 0x0a, 0x20,
    0x20, 0x69, 0x66, 0x20, 0x5b, 0x5b, 0x20, 0x2d, 0x65, 0x20, 0x22, 0x24, 0x64, 0x69, 0x72, 0x2f,
    0x2e, 0x62, 0x69, 0x6f, 0x69, 0x6e, 0x66, 0x6f, 0x2d, 0x64, 0x6f, 0x77, 0x6e, 0x6c, 0x6f, 0x61,
    0x64, 0x2d, 0x63, 0x6f, 0x6d, 0x70, 0x6c, 0x65, 0x74, 0x65, 0x22, 0x20, 0x5d, 0x5d, 0x3b, 0x20,
    0x74, 0x68, 0x65, 0x6e, 0x0a, 0x20, 0x20, 0x20, 0x20, 0x69, 0x6e, 0x66, 0x6f, 0x20, 0x22, 0x43,
    0x68, 0x65, 0x63, 0x6b, 0x4d, 0x20, 0xe6, 0x95, 0xb0, 0xe6, 0x8d, 0xae, 0xe5, 0xba, 0x93, 0xe5,
    0xb7, 0xb2, 0xe5, 0xad, 0x98, 0xe5, 0x9c, 0xa8, 0xef, 0xbc, 0x8c, 0xe8, 0xb7, 0xb3, 0xe8, 0xbf,
    0x87, 0xe4, 0xb8, 0x8b, 0xe8, 0xbd, 0xbd, 0x3a, 0x20, 0x24, 0x64, 0x69, 0x72, 0x22, 0x0a, 0x20,
    0x20, 0x65, 0x6c, 0x73, 0x65, 0x0a, 0x20, 0x20, 0x20, 0x20, 0x61, 0x73, 0x5f, 0x6e, 0x61, 0x6d,
    0x65, 0x64, 0x5f, 0x75, 0x73, 0x65, 0x72, 0x20, 0x22, 0x24, 0x75, 0x73, 0x65, 0x72, 0x22, 0x20,
    0x63, 0x75, 0x72, 0x6c, 0x20, 0x2d, 0x66, 0x4c, 0x20, 0x2d, 0x2d, 0x72, 0x65, 0x74, 0x72, 0x79,
    0x20, 0x33, 0x20, 0x2d, 0x2d, 0x72, 0x65, 0x74, 0x72, 0x79, 0x2d, 0x64, 0x65, 0x6c, 0x61, 0x79,
    0x20, 0x35, 0x20, 0x22, 0x68, 0x74, 0x74, 0x70, 0x73, 0x3a, 0x2f, 0x2f, 0x64, 0x61, 0x74, 0x61,
    0x2e, 0x61, 0x63, 0x65, 0x2e, 0x75, 0x71, 0x2e, 0x65, 0x64, 0x75, 0x2e, 0x61, 0x75, 0x2f, 0x70,
    0x75, 0x62, 0x6c, 0x69, 0x63, 0x2f, 0x43, 0x68, 0x65, 0x63, 0x6b, 0x4d, 0x5f, 0x64, 0x61, 0x74,
    0x61, 0x62, 0x61, 0x73, 0x65, 0x73, 0x2f, 0x63, 0x68, 0x65, 0x63, 0x6b, 0x6d, 0x5f, 0x64, 0x61,
    0x74, 0x61, 0x5f, 0x32, 0x30, 0x31, 0x35, 0x5f, 0x30, 0x31, 0x5f, 0x31, 0x36, 0x2e, 0x74, 0x61,
    0x72, 0x2e, 0x67, 0x7a, 0x22, 0x20, 0x2d, 0x6f, 0x20, 0x22, 0x24, 0x61, 0x72, 0x63, 0x68, 0x69,
    0x76, 0x65, 0x22, 0x0a, 0x20, 0x20, 0x20, 0x20, 0x61, 0x73, 0x5f, 0x6e, 0x61, 0x6d, 0x65, 0x64,
    0x5f, 0x75, 0x73, 0x65, 0x72, 0x20, 0x22, 0x24, 0x75, 0x73, 0x65, 0x72, 0x22, 0x20, 0x74, 0x61,
    0x72, 0x20, 0x2d, 0x78, 0x7a, 0x66, 0x20, 0x22, 0x24, 0x61, 0x72, 0x63, 0x68, 0x69, 0x76, 0x65,
    0x22, 0x20, 0x2d, 0x43, 0x20, 0x22, 0x24, 0x64, 0x69, 0x72, 0x22, 0x0a, 0x20, 0x20, 0x20, 0x20,
    0x61, 0x73, 0x5f, 0x6e, 0x61, 0x6d, 0x65, 0x64, 0x5f, 0x75, 0x73, 0x65, 0x72, 0x20, 0x22, 0x24,
    0x75, 0x73, 0x65, 0x72, 0x22, 0x20, 0x72, 0x6d, 0x20, 0x2d, 0x66, 0x20, 0x22, 0x24, 0x61, 0x72,
    0x63, 0x68, 0x69, 0x76, 0x65, 0x22, 0x0a, 0x20, 0x20, 0x20, 0x20, 0x61, 0x73, 0x5f, 0x6e, 0x61,
    0x6d, 0x65, 0x64, 0x5f, 0x75, 0x73, 0x65, 0x72, 0x20, 0x22, 0x24, 0x75, 0x73, 0x65, 0x72, 0x22,
    0x20, 0x74, 0x6f, 0x75, 0x63, 0x68, 0x20, 0x22, 0x24, 0x64, 0x69, 0x72, 0x2f, 0x2e, 0x62, 0x69,
    0x6f, 0x69, 0x6e, 0x66, 0x6f, 0x2d, 0x64, 0x6f, 0x77, 0x6e, 0x6c, 0x6f, 0x61, 0x64, 0x2d, 0x63,
    0x6f, 0x6d, 0x70, 0x6c, 0x65, 0x74, 0x65, 0x22, 0x0a, 0x20, 0x20, 0x66, 0x69, 0x0a, 0x20, 0x20,
    0x61, 0x73, 0x5f, 0x6e, 0x61, 0x6d, 0x65, 0x64, 0x5f, 0x75, 0x73, 0x65, 0x72, 0x20, 0x22, 0x24,
    0x75, 0x73, 0x65, 0x72, 0x22, 0x20, 0x22, 0x24, 0x63, 0x6f, 0x6e, 0x64, 0x61, 0x5f, 0x62, 0x69,
    0x6e, 0x22, 0x20, 0x72, 0x75, 0x6e, 0x20, 0x2d, 0x6e, 0x20, 0x6d, 0x65, 0x74, 0x61, 0x57, 0x52,
    0x41, 0x50, 0x20, 0x63, 0x68, 0x65, 0x63, 0x6b, 0x6d, 0x20, 0x64, 0x61, 0x74, 0x61, 0x20, 0x73,
    0x65, 0x74, 0x52, 0x6f, 0x6f, 0x74, 0x20, 0x22, 0x24, 0x64, 0x69, 0x72, 0x22, 0x0a, 0x20, 0x20,
    0x6c, 0x6f, 0x67, 0x20, 0x22, 0x43, 0x68, 0x65, 0x63, 0x6b, 0x4d, 0x20, 0xe6, 0x95, 0xb0, 0xe6,
    0x8d, 0xae, 0xe5, 0xba, 0x93, 0xe9, 0x85, 0x8d, 0xe7, 0xbd, 0xae, 0xe5, 0xae, 0x8c, 0xe6, 0x88,
    0x90, 0x3a, 0x20, 0x24, 0x64, 0x69, 0x72, 0x22, 0x0a, 0x7d, 0x0a, 0x0a, 0x64, 0x6f, 0x77, 0x6e,
    0x6c, 0x6f, 0x61, 0x64, 0x5f, 0x6d, 0x65, 0x74, 0x61, 0x77, 0x72, 0x61, 0x70, 0x5f, 0x6b, 0x72,
    0x61, 0x6b, 0x65, 0x6e, 0x32, 0x5f, 0x64, 0x62, 0x28, 0x29, 0x20, 0x7b, 0x0a, 0x20, 0x20, 0x6c,
    0x6f, 0x63, 0x61, 0x6c, 0x20, 0x75, 0x73, 0x65, 0x72, 0x3d, 0x22, 0x24, 0x31, 0x22, 0x20, 0x63,
    0x6f, 0x6e, 0x64, 0x61, 0x5f, 0x62, 0x69, 0x6e, 0x3d, 0x22, 0x24, 0x32, 0x22, 0x20, 0x64, 0x62,
    0x5f, 0x72, 0x6f, 0x6f, 0x74, 0x3d, 0x22, 0x24, 0x33, 0x22, 0x20, 0x74, 0x68, 0x72, 0x65, 0x61,
    0x64, 0x73, 0x3d, 0x22, 0x24, 0x34, 0x22, 0x0a, 0x20, 0x20, 0x6c, 0x6f, 0x63, 0x61, 0x6c, 0x20,
    0x64, 0x69, 0x72, 0x3d, 0x22, 0x24, 0x64, 0x62, 0x5f, 0x72, 0x6f, 0x6f, 0x74, 0x2f, 0x4b, 0x52,
    0x41, 0x4b, 0x45, 0x4e, 0x32, 0x22, 0x0a, 0x20, 0x20, 0x69, 0x66, 0x20, 0x6d, 0x61, 0x79, 0x62,
    0x65, 0x5f, 0x63, 0x6f, 0x70, 0x79, 0x5f, 0x6d, 0x65, 0x74, 0x61, 0x77, 0x72, 0x61, 0x70, 0x5f,
    0x64, 0x62, 0x5f, 0x66, 0x72, 0x6f, 0x6d, 0x5f, 0x72, 0x6f, 0x6f, 0x74, 0x20, 0x22, 0x24, 0x75,
    0x73, 0x65, 0x72, 0x22, 0x20, 0x22, 0x24, 0x64, 0x62, 0x5f, 0x72, 0x6f, 0x6f, 0x74, 0x22, 0x20,
    0x6b, 0x72, 0x61, 0x6b, 0x65, 0x6e, 0x32, 0x3b, 0x20, 0x74, 0x68, 0x65, 0x6e, 0x0a, 0x20, 0x20,
    0x20, 0x20, 0x6d, 0x65, 0x74, 0x61, 0x77, 0x72, 0x61, 0x70, 0x5f, 0x63, 0x6f, 0x6e, 0x66, 0x69,
    0x67, 0x5f, 0x73, 0x65, 0x74, 0x5f, 0x66, 0x6f, 0x72, 0x5f, 0x75, 0x73, 0x65, 0x72, 0x20, 0x22,
    0x24, 0x75, 0x73, 0x65, 0x72, 0x22, 0x20, 0x22, 0x24, 0x63, 0x6f, 0x6e, 0x64, 0x61, 0x5f, 0x62,
    0x69, 0x6e, 0x22, 0x20, 0x4b, 0x52, 0x41, 0x4b, 0x45, 0x4e, 0x32, 0x5f, 0x44, 0x42, 0x20, 0x22,
    0x24, 0x64, 0x69, 0x72, 0x22, 0x0a, 0x20, 0x20, 0x20, 0x20, 0x6c, 0x6f, 0x67, 0x20, 0x22, 0x4b,
    0x72, 0x61, 0x6b, 0x65, 0x6e, 0x32, 0x20, 0xe6, 0x95, 0xb0, 0xe6, 0x8d, 0xae, 0xe5, 0xba, 0x93,
    0xe5, 0xb7, 0xb2, 0xe4, 0xbb, 0x8e, 0x20, 0x72, 0x6f, 0x6f, 0x74, 0x20, 0xe6, 0x9c, 0xac, 0xe5,
    0x9c, 0xb0, 0xe7, 0xbc, 0x93, 0xe5, 0xad, 0x98, 0xe5, 0xa4, 0x8d, 0xe5, 0x88, 0xb6, 0xe5, 0xb9,
    0xb6, 0xe9, 0x85, 0x8d, 0xe7, 0xbd, 0xae, 0x3a, 0x20, 0x24, 0x64, 0x69, 0x72, 0x22, 0x0a, 0x20,
    0x20, 0x20, 0x20, 0x72, 0x65, 0x74, 0x75, 0x72, 0x6e, 0x20, 0x30, 0x0a, 0x20, 0x20, 0x66, 0x69,
    0x0a, 0x20, 0x20, 0x77, 0x61, 0x72, 0x6e, 0x20, 0x22, 0x4b, 0x72, 0x61, 0x6b, 0x65, 0x6e, 0x32,
    0x20, 0x73, 0x74, 0x61, 0x6e, 0x64, 0x61, 0x72, 0x64, 0x20, 0xe6, 0x95, 0xb0, 0xe6, 0x8d, 0xae,
    0xe5, 0xba, 0x93, 0xe9, 0x9c, 0x80, 0xe8, 0xa6, 0x81, 0xe5, 0xa4, 0xa7, 0xe9, 0x87, 0x8f, 0xe7,
    0xa3, 0x81, 0xe7, 0x9b, 0x98, 0xe5, 0x92, 0x8c, 0xe5, 0x86, 0x85, 0xe5, 0xad, 0x98, 0xef, 0xbc,
    0x9b, 0xe5, 0xae, 0x98, 0xe6, 0x96, 0xb9, 0x20, 0x6d, 0x65, 0x74, 0x61, 0x57, 0x52, 0x41, 0x50,
    0x20, 0xe6, 0x96, 0x87, 0xe6, 0xa1, 0xa3, 0xe7, 0xbb, 0x99, 0xe5, 0x87, 0xba, 0xe7, 0x9a, 0x84,
    0xe9, 0x87, 0x8f, 0xe7, 0xba, 0xa7, 0xe7, 0xba, 0xa6, 0x20, 0x31, 0x32, 0x35, 0x47, 0x42, 0xef,
    0xbc, 0x8c, 0xe6, 0x9e, 0x84, 0xe5, 0xbb, 0xba, 0xe9, 0x98, 0xb6, 0xe6, 0xae, 0xb5, 0xe8, 0xb5,
    0x84, 0xe6, 0xba, 0x90, 0xe9, 0x9c, 0x80, 0xe6, 0xb1, 0x82, 0xe8, 0xbe, 0x83, 0xe9, 0xab, 0x98,
    0xe3, 0x80, 0x82, 0x22, 0x0a, 0x20, 0x20, 0x63, 0x6f, 0x6e, 0x66, 0x69, 0x72, 0x6d, 0x20, 0x22,
    0xe7, 0xa1, 0xae, 0xe8, 0xae, 0xa4, 0xe4, 0xb8, 0x8b, 0xe8, 0xbd, 0xbd, 0xe5, 0xb9, 0xb6, 0xe6,
    0x9e, 0x84, 0xe5, 0xbb, 0xba, 0x20, 0x4b, 0x72, 0x61, 0x6b, 0x65, 0x6e, 0x32, 0x20, 0x73, 0x74,
    0x61, 0x6e, 0x64, 0x61, 0x72, 0x64, 0x20, 0xe6, 0x95, 0xb0, 0xe6, 0x8d, 0xae, 0xe5, 0xba, 0x93,
    0xef, 0xbc, 0x9f, 0x22, 0x20, 0x7c, 0x7c, 0x20, 0x72, 0x65, 0x74, 0x75, 0x72, 0x6e, 0x20, 0x30,
    0x0a, 0x20, 0x20, 0x61, 0x73, 0x5f, 0x6e, 0x61, 0x6d, 0x65, 0x64, 0x5f, 0x75, 0x73, 0x65, 0x72,
    0x20, 0x22, 0x24, 0x75, 0x73, 0x65, 0x72, 0x22, 0x20, 0x6d, 0x6b, 0x64, 0x69, 0x72, 0x20, 0x2d,
    0x70, 0x20, 0x22, 0x24, 0x64, 0x69, 0x72, 0x22, 0x0a, 0x20, 0x20, 0x69, 0x66, 0x20, 0x5b, 0x5b,
    0x20, 0x21, 0x20, 0x2d, 0x65, 0x20, 0x22, 0x24, 0x64, 0x69, 0x72, 0x2f, 0x68, 0x61, 0x73, 0x68,
    0x2e, 0x6b, 0x32, 0x64, 0x22, 0x20, 0x7c, 0x7c, 0x20, 0x21, 0x20, 0x2d, 0x65, 0x20, 0x22, 0x24,
    0x64, 0x69, 0x72, 0x2f, 0x6f, 0x70, 0x74, 0x73, 0x2e, 0x6b, 0x32, 0x64, 0x22, 0x20, 0x7c, 0x7c,
    0x20, 0x21, 0x20, 0x2d, 0x65, 0x20, 0x22, 0x24, 0x64, 0x69, 0x72, 0x2f, 0x74, 0x61, 0x78, 0x6f,
    0x2e, 0x6b, 0x32, 0x64, 0x22, 0x20, 0x5d, 0x5d, 0x3b, 0x20, 0x74, 0x68, 0x65, 0x6e, 0x0a, 0x20,
    0x20, 0x20, 0x20, 0x61, 0x73, 0x5f, 0x6e, 0x61, 0x6d, 0x65, 0x64, 0x5f, 0x75, 0x73, 0x65, 0x72,
    0x20, 0x22, 0x24, 0x75, 0x73, 0x65, 0x72, 0x22, 0x20, 0x22, 0x24, 0x63, 0x6f, 0x6e, 0x64, 0x61,
    0x5f, 0x62, 0x69, 0x6e, 0x22, 0x20, 0x72, 0x75, 0x6e, 0x20, 0x2d, 0x6e, 0x20, 0x6d, 0x65, 0x74,
    0x61, 0x57, 0x52, 0x41, 0x50, 0x20, 0x6b, 0x72, 0x61, 0x6b, 0x65, 0x6e, 0x32, 0x2d, 0x62, 0x75,
    0x69, 0x6c, 0x64, 0x20, 0x2d, 0x2d, 0x73, 0x74, 0x61, 0x6e, 0x64, 0x61, 0x72, 0x64, 0x20, 0x2d,
    0x2d, 0x74, 0x68, 0x72, 0x65, 0x61, 0x64, 0x73, 0x20, 0x22, 0x24, 0x74, 0x68, 0x72, 0x65, 0x61,
    0x64, 0x73, 0x22, 0x20, 0x2d, 0x2d, 0x64, 0x62, 0x20, 0x22, 0x24, 0x64, 0x69, 0x72, 0x22, 0x0a,
    0x20, 0x20, 0x65, 0x6c, 0x73, 0x65, 0x0a, 0x20, 0x20, 0x20, 0x20, 0x69, 0x6e, 0x66, 0x6f, 0x20,
    0x22, 0x4b, 0x72, 0x61, 0x6b, 0x65, 0x6e, 0x32, 0x20, 0xe6, 0x95, 0xb0, 0xe6, 0x8d, 0xae, 0xe5,
    0xba, 0x93, 0xe6, 0xa0, 0xb8, 0xe5, 0xbf, 0x83, 0xe6, 0x96, 0x87, 0xe4, 0xbb, 0xb6, 0xe5, 0xb7,
    0xb2, 0xe5, 0xad, 0x98, 0xe5, 0x9c, 0xa8, 0xef, 0xbc, 0x8c, 0xe8, 0xb7, 0xb3, 0xe8, 0xbf, 0x87,
    0xe6, 0x9e, 0x84, 0xe5, 0xbb, 0xba, 0xe3, 0x80, 0x82, 0x22, 0x0a, 0x20, 0x20, 0x66, 0x69, 0x0a,
    0x20, 0x20, 0x6d, 0x65, 0x74, 0x61, 0x77, 0x72, 0x61, 0x70, 0x5f, 0x63, 0x6f, 0x6e, 0x66, 0x69,
    0x67, 0x5f, 0x73, 0x65, 0x74, 0x5f, 0x66, 0x6f, 0x72, 0x5f, 0x75, 0x73, 0x65, 0x72, 0x20, 0x22,
    0x24, 0x75, 0x73, 0x65, 0x72, 0x22, 0x20, 0x22, 0x24, 0x63, 0x6f, 0x6e, 0x64, 0x61, 0x5f, 0x62,
    0x69, 0x6e, 0x22, 0x20, 0x4b, 0x52, 0x41, 0x4b, 0x45, 0x4e, 0x32, 0x5f, 0x44, 0x42, 0x20, 0x22,
    0x24, 0x64, 0x69, 0x72, 0x22, 0x0a, 0x20, 0x20, 0x6c, 0x6f, 0x67, 0x20, 0x22, 0x4b, 0x72, 0x61,
    0x6b, 0x65, 0x6e, 0x32, 0x20, 0xe6, 0x95, 0xb0, 0xe6, 0x8d, 0xae, 0xe5, 0xba, 0x93, 0xe9, 0x85,
    0x8d, 0xe7, 0xbd, 0xae, 0xe5, 0xae, 0x8c, 0xe6, 0x88, 0x90, 0x3a, 0x20, 0x24, 0x64, 0x69, 0x72,
    0x22, 0x0a, 0x7d, 0x0a, 0x0a, 0x64, 0x6f, 0x77, 0x6e, 0x6c, 0x6f, 0x61, 0x64, 0x5f, 0x6d, 0x65,
    0x74, 0x61, 0x77, 0x72, 0x61, 0x70, 0x5f, 0x6e, 0x63, 0x62, 0x69, 0x5f, 0x6e, 0x74, 0x5f, 0x64,
    0x62, 0x28, 0x29, 0x20, 0x7b, 0x0a, 0x20, 0x20, 0x6c, 0x6f, 0x63, 0x61, 0x6c, 0x20, 0x75, 0x73,
    0x65, 0x72, 0x3d, 0x22, 0x24, 0x31, 0x22, 0x20, 0x63, 0x6f, 0x6e, 0x64, 0x61, 0x5f, 0x62, 0x69,
    0x6e, 0x3d, 0x22, 0x24, 0x32, 0x22, 0x20, 0x64, 0x62, 0x5f, 0x72, 0x6f, 0x6f, 0x74, 0x3d, 0x22,
    0x24, 0x33, 0x22, 0x0a, 0x20, 0x20, 0x6c, 0x6f, 0x63, 0x61, 0x6c, 0x20, 0x64, 0x69, 0x72, 0x3d,
    0x22, 0x24, 0x64, 0x62, 0x5f, 0x72, 0x6f, 0x6f, 0x74, 0x2f, 0x4e, 0x43, 0x42, 0x49, 0x5f, 0x6e,
    0x74, 0x22, 0x0a, 0x20, 0x20, 0x69, 0x66, 0x20, 0x6d, 0x61, 0x79, 0x62, 0x65, 0x5f, 0x63, 0x6f,
    0x70, 0x79, 0x5f, 0x6d, 0x65, 0x74, 0x61, 0x77, 0x72, 0x61, 0x70, 0x5f, 0x64, 0x62, 0x5f, 0x66,
    0x72, 0x6f, 0x6d, 0x5f, 0x72, 0x6f, 0x6f, 0x74, 0x20, 0x22, 0x24, 0x75, 0x73, 0x65, 0x72, 0x22,
    0x20, 0x22, 0x24, 0x64, 0x62, 0x5f, 0x72, 0x6f, 0x6f, 0x74, 0x22, 0x20, 0x6e, 0x74, 0x3b, 0x20,
    0x74, 0x68, 0x65, 0x6e, 0x0a, 0x20, 0x20, 0x20, 0x20, 0x6d, 0x65, 0x74, 0x61, 0x77, 0x72, 0x61,
    0x70, 0x5f, 0x63, 0x6f, 0x6e, 0x66, 0x69, 0x67, 0x5f, 0x73, 0x65, 0x74, 0x5f, 0x66, 0x6f, 0x72,
    0x5f, 0x75, 0x73, 0x65, 0x72, 0x20, 0x22, 0x24, 0x75, 0x73, 0x65, 0x72, 0x22, 0x20, 0x22, 0x24,
    0x63, 0x6f, 0x6e, 0x64, 0x61, 0x5f, 0x62, 0x69, 0x6e, 0x22, 0x20, 0x42, 0x4c, 0x41, 0x53, 0x54,
    0x44, 0x42, 0x20, 0x22, 0x24, 0x64, 0x69, 0x72, 0x22, 0x0a, 0x20, 0x20, 0x20, 0x20, 0x6c, 0x6f,
    0x67, 0x20, 0x22, 0x4e, 0x43, 0x42, 0x49, 0x20, 0x6e, 0x74, 0x20, 0xe6, 0x95, 0xb0, 0xe6, 0x8d,
    0xae, 0xe5, 0xba, 0x93, 0xe5, 0xb7, 0xb2, 0xe4, 0xbb, 0x8e, 0x20, 0x72, 0x6f, 0x6f, 0x74, 0x20,
    0xe6, 0x9c, 0xac, 0xe5, 0x9c, 0xb0, 0xe7, 0xbc, 0x93, 0xe5, 0xad, 0x98, 0xe5, 0xa4, 0x8d, 0xe5,
    0x88, 0xb6, 0xe5, 0xb9, 0xb6, 0xe9, 0x85, 0x8d, 0xe7, 0xbd, 0xae, 0x3a, 0x20, 0x24, 0x64, 0x69,
    0x72, 0x22, 0x0a, 0x20, 0x20, 0x20, 0x20, 0x72, 0x65, 0x74, 0x75, 0x72, 0x6e, 0x20, 0x30, 0x0a,
    0x20, 0x20, 0x66, 0x69, 0x0a, 0x20, 0x20, 0x77, 0x61, 0x72, 0x6e, 0x20, 0x22, 0x4e, 0x43, 0x42,
    0x49, 0x20, 0x6e, 0x74, 0x20, 0xe6, 0x98, 0xaf, 0xe8, 0xb6, 0x85, 0xe5, 0xa4, 0xa7, 0xe5, 0x9e,
    0x8b, 0xe3, 0x80, 0x81, 0xe5, 0xa4, 0x9a, 0xe5, 0x8d, 0xb7, 0xe4, 0xb8, 0x94, 0xe6, 0x8c, 0x81,
    0xe7, 0xbb, 0xad, 0xe6, 0x9b, 0xb4, 0xe6, 0x96, 0xb0, 0xe7, 0x9a, 0x84, 0xe6, 0x95, 0xb0, 0xe6,
    0x8d, 0xae, 0xe5, 0xba, 0x93, 0xef, 0xbc, 0x9b, 0xe8, 0xaf, 0xb7, 0xe7, 0xa1, 0xae, 0xe4, 0xbf,
    0x9d, 0xe7, 0x9b, 0xae, 0xe6, 0xa0, 0x87, 0xe7, 0x9b, 0xae, 0xe5, 0xbd, 0x95, 0xe6, 0x9c, 0x89,
    0xe5, 0x85, 0x85, 0xe8, 0xb6, 0xb3, 0xe5, 0x8f, 0xaf, 0xe7, 0x94, 0xa8, 0xe7, 0xa9, 0xba, 0xe9,
    0x97, 0xb4, 0xe3, 0x80, 0x82, 0x22, 0x0a, 0x20, 0x20, 0x63, 0x6f, 0x6e, 0x66, 0x69, 0x72, 0x6d,
    0x20, 0x22, 0xe7, 0xa1, 0xae, 0xe8, 0xae, 0xa4, 0xe4, 0xb8, 0x8b, 0xe8, 0xbd, 0xbd, 0x2f, 0xe6,
    0x9b, 0xb4, 0xe6, 0x96, 0xb0, 0x20, 0x4e, 0x43, 0x42, 0x49, 0x20, 0x6e, 0x74, 0x20, 0x42, 0x4c,
    0x41, 0x53, 0x54, 0x20, 0xe6, 0x95, 0xb0, 0xe6, 0x8d, 0xae, 0xe5, 0xba, 0x93, 0xef, 0xbc, 0x9f,
    0x22, 0x20, 0x7c, 0x7c, 0x20, 0x72, 0x65, 0x74, 0x75, 0x72, 0x6e, 0x20, 0x30, 0x0a, 0x20, 0x20,
    0x61, 0x73, 0x5f, 0x6e, 0x61, 0x6d, 0x65, 0x64, 0x5f, 0x75, 0x73, 0x65, 0x72, 0x20, 0x22, 0x24,
    0x75, 0x73, 0x65, 0x72, 0x22, 0x20, 0x6d, 0x6b, 0x64, 0x69, 0x72, 0x20, 0x2d, 0x70, 0x20, 0x22,
    0x24, 0x64, 0x69, 0x72, 0x22, 0x0a, 0x20, 0x20, 0x69, 0x66, 0x20, 0x21, 0x20, 0x61, 0x73, 0x5f,
    0x6e, 0x61, 0x6d, 0x65, 0x64, 0x5f, 0x75, 0x73, 0x65, 0x72, 0x20, 0x22, 0x24, 0x75, 0x73, 0x65,
    0x72, 0x22, 0x20, 0x22, 0x24, 0x63, 0x6f, 0x6e, 0x64, 0x61, 0x5f, 0x62, 0x69, 0x6e, 0x22, 0x20,
    0x72, 0x75, 0x6e, 0x20, 0x2d, 0x6e, 0x20, 0x6d, 0x65, 0x74, 0x61, 0x57, 0x52, 0x41, 0x50, 0x20,
    0x77, 0x68, 0x69, 0x63, 0x68, 0x20, 0x75, 0x70, 0x64, 0x61, 0x74, 0x65, 0x5f, 0x62, 0x6c, 0x61,
    0x73, 0x74, 0x64, 0x62, 0x2e, 0x70, 0x6c, 0x20, 0x3e, 0x2f, 0x64, 0x65, 0x76, 0x2f, 0x6e, 0x75,
    0x6c, 0x6c, 0x20, 0x32, 0x3e, 0x26, 0x31, 0x3b, 0x20, 0x74, 0x68, 0x65, 0x6e, 0x0a, 0x20, 0x20,
    0x20, 0x20, 0x77, 0x61, 0x72, 0x6e, 0x20, 0x22, 0x6d, 0x65, 0x74, 0x61, 0x57, 0x52, 0x41, 0x50,
    0x20, 0xe7, 0x8e, 0xaf, 0xe5, 0xa2, 0x83, 0xe4, 0xb8, 0xad, 0xe6, 0x89, 0xbe, 0xe4, 0xb8, 0x8d,
    0xe5, 0x88, 0xb0, 0x20, 0x75, 0x70, 0x64, 0x61, 0x74, 0x65, 0x5f, 0x62, 0x6c, 0x61, 0x73, 0x74,
    0x64, 0x62, 0x2e, 0x70, 0x6c, 0xef, 0xbc, 0x8c, 0xe6, 0x97, 0xa0, 0xe6, 0xb3, 0x95, 0xe4, 0xbd,
    0xbf, 0xe7, 0x94, 0xa8, 0x20, 0x4e, 0x43, 0x42, 0x49, 0x20, 0xe5, 0xae, 0x98, 0xe6, 0x96, 0xb9,
    0xe6, 0x8e, 0xa8, 0xe8, 0x8d, 0x90, 0xe4, 0xb8, 0x8b, 0xe8, 0xbd, 0xbd, 0xe6, 0x96, 0xb9, 0xe5,
    0xbc, 0x8f, 0xe3, 0x80, 0x82, 0x22, 0x0a, 0x20, 0x20, 0x20, 0x20, 0x72, 0x65, 0x74, 0x75, 0x72,
    0x6e, 0x20, 0x31, 0x0a, 0x20, 0x20, 0x66, 0x69, 0x0a, 0x20, 0x20, 0x6c, 0x6f, 0x63, 0x61, 0x6c,
    0x20, 0x62, 0x6c, 0x61, 0x73, 0x74, 0x64, 0x62, 0x5f, 0x72, 0x63, 0x3d, 0x30, 0x0a, 0x20, 0x20,
    0x69, 0x66, 0x20, 0x61, 0x73, 0x5f, 0x6e, 0x61, 0x6d, 0x65, 0x64, 0x5f, 0x75, 0x73, 0x65, 0x72,
    0x5f, 0x69, 0x6e, 0x5f, 0x64, 0x69, 0x72, 0x20, 0x22, 0x24, 0x75, 0x73, 0x65, 0x72, 0x22, 0x20,
    0x22, 0x24, 0x64, 0x69, 0x72, 0x22, 0x20, 0x22, 0x24, 0x63, 0x6f, 0x6e, 0x64, 0x61, 0x5f, 0x62,
    0x69, 0x6e, 0x22, 0x20, 0x72, 0x75, 0x6e, 0x20, 0x2d, 0x6e, 0x20, 0x6d, 0x65, 0x74, 0x61, 0x57,
    0x52, 0x41, 0x50, 0x20, 0x75, 0x70, 0x64, 0x61, 0x74, 0x65, 0x5f, 0x62, 0x6c, 0x61, 0x73, 0x74,
    0x64, 0x62, 0x2e, 0x70, 0x6c, 0x20, 0x2d, 0x2d, 0x64, 0x65, 0x63, 0x6f, 0x6d, 0x70, 0x72, 0x65,
    0x73, 0x73, 0x20, 0x6e, 0x74, 0x3b, 0x20, 0x74, 0x68, 0x65, 0x6e, 0x0a, 0x20, 0x20, 0x20, 0x20,
    0x62, 0x6c, 0x61, 0x73, 0x74, 0x64, 0x62, 0x5f, 0x72, 0x63, 0x3d, 0x30, 0x0a, 0x20, 0x20, 0x65,
    0x6c, 0x73, 0x65, 0x0a, 0x20, 0x20, 0x20, 0x20, 0x62, 0x6c, 0x61, 0x73, 0x74, 0x64, 0x62, 0x5f,
    0x72, 0x63, 0x3d, 0x24, 0x3f, 0x0a, 0x20, 0x20, 0x20, 0x20, 0x69, 0x66, 0x20, 0x28, 0x28, 0x20,
    0x62, 0x6c, 0x61, 0x73, 0x74, 0x64, 0x62, 0x5f, 0x72, 0x63, 0x20, 0x21, 0x3d, 0x20, 0x31, 0x20,
    0x29, 0x29, 0x3b, 0x20, 0x74, 0x68, 0x65, 0x6e, 0x0a, 0x20, 0x20, 0x20, 0x20, 0x20, 0x20, 0x77,
    0x61, 0x72, 0x6e, 0x20, 0x22, 0x75, 0x70, 0x64, 0x61, 0x74, 0x65, 0x5f, 0x62, 0x6c, 0x61, 0x73,
    0x74, 0x64, 0x62, 0x2e, 0x70, 0x6c, 0x20, 0xe4, 0xb8, 0x8b, 0xe8, 0xbd, 0xbd, 0x20, 0x6e, 0x74,
    0x20, 0xe5, 0xa4, 0xb1, 0xe8, 0xb4, 0xa5, 0xef, 0xbc, 0x8c, 0xe9, 0x80, 0x80, 0xe5, 0x87, 0xba,
    0xe7, 0xa0, 0x81, 0x3d, 0x24, 0x62, 0x6c, 0x61, 0x73, 0x74, 0x64, 0x62, 0x5f, 0x72, 0x63, 0x22,
    0x0a, 0x20, 0x20, 0x20, 0x20, 0x20, 0x20, 0x72, 0x65, 0x74, 0x75, 0x72, 0x6e, 0x20, 0x22, 0x24,
    0x62, 0x6c, 0x61, 0x73, 0x74, 0x64, 0x62, 0x5f, 0x72, 0x63, 0x22, 0x0a, 0x20, 0x20, 0x20, 0x20,
    0x66, 0x69, 0x0a, 0x20, 0x20, 0x20, 0x20, 0x69, 0x6e, 0x66, 0x6f, 0x20, 0x22, 0x75, 0x70, 0x64,
    0x61, 0x74, 0x65, 0x5f, 0x62, 0x6c, 0x61, 0x73, 0x74, 0x64, 0x62, 0x2e, 0x70, 0x6c, 0x20, 0xe8,
    0xbf, 0x94, 0xe5, 0x9b, 0x9e, 0x20, 0x31, 0xef, 0xbc, 0x9a, 0xe8, 0xa1, 0xa8, 0xe7, 0xa4, 0xba,
    0xe6, 0x9c, 0xac, 0xe6, 0xac, 0xa1, 0xe6, 0x88, 0x90, 0xe5, 0x8a, 0x9f, 0xe4, 0xb8, 0x8b, 0xe8,
    0xbd, 0xbd, 0xe4, 0xba, 0x86, 0xe6, 0x95, 0xb0, 0xe6, 0x8d, 0xae, 0xe5, 0xba, 0x93, 0xe6, 0x96,
    0x87, 0xe4, 0xbb, 0xb6, 0xe3, 0x80, 0x82, 0x22, 0x0a, 0x20, 0x20, 0x66, 0x69, 0x0a, 0x20, 0x20,
    0x6d, 0x65, 0x74, 0x61, 0x77, 0x72, 0x61, 0x70, 0x5f, 0x63, 0x6f, 0x6e, 0x66, 0x69, 0x67, 0x5f,
    0x73, 0x65, 0x74, 0x5f, 0x66, 0x6f, 0x72, 0x5f, 0x75, 0x73, 0x65, 0x72, 0x20, 0x22, 0x24, 0x75,
    0x73, 0x65, 0x72, 0x22, 0x20, 0x22, 0x24, 0x63, 0x6f, 0x6e, 0x64, 0x61, 0x5f, 0x62, 0x69, 0x6e,
    0x22, 0x20, 0x42, 0x4c, 0x41, 0x53, 0x54, 0x44, 0x42, 0x20, 0x22, 0x24, 0x64, 0x69, 0x72, 0x22,
    0x0a, 0x20, 0x20, 0x6c, 0x6f, 0x67, 0x20, 0x22, 0x4e, 0x43, 0x42, 0x49, 0x20, 0x6e, 0x74, 0x20,
    0xe6, 0x95, 0xb0, 0xe6, 0x8d, 0xae, 0xe5, 0xba, 0x93, 0xe9, 0x85, 0x8d, 0xe7, 0xbd, 0xae, 0xe5,
    0xae, 0x8c, 0xe6, 0x88, 0x90, 0x3a, 0x20, 0x24, 0x64, 0x69, 0x72, 0x22, 0x0a, 0x7d, 0x0a, 0x0a,
    0x64, 0x6f, 0x77, 0x6e, 0x6c, 0x6f, 0x61, 0x64, 0x5f, 0x6d, 0x65, 0x74, 0x61, 0x77, 0x72, 0x61,
    0x70, 0x5f, 0x6e, 0x63, 0x62, 0x69, 0x5f, 0x74, 0x61, 0x78, 0x5f, 0x64, 0x62, 0x28, 0x29, 0x20,
    0x7b, 0x0a, 0x20, 0x20, 0x6c, 0x6f, 0x63, 0x61, 0x6c, 0x20, 0x75, 0x73, 0x65, 0x72, 0x3d, 0x22,
    0x24, 0x31, 0x22, 0x20, 0x63, 0x6f, 0x6e, 0x64, 0x61, 0x5f, 0x62, 0x69, 0x6e, 0x3d, 0x22, 0x24,
    0x32, 0x22, 0x20, 0x64, 0x62, 0x5f, 0x72, 0x6f, 0x6f, 0x74, 0x3d, 0x22, 0x24, 0x33, 0x22, 0x0a,
    0x20, 0x20, 0x6c, 0x6f, 0x63, 0x61, 0x6c, 0x20, 0x64, 0x69, 0x72, 0x3d, 0x22, 0x24, 0x64, 0x62,
    0x5f, 0x72, 0x6f, 0x6f, 0x74, 0x2f, 0x4e, 0x43, 0x42, 0x49, 0x5f, 0x74, 0x61, 0x78, 0x22, 0x20,
    0x61, 0x72, 0x63, 0x68, 0x69, 0x76, 0x65, 0x3d, 0x22, 0x24, 0x64, 0x62, 0x5f, 0x72, 0x6f, 0x6f,
    0x74, 0x2f, 0x4e, 0x43, 0x42, 0x49, 0x5f, 0x74, 0x61, 0x78, 0x2f, 0x74, 0x61, 0x78, 0x64, 0x75,
    0x6d, 0x70, 0x2e, 0x74, 0x61, 0x72, 0x2e, 0x67, 0x7a, 0x22, 0x0a, 0x20, 0x20, 0x69, 0x66, 0x20,
    0x6d, 0x61, 0x79, 0x62, 0x65, 0x5f, 0x63, 0x6f, 0x70, 0x79, 0x5f, 0x6d, 0x65, 0x74, 0x61, 0x77,
    0x72, 0x61, 0x70, 0x5f, 0x64, 0x62, 0x5f, 0x66, 0x72, 0x6f, 0x6d, 0x5f, 0x72, 0x6f, 0x6f, 0x74,
    0x20, 0x22, 0x24, 0x75, 0x73, 0x65, 0x72, 0x22, 0x20, 0x22, 0x24, 0x64, 0x62, 0x5f, 0x72, 0x6f,
    0x6f, 0x74, 0x22, 0x20, 0x74, 0x61, 0x78, 0x6f, 0x6e, 0x6f, 0x6d, 0x79, 0x3b, 0x20, 0x74, 0x68,
    0x65, 0x6e, 0x0a, 0x20, 0x20, 0x20, 0x20, 0x6d, 0x65, 0x74, 0x61, 0x77, 0x72, 0x61, 0x70, 0x5f,
    0x63, 0x6f, 0x6e, 0x66, 0x69, 0x67, 0x5f, 0x73, 0x65, 0x74, 0x5f, 0x66, 0x6f, 0x72, 0x5f, 0x75,
    0x73, 0x65, 0x72, 0x20, 0x22, 0x24, 0x75, 0x73, 0x65, 0x72, 0x22, 0x20, 0x22, 0x24, 0x63, 0x6f,
    0x6e, 0x64, 0x61, 0x5f, 0x62, 0x69, 0x6e, 0x22, 0x20, 0x54, 0x41, 0x58, 0x44, 0x55, 0x4d, 0x50,
    0x20, 0x22, 0x24, 0x64, 0x69, 0x72, 0x22, 0x0a, 0x20, 0x20, 0x20, 0x20, 0x6c, 0x6f, 0x67, 0x20,
    0x22, 0x4e, 0x43, 0x42, 0x49, 0x20, 0x74, 0x61, 0x78, 0x6f, 0x6e, 0x6f, 0x6d, 0x79, 0x20, 0xe5,
    0xb7, 0xb2, 0xe4, 0xbb, 0x8e, 0x20, 0x72, 0x6f, 0x6f, 0x74, 0x20, 0xe6, 0x9c, 0xac, 0xe5, 0x9c,
    0xb0, 0xe7, 0xbc, 0x93, 0xe5, 0xad, 0x98, 0xe5, 0xa4, 0x8d, 0xe5, 0x88, 0xb6, 0xe5, 0xb9, 0xb6,
    0xe9, 0x85, 0x8d, 0xe7, 0xbd, 0xae, 0x3a, 0x20, 0x24, 0x64, 0x69, 0x72, 0x22, 0x0a, 0x20, 0x20,
    0x20, 0x20, 0x72, 0x65, 0x74, 0x75, 0x72, 0x6e, 0x20, 0x30, 0x0a, 0x20, 0x20, 0x66, 0x69, 0x0a,
    0x20, 0x20, 0x61, 0x73, 0x5f, 0x6e, 0x61, 0x6d, 0x65, 0x64, 0x5f, 0x75, 0x73, 0x65, 0x72, 0x20,
    0x22, 0x24, 0x75, 0x73, 0x65, 0x72, 0x22, 0x20, 0x6d, 0x6b, 0x64, 0x69, 0x72, 0x20, 0x2d, 0x70,
    0x20, 0x22, 0x24, 0x64, 0x69, 0x72, 0x22, 0x0a, 0x20, 0x20, 0x61, 0x73, 0x5f, 0x6e, 0x61, 0x6d,
    0x65, 0x64, 0x5f, 0x75, 0x73, 0x65, 0x72, 0x20, 0x22, 0x24, 0x75, 0x73, 0x65, 0x72, 0x22, 0x20,
    0x63, 0x75, 0x72, 0x6c, 0x20, 0x2d, 0x66, 0x4c, 0x20, 0x2d, 0x2d, 0x72, 0x65, 0x74, 0x72, 0x79,
    0x20, 0x33, 0x20, 0x2d, 0x2d, 0x72, 0x65, 0x74, 0x72, 0x79, 0x2d, 0x64, 0x65, 0x6c, 0x61, 0x79,
    0x20, 0x35, 0x20, 0x22, 0x68, 0x74, 0x74, 0x70, 0x73, 0x3a, 0x2f, 0x2f, 0x66, 0x74, 0x70, 0x2e,
    0x6e, 0x63, 0x62, 0x69, 0x2e, 0x6e, 0x6c, 0x6d, 0x2e, 0x6e, 0x69, 0x68, 0x2e, 0x67, 0x6f, 0x76,
    0x2f, 0x70, 0x75, 0x62, 0x2f, 0x74, 0x61, 0x78, 0x6f, 0x6e, 0x6f, 0x6d, 0x79, 0x2f, 0x74, 0x61,
    0x78, 0x64, 0x75, 0x6d, 0x70, 0x2e, 0x74, 0x61, 0x72, 0x2e, 0x67, 0x7a, 0x22, 0x20, 0x2d, 0x6f,
    0x20, 0x22, 0x24, 0x61, 0x72, 0x63, 0x68, 0x69, 0x76, 0x65, 0x22, 0x0a, 0x20, 0x20, 0x61, 0x73,
    0x5f, 0x6e, 0x61, 0x6d, 0x65, 0x64, 0x5f, 0x75, 0x73, 0x65, 0x72, 0x20, 0x22, 0x24, 0x75, 0x73,
    0x65, 0x72, 0x22, 0x20, 0x74, 0x61, 0x72, 0x20, 0x2d, 0x78, 0x7a, 0x66, 0x20, 0x22, 0x24, 0x61,
    0x72, 0x63, 0x68, 0x69, 0x76, 0x65, 0x22, 0x20, 0x2d, 0x43, 0x20, 0x22, 0x24, 0x64, 0x69, 0x72,
    0x22, 0x0a, 0x20, 0x20, 0x61, 0x73, 0x5f, 0x6e, 0x61, 0x6d, 0x65, 0x64, 0x5f, 0x75, 0x73, 0x65,
    0x72, 0x20, 0x22, 0x24, 0x75, 0x73, 0x65, 0x72, 0x22, 0x20, 0x72, 0x6d, 0x20, 0x2d, 0x66, 0x20,
    0x22, 0x24, 0x61, 0x72, 0x63, 0x68, 0x69, 0x76, 0x65, 0x22, 0x0a, 0x20, 0x20, 0x6d, 0x65, 0x74,
    0x61, 0x77, 0x72, 0x61, 0x70, 0x5f, 0x63, 0x6f, 0x6e, 0x66, 0x69, 0x67, 0x5f, 0x73, 0x65, 0x74,
    0x5f, 0x66, 0x6f, 0x72, 0x5f, 0x75, 0x73, 0x65, 0x72, 0x20, 0x22, 0x24, 0x75, 0x73, 0x65, 0x72,
    0x22, 0x20, 0x22, 0x24, 0x63, 0x6f, 0x6e, 0x64, 0x61, 0x5f, 0x62, 0x69, 0x6e, 0x22, 0x20, 0x54,
    0x41, 0x58, 0x44, 0x55, 0x4d, 0x50, 0x20, 0x22, 0x24, 0x64, 0x69, 0x72, 0x22, 0x0a, 0x20, 0x20,
    0x6c, 0x6f, 0x67, 0x20, 0x22, 0x4e, 0x43, 0x42, 0x49, 0x20, 0x74, 0x61, 0x78, 0x6f, 0x6e, 0x6f,
    0x6d, 0x79, 0x20, 0xe9, 0x85, 0x8d, 0xe7, 0xbd, 0xae, 0xe5, 0xae, 0x8c, 0xe6, 0x88, 0x90, 0x3a,
    0x20, 0x24, 0x64, 0x69, 0x72, 0x22, 0x0a, 0x7d, 0x0a, 0x0a, 0x64, 0x6f, 0x77, 0x6e, 0x6c, 0x6f,
    0x61, 0x64, 0x5f, 0x6d, 0x65, 0x74, 0x61, 0x77, 0x72, 0x61, 0x70, 0x5f, 0x62, 0x6d, 0x74, 0x61,
    0x67, 0x67, 0x65, 0x72, 0x5f, 0x64, 0x62, 0x28, 0x29, 0x20, 0x7b, 0x0a, 0x20, 0x20, 0x6c, 0x6f,
    0x63, 0x61, 0x6c, 0x20, 0x75, 0x73, 0x65, 0x72, 0x3d, 0x22, 0x24, 0x31, 0x22, 0x20, 0x63, 0x6f,
    0x6e, 0x64, 0x61, 0x5f, 0x62, 0x69, 0x6e, 0x3d, 0x22, 0x24, 0x32, 0x22, 0x20, 0x64, 0x62, 0x5f,
    0x72, 0x6f, 0x6f, 0x74, 0x3d, 0x22, 0x24, 0x33, 0x22, 0x0a, 0x20, 0x20, 0x6c, 0x6f, 0x63, 0x61,
    0x6c, 0x20, 0x64, 0x69, 0x72, 0x3d, 0x22, 0x24, 0x64, 0x62, 0x5f, 0x72, 0x6f, 0x6f, 0x74, 0x2f,
    0x42, 0x4d, 0x54, 0x41, 0x47, 0x47, 0x45, 0x52, 0x5f, 0x49, 0x4e, 0x44, 0x45, 0x58, 0x22, 0x0a,
    0x20, 0x20, 0x69, 0x66, 0x20, 0x6d, 0x61, 0x79, 0x62, 0x65, 0x5f, 0x63, 0x6f, 0x70, 0x79, 0x5f,
    0x6d, 0x65, 0x74, 0x61, 0x77, 0x72, 0x61, 0x70, 0x5f, 0x64, 0x62, 0x5f, 0x66, 0x72, 0x6f, 0x6d,
    0x5f, 0x72, 0x6f, 0x6f, 0x74, 0x20, 0x22, 0x24, 0x75, 0x73, 0x65, 0x72, 0x22, 0x20, 0x22, 0x24,
    0x64, 0x62, 0x5f, 0x72, 0x6f, 0x6f, 0x74, 0x22, 0x20, 0x62, 0x6d, 0x74, 0x61, 0x67, 0x67, 0x65,
    0x72, 0x3b, 0x20, 0x74, 0x68, 0x65, 0x6e, 0x0a, 0x20, 0x20, 0x20, 0x20, 0x6d, 0x65, 0x74, 0x61,
    0x77, 0x72, 0x61, 0x70, 0x5f, 0x63, 0x6f, 0x6e, 0x66, 0x69, 0x67, 0x5f, 0x73, 0x65, 0x74, 0x5f,
    0x66, 0x6f, 0x72, 0x5f, 0x75, 0x73, 0x65, 0x72, 0x20, 0x22, 0x24, 0x75, 0x73, 0x65, 0x72, 0x22,
    0x20, 0x22, 0x24, 0x63, 0x6f, 0x6e, 0x64, 0x61, 0x5f, 0x62, 0x69, 0x6e, 0x22, 0x20, 0x42, 0x4d,
    0x54, 0x41, 0x47, 0x47, 0x45, 0x52, 0x5f, 0x44, 0x42, 0x20, 0x22, 0x24, 0x64, 0x69, 0x72, 0x22,
    0x0a, 0x20, 0x20, 0x20, 0x20, 0x6c, 0x6f, 0x67, 0x20, 0x22, 0x42, 0x4d, 0x54, 0x41, 0x47, 0x47,
    0x45, 0x52, 0x20, 0x68, 0x67, 0x33, 0x38, 0x20, 0xe7, 0xb4, 0xa2, 0xe5, 0xbc, 0x95, 0xe5, 0xb7,
    0xb2, 0xe4, 0xbb, 0x8e, 0x20, 0x72, 0x6f, 0x6f, 0x74, 0x20, 0xe6, 0x9c, 0xac, 0xe5, 0x9c, 0xb0,
    0xe7, 0xbc, 0x93, 0xe5, 0xad, 0x98, 0xe5, 0xa4, 0x8d, 0xe5, 0x88, 0xb6, 0xe5, 0xb9, 0xb6, 0xe9,
    0x85, 0x8d, 0xe7, 0xbd, 0xae, 0x3a, 0x20, 0x24, 0x64, 0x69, 0x72, 0x22, 0x0a, 0x20, 0x20, 0x20,
    0x20, 0x72, 0x65, 0x74, 0x75, 0x72, 0x6e, 0x20, 0x30, 0x0a, 0x20, 0x20, 0x66, 0x69, 0x0a, 0x20,
    0x20, 0x77, 0x61, 0x72, 0x6e, 0x20, 0x22, 0x68, 0x67, 0x33, 0x38, 0x20, 0x42, 0x4d, 0x54, 0x41,
    0x47, 0x47, 0x45, 0x52, 0x20, 0xe7, 0xb4, 0xa2, 0xe5, 0xbc, 0x95, 0xe4, 0xb8, 0x8b, 0xe8, 0xbd,
    0xbd, 0xe4, 0xb8, 0x8e, 0xe6, 0x9e, 0x84, 0xe5, 0xbb, 0xba, 0xe9, 0x9c, 0x80, 0xe8, 0xa6, 0x81,
    0xe8, 0xbe, 0x83, 0xe5, 0xa4, 0xa7, 0xe7, 0xa3, 0x81, 0xe7, 0x9b, 0x98, 0x2f, 0xe5, 0x86, 0x85,
    0xe5, 0xad, 0x98, 0xef, 0xbc, 0x9b, 0xe5, 0xae, 0x98, 0xe6, 0x96, 0xb9, 0x20, 0x6d, 0x65, 0x74,
    0x61, 0x57, 0x52, 0x41, 0x50, 0x20, 0xe6, 0x96, 0x87, 0xe6, 0xa1, 0xa3, 0xe7, 0xbb, 0x99, 0xe5,
    0x87, 0xba, 0xe7, 0x9a, 0x84, 0xe7, 0xb4, 0xa2, 0xe5, 0xbc, 0x95, 0xe9, 0x87, 0x8f, 0xe7, 0xba,
    0xa7, 0xe7, 0xba, 0xa6, 0x20, 0x32, 0x30, 0x47, 0x42, 0xe3, 0x80, 0x82, 0x22, 0x0a, 0x20, 0x20,
    0x63, 0x6f, 0x6e, 0x66, 0x69, 0x72, 0x6d, 0x20, 0x22, 0xe7, 0xa1, 0xae, 0xe8, 0xae, 0xa4, 0xe4,
    0xb8, 0x8b, 0xe8, 0xbd, 0xbd, 0x20, 0x68, 0x67, 0x33, 0x38, 0x20, 0xe5, 0xb9, 0xb6, 0xe6, 0x9e,
    0x84, 0xe5, 0xbb, 0xba, 0x20, 0x42, 0x4d, 0x54, 0x41, 0x47, 0x47, 0x45, 0x52, 0x20, 0xe7, 0xb4,
    0xa2, 0xe5, 0xbc, 0x95, 0xef, 0xbc, 0x9f, 0x22, 0x20, 0x7c, 0x7c, 0x20, 0x72, 0x65, 0x74, 0x75,
    0x72, 0x6e, 0x20, 0x30, 0x0a, 0x20, 0x20, 0x61, 0x73, 0x5f, 0x6e, 0x61, 0x6d, 0x65, 0x64, 0x5f,
    0x75, 0x73, 0x65, 0x72, 0x20, 0x22, 0x24, 0x75, 0x73, 0x65, 0x72, 0x22, 0x20, 0x6d, 0x6b, 0x64,
    0x69, 0x72, 0x20, 0x2d, 0x70, 0x20, 0x22, 0x24, 0x64, 0x69, 0x72, 0x22, 0x0a, 0x20, 0x20, 0x69,
    0x66, 0x20, 0x5b, 0x5b, 0x20, 0x21, 0x20, 0x2d, 0x65, 0x20, 0x22, 0x24, 0x64, 0x69, 0x72, 0x2f,
    0x68, 0x67, 0x33, 0x38, 0x2e, 0x66, 0x61, 0x22, 0x20, 0x5d, 0x5d, 0x3b, 0x20, 0x74, 0x68, 0x65,
    0x6e, 0x0a, 0x20, 0x20, 0x20, 0x20, 0x61, 0x73, 0x5f, 0x6e, 0x61, 0x6d, 0x65, 0x64, 0x5f, 0x75,
    0x73, 0x65, 0x72, 0x5f, 0x69, 0x6e, 0x5f, 0x64, 0x69, 0x72, 0x20, 0x22, 0x24, 0x75, 0x73, 0x65,
    0x72, 0x22, 0x20, 0x22, 0x24, 0x64, 0x69, 0x72, 0x22, 0x20, 0x77, 0x67, 0x65, 0x74, 0x20, 0x2d,
    0x71, 0x20, 0x2d, 0x72, 0x20, 0x2d, 0x6e, 0x70, 0x20, 0x2d, 0x6e, 0x64, 0x20, 0x2d, 0x41, 0x20,
    0x22, 0x63, 0x68, 0x72, 0x2a, 0x2e, 0x66, 0x61, 0x2e, 0x67, 0x7a, 0x22, 0x20, 0x22, 0x68, 0x74,
    0x74, 0x70, 0x73, 0x3a, 0x2f, 0x2f, 0x68, 0x67, 0x64, 0x6f, 0x77, 0x6e, 0x6c, 0x6f, 0x61, 0x64,
    0x2e, 0x73, 0x6f, 0x65, 0x2e, 0x75, 0x63, 0x73, 0x63, 0x2e, 0x65, 0x64, 0x75, 0x2f, 0x67, 0x6f,
    0x6c, 0x64, 0x65, 0x6e, 0x50, 0x61, 0x74, 0x68, 0x2f, 0x68, 0x67, 0x33, 0x38, 0x2f, 0x63, 0x68,
    0x72, 0x6f, 0x6d, 0x6f, 0x73, 0x6f, 0x6d, 0x65, 0x73, 0x2f, 0x22, 0x0a, 0x20, 0x20, 0x20, 0x20,
    0x61, 0x73, 0x5f, 0x6e, 0x61, 0x6d, 0x65, 0x64, 0x5f, 0x75, 0x73, 0x65, 0x72, 0x5f, 0x69, 0x6e,
    0x5f, 0x64, 0x69, 0x72, 0x20, 0x22, 0x24, 0x75, 0x73, 0x65, 0x72, 0x22, 0x20, 0x22, 0x24, 0x64,
    0x69, 0x72, 0x22, 0x20, 0x62, 0x61, 0x73, 0x68, 0x20, 0x2d, 0x63, 0x20, 0x27, 0x66, 0x6f, 0x72,
    0x20, 0x66, 0x20, 0x69, 0x6e, 0x20, 0x63, 0x68, 0x72, 0x2a, 0x2e, 0x66, 0x61, 0x2e, 0x67, 0x7a,
    0x3b, 0x20, 0x64, 0x6f, 0x20, 0x67, 0x7a, 0x69, 0x70, 0x20, 0x2d, 0x64, 0x66, 0x20, 0x22, 0x24,
    0x66, 0x22, 0x3b, 0x20, 0x64, 0x6f, 0x6e, 0x65, 0x3b, 0x20, 0x63, 0x61, 0x74, 0x20, 0x63, 0x68,
    0x72, 0x2a, 0x2e, 0x66, 0x61, 0x20, 0x3e, 0x20, 0x68, 0x67, 0x33, 0x38, 0x2e, 0x66, 0x61, 0x27,
    0x0a, 0x20, 0x20, 0x66, 0x69, 0x0a, 0x20, 0x20, 0x69, 0x66, 0x20, 0x5b, 0x5b, 0x20, 0x21, 0x20,
    0x2d, 0x65, 0x20, 0x22, 0x24, 0x64, 0x69, 0x72, 0x2f, 0x68, 0x67, 0x33, 0x38, 0x2e, 0x62, 0x69,
    0x74, 0x6d, 0x61, 0x73, 0x6b, 0x22, 0x20, 0x5d, 0x5d, 0x3b, 0x20, 0x74, 0x68, 0x65, 0x6e, 0x0a,
    0x20, 0x20, 0x20, 0x20, 0x61, 0x73, 0x5f, 0x6e, 0x61, 0x6d, 0x65, 0x64, 0x5f, 0x75, 0x73, 0x65,
    0x72, 0x20, 0x22, 0x24, 0x75, 0x73, 0x65, 0x72, 0x22, 0x20, 0x22, 0x24, 0x63, 0x6f, 0x6e, 0x64,
    0x61, 0x5f, 0x62, 0x69, 0x6e, 0x22, 0x20, 0x72, 0x75, 0x6e, 0x20, 0x2d, 0x6e, 0x20, 0x6d, 0x65,
    0x74, 0x61, 0x57, 0x52, 0x41, 0x50, 0x20, 0x62, 0x6d, 0x74, 0x6f, 0x6f, 0x6c, 0x20, 0x2d, 0x64,
    0x20, 0x22, 0x24, 0x64, 0x69, 0x72, 0x2f, 0x68, 0x67, 0x33, 0x38, 0x2e, 0x66, 0x61, 0x22, 0x20,
    0x2d, 0x6f, 0x20, 0x22, 0x24, 0x64, 0x69, 0x72, 0x2f, 0x68, 0x67, 0x33, 0x38, 0x2e, 0x62, 0x69,
    0x74, 0x6d, 0x61, 0x73, 0x6b, 0x22, 0x0a, 0x20, 0x20, 0x66, 0x69, 0x0a, 0x20, 0x20, 0x69, 0x66,
    0x20, 0x5b, 0x5b, 0x20, 0x21, 0x20, 0x2d, 0x65, 0x20, 0x22, 0x24, 0x64, 0x69, 0x72, 0x2f, 0x68,
    0x67, 0x33, 0x38, 0x2e, 0x73, 0x72, 0x70, 0x72, 0x69, 0x73, 0x6d, 0x22, 0x20, 0x5d, 0x5d, 0x3b,
    0x20, 0x74, 0x68, 0x65, 0x6e, 0x0a, 0x20, 0x20, 0x20, 0x20, 0x61, 0x73, 0x5f, 0x6e, 0x61, 0x6d,
    0x65, 0x64, 0x5f, 0x75, 0x73, 0x65, 0x72, 0x20, 0x22, 0x24, 0x75, 0x73, 0x65, 0x72, 0x22, 0x20,
    0x22, 0x24, 0x63, 0x6f, 0x6e, 0x64, 0x61, 0x5f, 0x62, 0x69, 0x6e, 0x22, 0x20, 0x72, 0x75, 0x6e,
    0x20, 0x2d, 0x6e, 0x20, 0x6d, 0x65, 0x74, 0x61, 0x57, 0x52, 0x41, 0x50, 0x20, 0x73, 0x72, 0x70,
    0x72, 0x69, 0x73, 0x6d, 0x20, 0x6d, 0x6b, 0x69, 0x6e, 0x64, 0x65, 0x78, 0x20, 0x2d, 0x69, 0x20,
    0x22, 0x24, 0x64, 0x69, 0x72, 0x2f, 0x68, 0x67, 0x33, 0x38, 0x2e, 0x66, 0x61, 0x22, 0x20, 0x2d,
    0x6f, 0x20, 0x22, 0x24, 0x64, 0x69, 0x72, 0x2f, 0x68, 0x67, 0x33, 0x38, 0x2e, 0x73, 0x72, 0x70,
    0x72, 0x69, 0x73, 0x6d, 0x22, 0x20, 0x2d, 0x4d, 0x20, 0x31, 0x30, 0x30, 0x30, 0x30, 0x30, 0x0a,
    0x20, 0x20, 0x66, 0x69, 0x0a, 0x20, 0x20, 0x6d, 0x65, 0x74, 0x61, 0x77, 0x72, 0x61, 0x70, 0x5f,
    0x63, 0x6f, 0x6e, 0x66, 0x69, 0x67, 0x5f, 0x73, 0x65, 0x74, 0x5f, 0x66, 0x6f, 0x72, 0x5f, 0x75,
    0x73, 0x65, 0x72, 0x20, 0x22, 0x24, 0x75, 0x73, 0x65, 0x72, 0x22, 0x20, 0x22, 0x24, 0x63, 0x6f,
    0x6e, 0x64, 0x61, 0x5f, 0x62, 0x69, 0x6e, 0x22, 0x20, 0x42, 0x4d, 0x54, 0x41, 0x47, 0x47, 0x45,
    0x52, 0x5f, 0x44, 0x42, 0x20, 0x22, 0x24, 0x64, 0x69, 0x72, 0x22, 0x0a, 0x20, 0x20, 0x6c, 0x6f,
    0x67, 0x20, 0x22, 0x42, 0x4d, 0x54, 0x41, 0x47, 0x47, 0x45, 0x52, 0x20, 0x68, 0x67, 0x33, 0x38,
    0x20, 0xe7, 0xb4, 0xa2, 0xe5, 0xbc, 0x95, 0xe9, 0x85, 0x8d, 0xe7, 0xbd, 0xae, 0xe5, 0xae, 0x8c,
    0xe6, 0x88, 0x90, 0x3a, 0x20, 0x24, 0x64, 0x69, 0x72, 0x22, 0x0a, 0x7d, 0x0a, 0x0a, 0x6d, 0x61,
    0x6e, 0x61, 0x67, 0x65, 0x5f, 0x6d, 0x65, 0x74, 0x61, 0x77, 0x72, 0x61, 0x70, 0x5f, 0x64, 0x61,
    0x74, 0x61, 0x62, 0x61, 0x73, 0x65, 0x73, 0x28, 0x29, 0x20, 0x7b, 0x0a, 0x20, 0x20, 0x6c, 0x6f,
    0x63, 0x61, 0x6c, 0x20, 0x74, 0x61, 0x72, 0x67, 0x65, 0x74, 0x20, 0x75, 0x73, 0x65, 0x72, 0x3d,
    0x22, 0x22, 0x20, 0x68, 0x6f, 0x6d, 0x65, 0x20, 0x63, 0x6f, 0x6e, 0x64, 0x61, 0x5f, 0x62, 0x69,
    0x6e, 0x20, 0x64, 0x62, 0x5f, 0x72, 0x6f, 0x6f, 0x74, 0x20, 0x63, 0x68, 0x6f, 0x69, 0x63, 0x65,
    0x20, 0x74, 0x68, 0x72, 0x65, 0x61, 0x64, 0x73, 0x20, 0x66, 0x72, 0x65, 0x65, 0x5f, 0x73, 0x70,
    0x61, 0x63, 0x65, 0x0a, 0x0a, 0x20, 0x20, 0x70, 0x72, 0x69, 0x6e, 0x74, 0x66, 0x20, 0x27, 0x5c,
    0x6e, 0x6d, 0x65, 0x74, 0x61, 0x57, 0x52, 0x41, 0x50, 0x20, 0xe6, 0x95, 0xb0, 0xe6, 0x8d, 0xae,
    0xe5, 0xba, 0x93, 0xe7, 0x9b, 0xae, 0xe6, 0xa0, 0x87, 0xe8, 0xb4, 0xa6, 0xe5, 0x8f, 0xb7, 0xef,
    0xbc, 0x9a, 0x5c, 0x6e, 0x27, 0x0a, 0x20, 0x20, 0x70, 0x72, 0x69, 0x6e, 0x74, 0x66, 0x20, 0x27,
    0x31, 0x29, 0x20, 0x72, 0x6f, 0x6f, 0x74, 0xef, 0xbc, 0x88, 0xe4, 0xbd, 0x9c, 0xe4, 0xb8, 0xba,
    0xe6, 0x9c, 0xac, 0xe6, 0x9c, 0xba, 0xe6, 0x95, 0xb0, 0xe6, 0x8d, 0xae, 0xe5, 0xba, 0x93, 0xe7,
    0xbc, 0x93, 0xe5, 0xad, 0x98, 0xe6, 0xba, 0x90, 0xef, 0xbc, 0x89, 0x5c, 0x6e, 0x27, 0x0a, 0x20,
    0x20, 0x70, 0x72, 0x69, 0x6e, 0x74, 0x66, 0x20, 0x27, 0x32, 0x29, 0x20, 0xe6, 0x8c, 0x87, 0xe5,
    0xae, 0x9a, 0xe6, 0x99, 0xae, 0xe9, 0x80, 0x9a, 0xe7, 0x94, 0xa8, 0xe6, 0x88, 0xb7, 0x5c, 0x6e,
    0x27, 0x0a, 0x20, 0x20, 0x70, 0x72, 0x69, 0x6e, 0x74, 0x66, 0x20, 0x27, 0x30, 0x29, 0x20, 0xe8,
    0xbf, 0x94, 0xe5, 0x9b, 0x9e, 0x5c, 0x6e, 0x27, 0x0a, 0x20, 0x20, 0x72, 0x65, 0x61, 0x64, 0x20,
    0x2d, 0x72, 0x20, 0x2d, 0x70, 0x20, 0x22, 0xe9, 0x80, 0x89, 0xe6, 0x8b, 0xa9, 0x20, 0x5b, 0x31,
    0x5d, 0x3a, 0x20, 0x22, 0x20, 0x74, 0x61, 0x72, 0x67, 0x65, 0x74, 0x0a, 0x20, 0x20, 0x74, 0x61,
    0x72, 0x67, 0x65, 0x74, 0x3d, 0x22, 0x24, 0x7b, 0x74, 0x61, 0x72, 0x67, 0x65, 0x74, 0x3a, 0x2d,
    0x31, 0x7d, 0x22, 0x0a, 0x0a, 0x20, 0x20, 0x63, 0x61, 0x73, 0x65, 0x20, 0x22, 0x24, 0x74, 0x61,
    0x72, 0x67, 0x65, 0x74, 0x22, 0x20, 0x69, 0x6e, 0x0a, 0x20, 0x20, 0x20, 0x20, 0x31, 0x29, 0x20,
    0x75, 0x73, 0x65, 0x72, 0x3d, 0x22, 0x72, 0x6f, 0x6f, 0x74, 0x22, 0x20, 0x3b, 0x3b, 0x0a, 0x20,
    0x20, 0x20, 0x20, 0x32, 0x29, 0x0a, 0x20, 0x20, 0x20, 0x20, 0x20, 0x20, 0x72, 0x65, 0x61, 0x64,
    0x20, 0x2d, 0x72, 0x20, 0x2d, 0x70, 0x20, 0x22, 0xe6, 0x99, 0xae, 0xe9, 0x80, 0x9a, 0xe7, 0x94,
    0xa8, 0xe6, 0x88, 0xb7, 0xe5, 0x90, 0x8d, 0x3a, 0x20, 0x22, 0x20, 0x75, 0x73, 0x65, 0x72, 0x0a,
    0x20, 0x20, 0x20, 0x20, 0x20, 0x20, 0x5b, 0x5b, 0x20, 0x22, 0x24, 0x75, 0x73, 0x65, 0x72, 0x22,
    0x20, 0x21, 0x3d, 0x20, 0x22, 0x72, 0x6f, 0x6f, 0x74, 0x22, 0x20, 0x5d, 0x5d, 0x20, 0x7c, 0x7c,
    0x20, 0x7b, 0x20, 0x77, 0x61, 0x72, 0x6e, 0x20, 0x22, 0xe6, 0x99, 0xae, 0xe9, 0x80, 0x9a, 0xe7,
    0x94, 0xa8, 0xe6, 0x88, 0xb7, 0xe5, 0x85, 0xa5, 0xe5, 0x8f, 0xa3, 0xe4, 0xb8, 0x8d, 0xe8, 0x83,
    0xbd, 0xe5, 0xa1, 0xab, 0xe5, 0x86, 0x99, 0x20, 0x72, 0x6f, 0x6f, 0x74, 0xe3, 0x80, 0x82, 0x22,
    0x3b, 0x20, 0x72, 0x65, 0x74, 0x75, 0x72, 0x6e, 0x20, 0x31, 0x3b, 0x20, 0x7d, 0x0a, 0x20, 0x20,
    0x20, 0x20, 0x20, 0x20, 0x3b, 0x3b, 0x0a, 0x20, 0x20, 0x20, 0x20, 0x30, 0x29, 0x20, 0x72, 0x65,
    0x74, 0x75, 0x72, 0x6e, 0x20, 0x30, 0x20, 0x3b, 0x3b, 0x0a, 0x20, 0x20, 0x20, 0x20, 0x2a, 0x29,
    0x20, 0x77, 0x61, 0x72, 0x6e, 0x20, 0x22, 0xe6, 0x97, 0xa0, 0xe6, 0x95, 0x88, 0xe9, 0x80, 0x89,
    0xe6, 0x8b, 0xa9, 0xe3, 0x80, 0x82, 0x22, 0x3b, 0x20, 0x72, 0x65, 0x74, 0x75, 0x72, 0x6e, 0x20,
    0x31, 0x20, 0x3b, 0x3b, 0x0a, 0x20, 0x20, 0x65, 0x73, 0x61, 0x63, 0x0a, 0x0a, 0x20, 0x20, 0x76,
    0x61, 0x6c, 0x69, 0x64, 0x61, 0x74, 0x65, 0x5f, 0x73, 0x69, 0x6d, 0x70, 0x6c, 0x65, 0x5f, 0x6e,
    0x61, 0x6d, 0x65, 0x20, 0x22, 0x24, 0x75, 0x73, 0x65, 0x72, 0x22, 0x20, 0x7c, 0x7c, 0x20, 0x7b,
    0x20, 0x77, 0x61, 0x72, 0x6e, 0x20, 0x22, 0xe7, 0x94, 0xa8, 0xe6, 0x88, 0xb7, 0xe5, 0x90, 0x8d,
    0xe6, 0xa0, 0xbc, 0xe5, 0xbc, 0x8f, 0xe4, 0xb8, 0x8d, 0xe5, 0x90, 0x88, 0xe6, 0xb3, 0x95, 0xe3,
    0x80, 0x82, 0x22, 0x3b, 0x20, 0x72, 0x65, 0x74, 0x75, 0x72, 0x6e, 0x20, 0x31, 0x3b, 0x20, 0x7d,
    0x0a, 0x20, 0x20, 0x69, 0x64, 0x20, 0x22, 0x24, 0x75, 0x73, 0x65, 0x72, 0x22, 0x20, 0x3e, 0x2f,
    0x64, 0x65, 0x76, 0x2f, 0x6e, 0x75, 0x6c, 0x6c, 0x20, 0x32, 0x3e, 0x26, 0x31, 0x20, 0x7c, 0x7c,
    0x20, 0x7b, 0x20, 0x77, 0x61, 0x72, 0x6e, 0x20, 0x22, 0xe7, 0x94, 0xa8, 0xe6, 0x88, 0xb7, 0x20,
    0x24, 0x75, 0x73, 0x65, 0x72, 0x20, 0xe4, 0xb8, 0x8d, 0xe5, 0xad, 0x98, 0xe5, 0x9c, 0xa8, 0xe3,
    0x80, 0x82, 0x22, 0x3b, 0x20, 0x72, 0x65, 0x74, 0x75, 0x72, 0x6e, 0x20, 0x31, 0x3b, 0x20, 0x7d,
    0x0a, 0x0a, 0x20, 0x20, 0x68, 0x6f, 0x6d, 0x65, 0x3d, 0x22, 0x24, 0x28, 0x67, 0x65, 0x74, 0x65,
    0x6e, 0x74, 0x20, 0x70, 0x61, 0x73, 0x73, 0x77, 0x64, 0x20, 0x22, 0x24, 0x75, 0x73, 0x65, 0x72,
    0x22, 0x20, 0x32, 0x3e, 0x2f, 0x64, 0x65, 0x76, 0x2f, 0x6e, 0x75, 0x6c, 0x6c, 0x20, 0x7c, 0x20,
    0x63, 0x75, 0x74, 0x20, 0x2d, 0x64, 0x3a, 0x20, 0x2d, 0x66, 0x36, 0x20, 0x7c, 0x7c, 0x20, 0x74,
    0x72, 0x75, 0x65, 0x29, 0x22, 0x0a, 0x20, 0x20, 0x5b, 0x5b, 0x20, 0x2d, 0x6e, 0x20, 0x22, 0x24,
    0x68, 0x6f, 0x6d, 0x65, 0x22, 0x20, 0x5d, 0x5d, 0x20, 0x7c, 0x7c, 0x20, 0x7b, 0x20, 0x77, 0x61,
    0x72, 0x6e, 0x20, 0x22, 0xe6, 0x97, 0xa0, 0xe6, 0xb3, 0x95, 0xe8, 0xaf, 0xbb, 0xe5, 0x8f, 0x96,
    0xe7, 0x94, 0xa8, 0xe6, 0x88, 0xb7, 0x20, 0x24, 0x75, 0x73, 0x65, 0x72, 0x20, 0xe7, 0x9a, 0x84,
    0x20, 0x68, 0x6f, 0x6d, 0x65, 0xe3, 0x80, 0x82, 0x22, 0x3b, 0x20, 0x72, 0x65, 0x74, 0x75, 0x72,
    0x6e, 0x20, 0x31, 0x3b, 0x20, 0x7d, 0x0a, 0x0a, 0x20, 0x20, 0x63, 0x6f, 0x6e, 0x64, 0x61, 0x5f,
    0x62, 0x69, 0x6e, 0x3d, 0x22, 0x24, 0x28, 0x66, 0x69, 0x6e, 0x64, 0x5f, 0x6e, 0x61, 0x6d, 0x65,
    0x64, 0x5f, 0x75, 0x73, 0x65, 0x72, 0x5f, 0x6d, 0x69, 0x6e, 0x69, 0x63, 0x6f, 0x6e, 0x64, 0x61,
    0x20, 0x22, 0x24, 0x75, 0x73, 0x65, 0x72, 0x22, 0x20, 0x32, 0x3e, 0x2f, 0x64, 0x65, 0x76, 0x2f,
    0x6e, 0x75, 0x6c, 0x6c, 0x20, 0x7c, 0x7c, 0x20, 0x74, 0x72, 0x75, 0x65, 0x29, 0x22, 0x0a, 0x20,
    0x20, 0x69, 0x66, 0x20, 0x5b, 0x5b, 0x20, 0x2d, 0x7a, 0x20, 0x22, 0x24, 0x63, 0x6f, 0x6e, 0x64,
    0x61, 0x5f, 0x62, 0x69, 0x6e, 0x22, 0x20, 0x5d, 0x5d, 0x3b, 0x20, 0x74, 0x68, 0x65, 0x6e, 0x0a,
    0x20, 0x20, 0x20, 0x20, 0x77, 0x61, 0x72, 0x6e, 0x20, 0x22, 0xe7, 0x94, 0xa8, 0xe6, 0x88, 0xb7,
    0x20, 0x24, 0x75, 0x73, 0x65, 0x72, 0x20, 0xe6, 0xb2, 0xa1, 0xe6, 0x9c, 0x89, 0x20, 0x4d, 0x69,
    0x6e, 0x69, 0x63, 0x6f, 0x6e, 0x64, 0x61, 0xef, 0xbc, 0x9b, 0xe5, 0x85, 0x88, 0xe5, 0xae, 0x89,
    0xe8, 0xa3, 0x85, 0x20, 0x6d, 0x69, 0x63, 0x72, 0x6f, 0x6d, 0x61, 0x6d, 0x62, 0x61, 0xef, 0xbc,
    0x88, 0xe8, 0x87, 0xaa, 0xe5, 0x8a, 0xa8, 0xe5, 0xae, 0x89, 0xe8, 0xa3, 0x85, 0x20, 0x4d, 0x69,
    0x6e, 0x69, 0x63, 0x6f, 0x6e, 0x64, 0x61, 0x20, 0xe5, 0x89, 0x8d, 0xe7, 0xbd, 0xae, 0xef, 0xbc,
    0x89, 0xe3, 0x80, 0x82, 0x22, 0x0a, 0x20, 0x20, 0x20, 0x20, 0x69, 0x6e, 0x73, 0x74, 0x61, 0x6c,
    0x6c, 0x5f, 0x6d, 0x69, 0x63, 0x72, 0x6f, 0x6d, 0x61, 0x6d, 0x62, 0x61, 0x5f, 0x66, 0x6f, 0x72,
    0x5f, 0x61, 0x63, 0x63, 0x6f, 0x75, 0x6e, 0x74, 0x20, 0x22, 0x24, 0x75, 0x73, 0x65, 0x72, 0x22,
    0x20, 0x7c, 0x7c, 0x20, 0x72, 0x65, 0x74, 0x75, 0x72, 0x6e, 0x20, 0x31, 0x0a, 0x20, 0x20, 0x20,
    0x20, 0x69, 0x66, 0x20, 0x28, 0x28, 0x20, 0x44, 0x52, 0x59, 0x5f, 0x52, 0x55, 0x4e, 0x20, 0x29,
    0x29, 0x3b, 0x20, 0x74, 0x68, 0x65, 0x6e, 0x0a, 0x20, 0x20, 0x20, 0x20, 0x20, 0x20, 0x63, 0x6f,
    0x6e, 0x64, 0x61, 0x5f, 0x62, 0x69, 0x6e, 0x3d, 0x22, 0x24, 0x68, 0x6f, 0x6d, 0x65, 0x2f, 0x64,
    0x61, 0x74, 0x61, 0x5f, 0x48, 0x44, 0x2f, 0x6d, 0x69, 0x6e, 0x69, 0x63, 0x6f, 0x6e, 0x64, 0x61,
    0x33, 0x2f, 0x62, 0x69, 0x6e, 0x2f, 0x63, 0x6f, 0x6e, 0x64, 0x61, 0x22, 0x0a, 0x20, 0x20, 0x20,
    0x20, 0x65, 0x6c, 0x73, 0x65, 0x0a, 0x20, 0x20, 0x20, 0x20, 0x20, 0x20, 0x63, 0x6f, 0x6e, 0x64,
    0x61, 0x5f, 0x62, 0x69, 0x6e, 0x3d, 0x22, 0x24, 0x28, 0x66, 0x69, 0x6e, 0x64, 0x5f, 0x6e, 0x61,
    0x6d, 0x65, 0x64, 0x5f, 0x75, 0x73, 0x65, 0x72, 0x5f, 0x6d, 0x69, 0x6e, 0x69, 0x63, 0x6f, 0x6e,
    0x64, 0x61, 0x20, 0x22, 0x24, 0x75, 0x73, 0x65, 0x72, 0x22, 0x20, 0x32, 0x3e, 0x2f, 0x64, 0x65,
    0x76, 0x2f, 0x6e, 0x75, 0x6c, 0x6c, 0x20, 0x7c, 0x7c, 0x20, 0x74, 0x72, 0x75, 0x65, 0x29, 0x22,
    0x0a, 0x20, 0x20, 0x20, 0x20, 0x66, 0x69, 0x0a, 0x20, 0x20, 0x66, 0x69, 0x0a, 0x20, 0x20, 0x5b,
    0x5b, 0x20, 0x2d, 0x6e, 0x20, 0x22, 0x24, 0x63, 0x6f, 0x6e, 0x64, 0x61, 0x5f, 0x62, 0x69, 0x6e,
    0x22, 0x20, 0x5d, 0x5d, 0x20, 0x7c, 0x7c, 0x20, 0x7b, 0x20, 0x77, 0x61, 0x72, 0x6e, 0x20, 0x22,
    0xe6, 0x97, 0xa0, 0xe6, 0xb3, 0x95, 0xe6, 0x89, 0xbe, 0xe5, 0x88, 0xb0, 0x20, 0x24, 0x75, 0x73,
    0x65, 0x72, 0x20, 0xe7, 0x9a, 0x84, 0x20, 0x4d, 0x69, 0x6e, 0x69, 0x63, 0x6f, 0x6e, 0x64, 0x61,
    0xe3, 0x80, 0x82, 0x22, 0x3b, 0x20, 0x72, 0x65, 0x74, 0x75, 0x72, 0x6e, 0x20, 0x31, 0x3b, 0x20,
    0x7d, 0x0a, 0x0a, 0x20, 0x20, 0x69, 0x66, 0x20, 0x28, 0x28, 0x20, 0x44, 0x52, 0x59, 0x5f, 0x52,
    0x55, 0x4e, 0x20, 0x3d, 0x3d, 0x20, 0x30, 0x20, 0x29, 0x29, 0x20, 0x26, 0x26, 0x20, 0x21, 0x20,
    0x61, 0x73, 0x5f, 0x6e, 0x61, 0x6d, 0x65, 0x64, 0x5f, 0x75, 0x73, 0x65, 0x72, 0x20, 0x22, 0x24,
    0x75, 0x73, 0x65, 0x72, 0x22, 0x20, 0x22, 0x24, 0x63, 0x6f, 0x6e, 0x64, 0x61, 0x5f, 0x62, 0x69,
    0x6e, 0x22, 0x20, 0x65, 0x6e, 0x76, 0x20, 0x6c, 0x69, 0x73, 0x74, 0x20, 0x32, 0x3e, 0x2f, 0x64,
    0x65, 0x76, 0x2f, 0x6e, 0x75, 0x6c, 0x6c, 0x20, 0x7c, 0x20, 0x61, 0x77, 0x6b, 0x20, 0x27, 0x7b,
    0x70, 0x72, 0x69, 0x6e, 0x74, 0x20, 0x24, 0x31, 0x7d, 0x27, 0x20, 0x7c, 0x20, 0x67, 0x72, 0x65,
    0x70, 0x20, 0x2d, 0x46, 0x78, 0x71, 0x20, 0x6d, 0x65, 0x74, 0x61, 0x57, 0x52, 0x41, 0x50, 0x3b,
    0x20, 0x74, 0x68, 0x65, 0x6e, 0x0a, 0x20, 0x20, 0x20, 0x20, 0x77, 0x61, 0x72, 0x6e, 0x20, 0x22,
    0xe8, 0xb4, 0xa6, 0xe5, 0x8f, 0xb7, 0x20, 0x24, 0x75, 0x73, 0x65, 0x72, 0x20, 0xe5, 0xb0, 0x9a,
    0xe6, 0x9c, 0xaa, 0xe5, 0x88, 0x9b, 0xe5, 0xbb, 0xba, 0x20, 0x6d, 0x65, 0x74, 0x61, 0x57, 0x52,
    0x41, 0x50, 0x20, 0xe7, 0x8e, 0xaf, 0xe5, 0xa2, 0x83, 0xe3, 0x80, 0x82, 0x22, 0x0a, 0x20, 0x20,
    0x20, 0x20, 0x69, 0x66, 0x20, 0x63, 0x6f, 0x6e, 0x66, 0x69, 0x72, 0x6d, 0x20, 0x22, 0xe7, 0x8e,
    0xb0, 0xe5, 0x9c, 0xa8, 0xe5, 0x85, 0x88, 0xe4, 0xb8, 0xba, 0x20, 0x24, 0x75, 0x73, 0x65, 0x72,
    0x20, 0xe5, 0xae, 0x89, 0xe8, 0xa3, 0x85, 0x20, 0x6d, 0x65, 0x74, 0x61, 0x57, 0x52, 0x41, 0x50,
    0xef, 0xbc, 0x9f, 0x22, 0x20, 0x22, 0x59, 0x22, 0x3b, 0x20, 0x74, 0x68, 0x65, 0x6e, 0x0a, 0x20,
    0x20, 0x20, 0x20, 0x20, 0x20, 0x69, 0x6e, 0x73, 0x74, 0x61, 0x6c, 0x6c, 0x5f, 0x6d, 0x65, 0x74,
    0x61, 0x77, 0x72, 0x61, 0x70, 0x5f, 0x66, 0x6f, 0x72, 0x5f, 0x61, 0x63, 0x63, 0x6f, 0x75, 0x6e,
    0x74, 0x20, 0x22, 0x24, 0x75, 0x73, 0x65, 0x72, 0x22, 0x20, 0x7c, 0x7c, 0x20, 0x72, 0x65, 0x74,
    0x75, 0x72, 0x6e, 0x20, 0x31, 0x0a, 0x20, 0x20, 0x20, 0x20, 0x65, 0x6c, 0x73, 0x65, 0x0a, 0x20,
    0x20, 0x20, 0x20, 0x20, 0x20, 0x72, 0x65, 0x74, 0x75, 0x72, 0x6e, 0x20, 0x30, 0x0a, 0x20, 0x20,
    0x20, 0x20, 0x66, 0x69, 0x0a, 0x20, 0x20, 0x66, 0x69, 0x0a, 0x0a, 0x20, 0x20, 0x72, 0x65, 0x61,
    0x64, 0x20, 0x2d, 0x72, 0x20, 0x2d, 0x70, 0x20, 0x22, 0xe6, 0x95, 0xb0, 0xe6, 0x8d, 0xae, 0xe5,
    0xba, 0x93, 0xe6, 0xa0, 0xb9, 0xe7, 0x9b, 0xae, 0xe5, 0xbd, 0x95, 0x20, 0x5b, 0x24, 0x68, 0x6f,
    0x6d, 0x65, 0x2f, 0x64, 0x61, 0x74, 0x61, 0x5f, 0x48, 0x44, 0x2f, 0x6d, 0x65, 0x74, 0x61, 0x77,
    0x72, 0x61, 0x70, 0x5f, 0x64, 0x62, 0x5d, 0x3a, 0x20, 0x22, 0x20, 0x64, 0x62, 0x5f, 0x72, 0x6f,
    0x6f, 0x74, 0x0a, 0x20, 0x20, 0x64, 0x62, 0x5f, 0x72, 0x6f, 0x6f, 0x74, 0x3d, 0x22, 0x24, 0x7b,
    0x64, 0x62, 0x5f, 0x72, 0x6f, 0x6f, 0x74, 0x3a, 0x2d, 0x24, 0x68, 0x6f, 0x6d, 0x65, 0x2f, 0x64,
    0x61, 0x74, 0x61, 0x5f, 0x48, 0x44, 0x2f, 0x6d, 0x65, 0x74, 0x61, 0x77, 0x72, 0x61, 0x70, 0x5f,
    0x64, 0x62, 0x7d, 0x22, 0x0a, 0x20, 0x20, 0x5b, 0x5b, 0x20, 0x22, 0x24, 0x64, 0x62, 0x5f, 0x72,
    0x6f, 0x6f, 0x74, 0x22, 0x20, 0x3d, 0x3d, 0x20, 0x22, 0x24, 0x68, 0x6f, 0x6d, 0x65, 0x2f, 0x22,
    0x2a, 0x20, 0x5d, 0x5d, 0x20, 0x7c, 0x7c, 0x20, 0x7b, 0x20, 0x77, 0x61, 0x72, 0x6e, 0x20, 0x22,
    0xe6, 0x95, 0xb0, 0xe6, 0x8d, 0xae, 0xe5, 0xba, 0x93, 0xe7, 0x9b, 0xae, 0xe5, 0xbd, 0x95, 0xe5,
    0xbf, 0x85, 0xe9, 0xa1, 0xbb, 0xe4, 0xbd, 0x8d, 0xe4, 0xba, 0x8e, 0xe7, 0x94, 0xa8, 0xe6, 0x88,
    0xb7, 0x20, 0x24, 0x75, 0x73, 0x65, 0x72, 0x20, 0xe7, 0x9a, 0x84, 0x20, 0x68, 0x6f, 0x6d, 0x65,
    0x20, 0xe4, 0xb8, 0x8b, 0xe3, 0x80, 0x82, 0x22, 0x3b, 0x20, 0x72, 0x65, 0x74, 0x75, 0x72, 0x6e,
    0x20, 0x31, 0x3b, 0x20, 0x7d, 0x0a, 0x20, 0x20, 0x61, 0x73, 0x5f, 0x6e, 0x61, 0x6d, 0x65, 0x64,
    0x5f, 0x75, 0x73, 0x65, 0x72, 0x20, 0x22, 0x24, 0x75, 0x73, 0x65, 0x72, 0x22, 0x20, 0x6d, 0x6b,
    0x64, 0x69, 0x72, 0x20, 0x2d, 0x70, 0x20, 0x22, 0x24, 0x64, 0x62, 0x5f, 0x72, 0x6f, 0x6f, 0x74,
    0x22, 0x0a, 0x20, 0x20, 0x66, 0x72, 0x65, 0x65, 0x5f, 0x73, 0x70, 0x61, 0x63, 0x65, 0x3d, 0x22,
    0x24, 0x28, 0x64, 0x66, 0x20, 0x2d, 0x68, 0x50, 0x20, 0x22, 0x24, 0x28, 0x64, 0x69, 0x72, 0x6e,
    0x61, 0x6d, 0x65, 0x20, 0x22, 0x24, 0x64, 0x62, 0x5f, 0x72, 0x6f, 0x6f, 0x74, 0x22, 0x29, 0x22,
    0x20, 0x32, 0x3e, 0x2f, 0x64, 0x65, 0x76, 0x2f, 0x6e, 0x75, 0x6c, 0x6c, 0x20, 0x7c, 0x20, 0x61,
    0x77, 0x6b, 0x20, 0x27, 0x4e, 0x52, 0x3d, 0x3d, 0x32, 0x20, 0x7b, 0x70, 0x72, 0x69, 0x6e, 0x74,
    0x20, 0x24, 0x34, 0x20, 0x22, 0x20, 0x66, 0x72, 0x65, 0x65, 0x20, 0x6f, 0x66, 0x20, 0x22, 0x20,
    0x24, 0x32, 0x7d, 0x27, 0x20, 0x7c, 0x7c, 0x20, 0x74, 0x72, 0x75, 0x65, 0x29, 0x22, 0x0a, 0x20,
    0x20, 0x69, 0x6e, 0x66, 0x6f, 0x20, 0x22, 0xe6, 0x95, 0xb0, 0xe6, 0x8d, 0xae, 0xe5, 0xba, 0x93,
    0xe7, 0x94, 0xa8, 0xe6, 0x88, 0xb7, 0x3a, 0x20, 0x24, 0x75, 0x73, 0x65, 0x72, 0x22, 0x0a, 0x20,
    0x20, 0x69, 0x6e, 0x66, 0x6f, 0x20, 0x22, 0xe6, 0x95, 0xb0, 0xe6, 0x8d, 0xae, 0xe5, 0xba, 0x93,
    0xe7, 0x9b, 0xae, 0xe5, 0xbd, 0x95, 0x3a, 0x20, 0x24, 0x64, 0x62, 0x5f, 0x72, 0x6f, 0x6f, 0x74,
    0x22, 0x0a, 0x20, 0x20, 0x69, 0x6e, 0x66, 0x6f, 0x20, 0x22, 0xe5, 0x8f, 0xaf, 0xe7, 0x94, 0xa8,
    0xe7, 0xa9, 0xba, 0xe9, 0x97, 0xb4, 0x3a, 0x20, 0x24, 0x7b, 0x66, 0x72, 0x65, 0x65, 0x5f, 0x73,
    0x70, 0x61, 0x63, 0x65, 0x3a, 0x2d, 0xe6, 0x9c, 0xaa, 0xe7, 0x9f, 0xa5, 0x7d, 0x22, 0x0a, 0x0a,
    0x20, 0x20, 0x74, 0x68, 0x72, 0x65, 0x61, 0x64, 0x73, 0x3d, 0x22, 0x24, 0x28, 0x6e, 0x70, 0x72,
    0x6f, 0x63, 0x29, 0x22, 0x0a, 0x20, 0x20, 0x72, 0x65, 0x61, 0x64, 0x20, 0x2d, 0x72, 0x20, 0x2d,
    0x70, 0x20, 0x22, 0xe6, 0x95, 0xb0, 0xe6, 0x8d, 0xae, 0xe5, 0xba, 0x93, 0xe6, 0x9e, 0x84, 0xe5,
    0xbb, 0xba, 0xe7, 0xba, 0xbf, 0xe7, 0xa8, 0x8b, 0xe6, 0x95, 0xb0, 0x20, 0x5b, 0x24, 0x74, 0x68,
    0x72, 0x65, 0x61, 0x64, 0x73, 0x5d, 0x3a, 0x20, 0x22, 0x20, 0x63, 0x68, 0x6f, 0x69, 0x63, 0x65,
    0x0a, 0x20, 0x20, 0x69, 0x66, 0x20, 0x5b, 0x5b, 0x20, 0x2d, 0x6e, 0x20, 0x22, 0x24, 0x63, 0x68,
    0x6f, 0x69, 0x63, 0x65, 0x22, 0x20, 0x5d, 0x5d, 0x3b, 0x20, 0x74, 0x68, 0x65, 0x6e, 0x0a, 0x20,
    0x20, 0x20, 0x20, 0x74, 0x68, 0x72, 0x65, 0x61, 0x64, 0x73, 0x3d, 0x22, 0x24, 0x63, 0x68, 0x6f,
    0x69, 0x63, 0x65, 0x22, 0x0a, 0x20, 0x20, 0x66, 0x69, 0x0a, 0x20, 0x20, 0x69, 0x66, 0x20, 0x5b,
    0x5b, 0x20, 0x21, 0x20, 0x22, 0x24, 0x74, 0x68, 0x72, 0x65, 0x61, 0x64, 0x73, 0x22, 0x20, 0x3d,
    0x7e, 0x20, 0x5e, 0x5b, 0x30, 0x2d, 0x39, 0x5d, 0x2b, 0x24, 0x20, 0x5d, 0x5d, 0x20, 0x7c, 0x7c,
    0x20, 0x28, 0x28, 0x20, 0x74, 0x68, 0x72, 0x65, 0x61, 0x64, 0x73, 0x20, 0x3c, 0x20, 0x31, 0x20,
    0x29, 0x29, 0x3b, 0x20, 0x74, 0x68, 0x65, 0x6e, 0x0a, 0x20, 0x20, 0x20, 0x20, 0x77, 0x61, 0x72,
    0x6e, 0x20, 0x22, 0xe7, 0xba, 0xbf, 0xe7, 0xa8, 0x8b, 0xe6, 0x95, 0xb0, 0xe5, 0xbf, 0x85, 0xe9,
    0xa1, 0xbb, 0xe4, 0xb8, 0xba, 0xe6, 0xad, 0xa3, 0xe6, 0x95, 0xb4, 0xe6, 0x95, 0xb0, 0xe3, 0x80,
    0x82, 0x22, 0x0a, 0x20, 0x20, 0x20, 0x20, 0x72, 0x65, 0x74, 0x75, 0x72, 0x6e, 0x20, 0x31, 0x0a,
    0x20, 0x20, 0x66, 0x69, 0x0a, 0x0a, 0x20, 0x20, 0x70, 0x72, 0x69, 0x6e, 0x74, 0x66, 0x20, 0x27,
    0x5c, 0x6e, 0x6d, 0x65, 0x74, 0x61, 0x57, 0x52, 0x41, 0x50, 0x20, 0xe6, 0x95, 0xb0, 0xe6, 0x8d,
    0xae, 0xe5, 0xba, 0x93, 0xef, 0xbc, 0x9a, 0x5c, 0x6e, 0x27, 0x0a, 0x20, 0x20, 0x70, 0x72, 0x69,
    0x6e, 0x74, 0x66, 0x20, 0x27, 0x31, 0x29, 0x20, 0x43, 0x68, 0x65, 0x63, 0x6b, 0x4d, 0x5c, 0x6e,
    0x27, 0x0a, 0x20, 0x20, 0x70, 0x72, 0x69, 0x6e, 0x74, 0x66, 0x20, 0x27, 0x32, 0x29, 0x20, 0x4b,
    0x72, 0x61, 0x6b, 0x65, 0x6e, 0x32, 0x20, 0x73, 0x74, 0x61, 0x6e, 0x64, 0x61, 0x72, 0x64, 0x5c,
    0x6e, 0x27, 0x0a, 0x20, 0x20, 0x70, 0x72, 0x69, 0x6e, 0x74, 0x66, 0x20, 0x27, 0x33, 0x29, 0x20,
    0x4e, 0x43, 0x42, 0x49, 0x20, 0x6e, 0x74, 0x5c, 0x6e, 0x27, 0x0a, 0x20, 0x20, 0x70, 0x72, 0x69,
    0x6e, 0x74, 0x66, 0x20, 0x27, 0x34, 0x29, 0x20, 0x4e, 0x43, 0x42, 0x49, 0x20, 0x74, 0x61, 0x78,
    0x6f, 0x6e, 0x6f, 0x6d, 0x79, 0x5c, 0x6e, 0x27, 0x0a, 0x20, 0x20, 0x70, 0x72, 0x69, 0x6e, 0x74,
    0x66, 0x20, 0x27, 0x35, 0x29, 0x20, 0x68, 0x67, 0x33, 0x38, 0x20, 0x42, 0x4d, 0x54, 0x41, 0x47,
    0x47, 0x45, 0x52, 0x20, 0x69, 0x6e, 0x64, 0x65, 0x78, 0x5c, 0x6e, 0x27, 0x0a, 0x20, 0x20, 0x70,
    0x72, 0x69, 0x6e, 0x74, 0x66, 0x20, 0x27, 0x36, 0x29, 0x20, 0xe5, 0x85, 0xa8, 0xe9, 0x83, 0xa8,
    0x5c, 0x6e, 0x27, 0x0a, 0x20, 0x20, 0x70, 0x72, 0x69, 0x6e, 0x74, 0x66, 0x20, 0x27, 0x37, 0x29,
    0x20, 0xe6, 0xa3, 0x80, 0xe6, 0x9f, 0xa5, 0xe6, 0x95, 0xb0, 0xe6, 0x8d, 0xae, 0xe5, 0xba, 0x93,
    0xe7, 0x8a, 0xb6, 0xe6, 0x80, 0x81, 0x5c, 0x6e, 0x27, 0x0a, 0x20, 0x20, 0x70, 0x72, 0x69, 0x6e,
    0x74, 0x66, 0x20, 0x27, 0x30, 0x29, 0x20, 0xe8, 0xbf, 0x94, 0xe5, 0x9b, 0x9e, 0x5c, 0x6e, 0x27,
    0x0a, 0x20, 0x20, 0x72, 0x65, 0x61, 0x64, 0x20, 0x2d, 0x72, 0x20, 0x2d, 0x70, 0x20, 0x22, 0xe9,
    0x80, 0x89, 0xe6, 0x8b, 0xa9, 0x3a, 0x20, 0x22, 0x20, 0x63, 0x68, 0x6f, 0x69, 0x63, 0x65, 0x0a,
    0x0a, 0x20, 0x20, 0x61, 0x73, 0x5f, 0x72, 0x6f, 0x6f, 0x74, 0x20, 0x61, 0x70, 0x74, 0x2d, 0x67,
    0x65, 0x74, 0x20, 0x75, 0x70, 0x64, 0x61, 0x74, 0x65, 0x0a, 0x20, 0x20, 0x61, 0x73, 0x5f, 0x72,
    0x6f, 0x6f, 0x74, 0x20, 0x65, 0x6e, 0x76, 0x20, 0x44, 0x45, 0x42, 0x49, 0x41, 0x4e, 0x5f, 0x46,
    0x52, 0x4f, 0x4e, 0x54, 0x45, 0x4e, 0x44, 0x3d, 0x6e, 0x6f, 0x6e, 0x69, 0x6e, 0x74, 0x65, 0x72,
    0x61, 0x63, 0x74, 0x69, 0x76, 0x65, 0x20, 0x61, 0x70, 0x74, 0x2d, 0x67, 0x65, 0x74, 0x20, 0x69,
    0x6e, 0x73, 0x74, 0x61, 0x6c, 0x6c, 0x20, 0x2d, 0x79, 0x20, 0x63, 0x75, 0x72, 0x6c, 0x20, 0x77,
    0x67, 0x65, 0x74, 0x20, 0x74, 0x61, 0x72, 0x20, 0x67, 0x7a, 0x69, 0x70, 0x0a, 0x0a, 0x20, 0x20,
    0x63, 0x61, 0x73, 0x65, 0x20, 0x22, 0x24, 0x63, 0x68, 0x6f, 0x69, 0x63, 0x65, 0x22, 0x20, 0x69,
    0x6e, 0x0a, 0x20, 0x20, 0x20, 0x20, 0x31, 0x29, 0x20, 0x64, 0x6f, 0x77, 0x6e, 0x6c, 0x6f, 0x61,
    0x64, 0x5f, 0x6d, 0x65, 0x74, 0x61, 0x77, 0x72, 0x61, 0x70, 0x5f, 0x63, 0x68, 0x65, 0x63, 0x6b,
    0x6d, 0x5f, 0x64, 0x62, 0x20, 0x22, 0x24, 0x75, 0x73, 0x65, 0x72, 0x22, 0x20, 0x22, 0x24, 0x63,
    0x6f, 0x6e, 0x64, 0x61, 0x5f, 0x62, 0x69, 0x6e, 0x22, 0x20, 0x22, 0x24, 0x64, 0x62, 0x5f, 0x72,
    0x6f, 0x6f, 0x74, 0x22, 0x20, 0x3b, 0x3b, 0x0a, 0x20, 0x20, 0x20, 0x20, 0x32, 0x29, 0x20, 0x64,
    0x6f, 0x77, 0x6e, 0x6c, 0x6f, 0x61, 0x64, 0x5f, 0x6d, 0x65, 0x74, 0x61, 0x77, 0x72, 0x61, 0x70,
    0x5f, 0x6b, 0x72, 0x61, 0x6b, 0x65, 0x6e, 0x32, 0x5f, 0x64, 0x62, 0x20, 0x22, 0x24, 0x75, 0x73,
    0x65, 0x72, 0x22, 0x20, 0x22, 0x24, 0x63, 0x6f, 0x6e, 0x64, 0x61, 0x5f, 0x62, 0x69, 0x6e, 0x22,
    0x20, 0x22, 0x24, 0x64, 0x62, 0x5f, 0x72, 0x6f, 0x6f, 0x74, 0x22, 0x20, 0x22, 0x24, 0x74, 0x68,
    0x72, 0x65, 0x61, 0x64, 0x73, 0x22, 0x20, 0x3b, 0x3b, 0x0a, 0x20, 0x20, 0x20, 0x20, 0x33, 0x29,
    0x20, 0x64, 0x6f, 0x77, 0x6e, 0x6c, 0x6f, 0x61, 0x64, 0x5f, 0x6d, 0x65, 0x74, 0x61, 0x77, 0x72,
    0x61, 0x70, 0x5f, 0x6e, 0x63, 0x62, 0x69, 0x5f, 0x6e, 0x74, 0x5f, 0x64, 0x62, 0x20, 0x22, 0x24,
    0x75, 0x73, 0x65, 0x72, 0x22, 0x20, 0x22, 0x24, 0x63, 0x6f, 0x6e, 0x64, 0x61, 0x5f, 0x62, 0x69,
    0x6e, 0x22, 0x20, 0x22, 0x24, 0x64, 0x62, 0x5f, 0x72, 0x6f, 0x6f, 0x74, 0x22, 0x20, 0x3b, 0x3b,
    0x0a, 0x20, 0x20, 0x20, 0x20, 0x34, 0x29, 0x20, 0x64, 0x6f, 0x77, 0x6e, 0x6c, 0x6f, 0x61, 0x64,
    0x5f, 0x6d, 0x65, 0x74, 0x61, 0x77, 0x72, 0x61, 0x70, 0x5f, 0x6e, 0x63, 0x62, 0x69, 0x5f, 0x74,
    0x61, 0x78, 0x5f, 0x64, 0x62, 0x20, 0x22, 0x24, 0x75, 0x73, 0x65, 0x72, 0x22, 0x20, 0x22, 0x24,
    0x63, 0x6f, 0x6e, 0x64, 0x61, 0x5f, 0x62, 0x69, 0x6e, 0x22, 0x20, 0x22, 0x24, 0x64, 0x62, 0x5f,
    0x72, 0x6f, 0x6f, 0x74, 0x22, 0x20, 0x3b, 0x3b, 0x0a, 0x20, 0x20, 0x20, 0x20, 0x35, 0x29, 0x20,
    0x64, 0x6f, 0x77, 0x6e, 0x6c, 0x6f, 0x61, 0x64, 0x5f, 0x6d, 0x65, 0x74, 0x61, 0x77, 0x72, 0x61,
    0x70, 0x5f, 0x62, 0x6d, 0x74, 0x61, 0x67, 0x67, 0x65, 0x72, 0x5f, 0x64, 0x62, 0x20, 0x22, 0x24,
    0x75, 0x73, 0x65, 0x72, 0x22, 0x20, 0x22, 0x24, 0x63, 0x6f, 0x6e, 0x64, 0x61, 0x5f, 0x62, 0x69,
    0x6e, 0x22, 0x20, 0x22, 0x24, 0x64, 0x62, 0x5f, 0x72, 0x6f, 0x6f, 0x74, 0x22, 0x20, 0x3b, 0x3b,
    0x0a, 0x20, 0x20, 0x20, 0x20, 0x36, 0x29, 0x0a, 0x20, 0x20, 0x20, 0x20, 0x20, 0x20, 0x77, 0x61,
    0x72, 0x6e, 0x20, 0x22, 0xe5, 0x85, 0xa8, 0xe9, 0x83, 0xa8, 0xe6, 0x95, 0xb0, 0xe6, 0x8d, 0xae,
    0xe5, 0xba, 0x93, 0xe5, 0x8f, 0xaf, 0xe8, 0x83, 0xbd, 0xe5, 0x8d, 0xa0, 0xe7, 0x94, 0xa8, 0xe6,
    0x95, 0xb0, 0xe7, 0x99, 0xbe, 0x20, 0x47, 0x42, 0xef, 0xbc, 0x8c, 0xe5, 0xb9, 0xb6, 0xe5, 0x8c,
    0x85, 0xe5, 0x90, 0xab, 0xe9, 0xab, 0x98, 0xe5, 0x86, 0x85, 0xe5, 0xad, 0x98, 0xe6, 0x9e, 0x84,
    0xe5, 0xbb, 0xba, 0xe6, 0xad, 0xa5, 0xe9, 0xaa, 0xa4, 0xe3, 0x80, 0x82, 0x22, 0x0a, 0x20, 0x20,
    0x20, 0x20, 0x20, 0x20, 0x63, 0x6f, 0x6e, 0x66, 0x69, 0x72, 0x6d, 0x20, 0x22, 0xe7, 0xa1, 0xae,
    0xe8, 0xae, 0xa4, 0xe7, 0xbb, 0xa7, 0xe7, 0xbb, 0xad, 0xe4, 0xb8, 0x8b, 0xe8, 0xbd, 0xbd, 0x2f,
    0xe6, 0x9e, 0x84, 0xe5, 0xbb, 0xba, 0xe5, 0x85, 0xa8, 0xe9, 0x83, 0xa8, 0xe6, 0x95, 0xb0, 0xe6,
    0x8d, 0xae, 0xe5, 0xba, 0x93, 0xef, 0xbc, 0x9f, 0x22, 0x20, 0x7c, 0x7c, 0x20, 0x72, 0x65, 0x74,
    0x75, 0x72, 0x6e, 0x20, 0x30, 0x0a, 0x20, 0x20, 0x20, 0x20, 0x20, 0x20, 0x64, 0x6f, 0x77, 0x6e,
    0x6c, 0x6f, 0x61, 0x64, 0x5f, 0x6d, 0x65, 0x74, 0x61, 0x77, 0x72, 0x61, 0x70, 0x5f, 0x63, 0x68,
    0x65, 0x63, 0x6b, 0x6d, 0x5f, 0x64, 0x62, 0x20, 0x22, 0x24, 0x75, 0x73, 0x65, 0x72, 0x22, 0x20,
    0x22, 0x24, 0x63, 0x6f, 0x6e, 0x64, 0x61, 0x5f, 0x62, 0x69, 0x6e, 0x22, 0x20, 0x22, 0x24, 0x64,
    0x62, 0x5f, 0x72, 0x6f, 0x6f, 0x74, 0x22, 0x0a, 0x20, 0x20, 0x20, 0x20, 0x20, 0x20, 0x64, 0x6f,
    0x77, 0x6e, 0x6c, 0x6f, 0x61, 0x64, 0x5f, 0x6d, 0x65, 0x74, 0x61, 0x77, 0x72, 0x61, 0x70, 0x5f,
    0x6b, 0x72, 0x61, 0x6b, 0x65, 0x6e, 0x32, 0x5f, 0x64, 0x62, 0x20, 0x22, 0x24, 0x75, 0x73, 0x65,
    0x72, 0x22, 0x20, 0x22, 0x24, 0x63, 0x6f, 0x6e, 0x64, 0x61, 0x5f, 0x62, 0x69, 0x6e, 0x22, 0x20,
    0x22, 0x24, 0x64, 0x62, 0x5f, 0x72, 0x6f, 0x6f, 0x74, 0x22, 0x20, 0x22, 0x24, 0x74, 0x68, 0x72,
    0x65, 0x61, 0x64, 0x73, 0x22, 0x0a, 0x20, 0x20, 0x20, 0x20, 0x20, 0x20, 0x64, 0x6f, 0x77, 0x6e,
    0x6c, 0x6f, 0x61, 0x64, 0x5f, 0x6d, 0x65, 0x74, 0x61, 0x77, 0x72, 0x61, 0x70, 0x5f, 0x6e, 0x63,
    0x62, 0x69, 0x5f, 0x6e, 0x74, 0x5f, 0x64, 0x62, 0x20, 0x22, 0x24, 0x75, 0x73, 0x65, 0x72, 0x22,
    0x20, 0x22, 0x24, 0x63, 0x6f, 0x6e, 0x64, 0x61, 0x5f, 0x62, 0x69, 0x6e, 0x22, 0x20, 0x22, 0x24,
    0x64, 0x62, 0x5f, 0x72, 0x6f, 0x6f, 0x74, 0x22, 0x0a, 0x20, 0x20, 0x20, 0x20, 0x20, 0x20, 0x64,
    0x6f, 0x77, 0x6e, 0x6c, 0x6f, 0x61, 0x64, 0x5f, 0x6d, 0x65, 0x74, 0x61, 0x77, 0x72, 0x61, 0x70,
    0x5f, 0x6e, 0x63, 0x62, 0x69, 0x5f, 0x74, 0x61, 0x78, 0x5f, 0x64, 0x62, 0x20, 0x22, 0x24, 0x75,
    0x73, 0x65, 0x72, 0x22, 0x20, 0x22, 0x24, 0x63, 0x6f, 0x6e, 0x64, 0x61, 0x5f, 0x62, 0x69, 0x6e,
    0x22, 0x20, 0x22, 0x24, 0x64, 0x62, 0x5f, 0x72, 0x6f, 0x6f, 0x74, 0x22, 0x0a, 0x20, 0x20, 0x20,
    0x20, 0x20, 0x20, 0x64, 0x6f, 0x77, 0x6e, 0x6c, 0x6f, 0x61, 0x64, 0x5f, 0x6d, 0x65, 0x74, 0x61,
    0x77, 0x72, 0x61, 0x70, 0x5f, 0x62, 0x6d, 0x74, 0x61, 0x67, 0x67, 0x65, 0x72, 0x5f, 0x64, 0x62,
    0x20, 0x22, 0x24, 0x75, 0x73, 0x65, 0x72, 0x22, 0x20, 0x22, 0x24, 0x63, 0x6f, 0x6e, 0x64, 0x61,
    0x5f, 0x62, 0x69, 0x6e, 0x22, 0x20, 0x22, 0x24, 0x64, 0x62, 0x5f, 0x72, 0x6f, 0x6f, 0x74, 0x22,
    0x0a, 0x20, 0x20, 0x20, 0x20, 0x20, 0x20, 0x3b, 0x3b, 0x0a, 0x20, 0x20, 0x20, 0x20, 0x37, 0x29,
    0x20, 0x73, 0x68, 0x6f, 0x77, 0x5f, 0x6d, 0x65, 0x74, 0x61, 0x77, 0x72, 0x61, 0x70, 0x5f, 0x64,
    0x62, 0x5f, 0x73, 0x74, 0x61, 0x74, 0x75, 0x73, 0x20, 0x22, 0x24, 0x64, 0x62, 0x5f, 0x72, 0x6f,
    0x6f, 0x74, 0x22, 0x20, 0x3b, 0x3b, 0x0a, 0x20, 0x20, 0x20, 0x20, 0x30, 0x29, 0x20, 0x72, 0x65,
    0x74, 0x75, 0x72, 0x6e, 0x20, 0x30, 0x20, 0x3b, 0x3b, 0x0a, 0x20, 0x20, 0x20, 0x20, 0x2a, 0x29,
    0x20, 0x77, 0x61, 0x72, 0x6e, 0x20, 0x22, 0xe6, 0x97, 0xa0, 0xe6, 0x95, 0x88, 0xe9, 0x80, 0x89,
    0xe6, 0x8b, 0xa9, 0xe3, 0x80, 0x82, 0x22, 0x3b, 0x20, 0x72, 0x65, 0x74, 0x75, 0x72, 0x6e, 0x20,
    0x31, 0x20, 0x3b, 0x3b, 0x0a, 0x20, 0x20, 0x65, 0x73, 0x61, 0x63, 0x0a, 0x7d, 0x0a, 0x0a, 0x72,
    0x65, 0x73, 0x6f, 0x6c, 0x76, 0x65, 0x5f, 0x6d, 0x65, 0x74, 0x61, 0x63, 0x61, 0x74, 0x5f, 0x6c,
    0x61, 0x74, 0x65, 0x73, 0x74, 0x5f, 0x72, 0x65, 0x6c, 0x65, 0x61, 0x73, 0x65, 0x28, 0x29, 0x20,
    0x7b, 0x0a, 0x20, 0x20, 0x6c, 0x6f, 0x63, 0x61, 0x6c, 0x20, 0x74, 0x6d, 0x70, 0x0a, 0x20, 0x20,
    0x4d, 0x45, 0x54, 0x41, 0x43, 0x41, 0x54, 0x5f, 0x4c, 0x41, 0x54, 0x45, 0x53, 0x54, 0x5f, 0x54,
    0x41, 0x47, 0x3d, 0x22, 0x22, 0x0a, 0x20, 0x20, 0x4d, 0x45, 0x54, 0x41, 0x43, 0x41, 0x54, 0x5f,
    0x4c, 0x41, 0x54, 0x45, 0x53, 0x54, 0x5f, 0x56, 0x45, 0x52, 0x53, 0x49, 0x4f, 0x4e, 0x3d, 0x22,
    0x22, 0x0a, 0x20, 0x20, 0x4d, 0x45, 0x54, 0x41, 0x43, 0x41, 0x54, 0x5f, 0x4c, 0x41, 0x54, 0x45,
    0x53, 0x54, 0x5f, 0x57, 0x48, 0x45, 0x45, 0x4c, 0x3d, 0x22, 0x22, 0x0a, 0x0a, 0x20, 0x20, 0x63,
    0x6f, 0x6d, 0x6d, 0x61, 0x6e, 0x64, 0x20, 0x2d, 0x76, 0x20, 0x63, 0x75, 0x72, 0x6c, 0x20, 0x3e,
    0x2f, 0x64, 0x65, 0x76, 0x2f, 0x6e, 0x75, 0x6c, 0x6c, 0x20, 0x32, 0x3e, 0x26, 0x31, 0x20, 0x7c,
    0x7c, 0x20, 0x7b, 0x0a, 0x20, 0x20, 0x20, 0x20, 0x61, 0x73, 0x5f, 0x72, 0x6f, 0x6f, 0x74, 0x20,
    0x61, 0x70, 0x74, 0x2d, 0x67, 0x65, 0x74, 0x20, 0x75, 0x70, 0x64, 0x61, 0x74, 0x65, 0x0a, 0x20,
    0x20, 0x20, 0x20, 0x61, 0x73, 0x5f, 0x72, 0x6f, 0x6f, 0x74, 0x20, 0x65, 0x6e, 0x76, 0x20, 0x44,
    0x45, 0x42, 0x49, 0x41, 0x4e, 0x5f, 0x46, 0x52, 0x4f, 0x4e, 0x54, 0x45, 0x4e, 0x44, 0x3d, 0x6e,
    0x6f, 0x6e, 0x69, 0x6e, 0x74, 0x65, 0x72, 0x61, 0x63, 0x74, 0x69, 0x76, 0x65, 0x20, 0x61, 0x70,
    0x74, 0x2d, 0x67, 0x65, 0x74, 0x20, 0x69, 0x6e, 0x73, 0x74, 0x61, 0x6c, 0x6c, 0x20, 0x2d, 0x79,
    0x20, 0x63, 0x75, 0x72, 0x6c, 0x0a, 0x20, 0x20, 0x7d, 0x0a, 0x20, 0x20, 0x63, 0x6f, 0x6d, 0x6d,
    0x61, 0x6e, 0x64, 0x20, 0x2d, 0x76, 0x20, 0x70, 0x79, 0x74, 0x68, 0x6f, 0x6e, 0x33, 0x20, 0x3e,
    0x2f, 0x64, 0x65, 0x76, 0x2f, 0x6e, 0x75, 0x6c, 0x6c, 0x20, 0x32, 0x3e, 0x26, 0x31, 0x20, 0x7c,
    0x7c, 0x20, 0x7b, 0x0a, 0x20, 0x20, 0x20, 0x20, 0x61, 0x73, 0x5f, 0x72, 0x6f, 0x6f, 0x74, 0x20,
    0x61, 0x70, 0x74, 0x2d, 0x67, 0x65, 0x74, 0x20, 0x75, 0x70, 0x64, 0x61, 0x74, 0x65, 0x0a, 0x20,
    0x20, 0x20, 0x20, 0x61, 0x73, 0x5f, 0x72, 0x6f, 0x6f, 0x74, 0x20, 0x65, 0x6e, 0x76, 0x20, 0x44,
    0x45, 0x42, 0x49, 0x41, 0x4e, 0x5f, 0x46, 0x52, 0x4f, 0x4e, 0x54, 0x45, 0x4e, 0x44, 0x3d, 0x6e,
    0x6f, 0x6e, 0x69, 0x6e, 0x74, 0x65, 0x72, 0x61, 0x63, 0x74, 0x69, 0x76, 0x65, 0x20, 0x61, 0x70,
    0x74, 0x2d, 0x67, 0x65, 0x74, 0x20, 0x69, 0x6e, 0x73, 0x74, 0x61, 0x6c, 0x6c, 0x20, 0x2d, 0x79,
    0x20, 0x70, 0x79, 0x74, 0x68, 0x6f, 0x6e, 0x33, 0x0a, 0x20, 0x20, 0x7d, 0x0a, 0x0a, 0x20, 0x20,
    0x74, 0x6d, 0x70, 0x3d, 0x22, 0x2f, 0x74, 0x6d, 0x70, 0x2f, 0x6d, 0x65, 0x74, 0x61, 0x63, 0x61,
    0x74, 0x2d, 0x72, 0x65, 0x6c, 0x65, 0x61, 0x73, 0x65, 0x2d, 0x24, 0x24, 0x2e, 0x6a, 0x73, 0x6f,
    0x6e, 0x22, 0x0a, 0x20, 0x20, 0x69, 0x66, 0x20, 0x28, 0x28, 0x20, 0x44, 0x52, 0x59, 0x5f, 0x52,
    0x55, 0x4e, 0x20, 0x29, 0x29, 0x3b, 0x20, 0x74, 0x68, 0x65, 0x6e, 0x0a, 0x20, 0x20, 0x20, 0x20,
    0x70, 0x72, 0x69, 0x6e, 0x74, 0x66, 0x20, 0x27, 0x5b, 0x64, 0x72, 0x79, 0x2d, 0x72, 0x75, 0x6e,
    0x5d, 0x20, 0x71, 0x75, 0x65, 0x72, 0x79, 0x20, 0x6c, 0x61, 0x74, 0x65, 0x73, 0x74, 0x20, 0x4d,
    0x65, 0x74, 0x61, 0x43, 0x41, 0x54, 0x20, 0x72, 0x65, 0x6c, 0x65, 0x61, 0x73, 0x65, 0x20, 0x66,
    0x72, 0x6f, 0x6d, 0x20, 0x25, 0x73, 0x5c, 0x6e, 0x27, 0x20, 0x22, 0x24, 0x4d, 0x45, 0x54, 0x41,
    0x43, 0x41, 0x54, 0x5f, 0x52, 0x45, 0x4c, 0x45, 0x41, 0x53, 0x45, 0x5f, 0x41, 0x50, 0x49, 0x22,
    0x0a, 0x20, 0x20, 0x66, 0x69, 0x0a, 0x20, 0x20, 0x63, 0x75, 0x72, 0x6c, 0x20, 0x2d, 0x66, 0x73,
    0x53, 0x4c, 0x20, 0x2d, 0x2d, 0x72, 0x65, 0x74, 0x72, 0x79, 0x20, 0x33, 0x20, 0x2d, 0x2d, 0x72,
    0x65, 0x74, 0x72, 0x79, 0x2d, 0x64, 0x65, 0x6c, 0x61, 0x79, 0x20, 0x33, 0x20, 0x22, 0x24, 0x4d,
    0x45, 0x54, 0x41, 0x43, 0x41, 0x54, 0x5f, 0x52, 0x45, 0x4c, 0x45, 0x41, 0x53, 0x45, 0x5f, 0x41,
    0x50, 0x49, 0x22, 0x20, 0x2d, 0x6f, 0x20, 0x22, 0x24, 0x74, 0x6d, 0x70, 0x22, 0x0a, 0x0a, 0x20,
    0x20, 0x72, 0x65, 0x61, 0x64, 0x20, 0x2d, 0x72, 0x20, 0x4d, 0x45, 0x54, 0x41, 0x43, 0x41, 0x54,
    0x5f, 0x4c, 0x41, 0x54, 0x45, 0x53, 0x54, 0x5f, 0x54, 0x41, 0x47, 0x20, 0x4d, 0x45, 0x54, 0x41,
    0x43, 0x41, 0x54, 0x5f, 0x4c, 0x41, 0x54, 0x45, 0x53, 0x54, 0x5f, 0x56, 0x45, 0x52, 0x53, 0x49,
    0x4f, 0x4e, 0x20, 0x4d, 0x45, 0x54, 0x41, 0x43, 0x41, 0x54, 0x5f, 0x4c, 0x41, 0x54, 0x45, 0x53,
    0x54, 0x5f, 0x57, 0x48, 0x45, 0x45, 0x4c, 0x20, 0x3c, 0x20, 0x3c, 0x28, 0x0a, 0x20, 0x20, 0x20,
    0x20, 0x70, 0x79, 0x74, 0x68, 0x6f, 0x6e, 0x33, 0x20, 0x2d, 0x20, 0x22, 0x24, 0x74, 0x6d, 0x70,
    0x22, 0x20, 0x3c, 0x3c, 0x27, 0x50, 0x59, 0x27, 0x0a, 0x69, 0x6d, 0x70, 0x6f, 0x72, 0x74, 0x20,
    0x6a, 0x73, 0x6f, 0x6e, 0x2c, 0x20, 0x72, 0x65, 0x2c, 0x20, 0x73, 0x79, 0x73, 0x0a, 0x70, 0x61,
    0x74, 0x68, 0x20, 0x3d, 0x20, 0x73, 0x79, 0x73, 0x2e, 0x61, 0x72, 0x67, 0x76, 0x5b, 0x31, 0x5d,
    0x0a, 0x77, 0x69, 0x74, 0x68, 0x20, 0x6f, 0x70, 0x65, 0x6e, 0x28, 0x70, 0x61, 0x74, 0x68, 0x2c,
    0x20, 0x22, 0x72, 0x22, 0x2c, 0x20, 0x65, 0x6e, 0x63, 0x6f, 0x64, 0x69, 0x6e, 0x67, 0x3d, 0x22,
    0x75, 0x74, 0x66, 0x2d, 0x38, 0x22, 0x29, 0x20, 0x61, 0x73, 0x20, 0x66, 0x68, 0x3a, 0x0a, 0x20,
    0x20, 0x20, 0x20, 0x64, 0x61, 0x74, 0x61, 0x20, 0x3d, 0x20, 0x6a, 0x73, 0x6f, 0x6e, 0x2e, 0x6c,
    0x6f, 0x61, 0x64, 0x28, 0x66, 0x68, 0x29, 0x0a, 0x74, 0x61, 0x67, 0x20, 0x3d, 0x20, 0x64, 0x61,
    0x74, 0x61, 0x2e, 0x67, 0x65, 0x74, 0x28, 0x22, 0x74, 0x61, 0x67, 0x5f, 0x6e, 0x61, 0x6d, 0x65,
    0x22, 0x2c, 0x20, 0x22, 0x22, 0x29, 0x0a, 0x77, 0x68, 0x65, 0x65, 0x6c, 0x20, 0x3d, 0x20, 0x22,
    0x22, 0x0a, 0x76, 0x65, 0x72, 0x73, 0x69, 0x6f, 0x6e, 0x20, 0x3d, 0x20, 0x22, 0x22, 0x0a, 0x66,
    0x6f, 0x72, 0x20, 0x61, 0x73, 0x73, 0x65, 0x74, 0x20, 0x69, 0x6e, 0x20, 0x64, 0x61, 0x74, 0x61,
    0x2e, 0x67, 0x65, 0x74, 0x28, 0x22, 0x61, 0x73, 0x73, 0x65, 0x74, 0x73, 0x22, 0x2c, 0x20, 0x5b,
    0x5d, 0x29, 0x3a, 0x0a, 0x20, 0x20, 0x20, 0x20, 0x6e, 0x61, 0x6d, 0x65, 0x20, 0x3d, 0x20, 0x61,
    0x73, 0x73, 0x65, 0x74, 0x2e, 0x67, 0x65, 0x74, 0x28, 0x22, 0x6e, 0x61, 0x6d, 0x65, 0x22, 0x2c,
    0x20, 0x22, 0x22, 0x29, 0x0a, 0x20, 0x20, 0x20, 0x20, 0x75, 0x72, 0x6c, 0x20, 0x3d, 0x20, 0x61,
    0x73, 0x73, 0x65, 0x74, 0x2e, 0x67, 0x65, 0x74, 0x28, 0x22, 0x62, 0x72, 0x6f, 0x77, 0x73, 0x65,
    0x72, 0x5f, 0x64, 0x6f, 0x77, 0x6e, 0x6c, 0x6f, 0x61, 0x64, 0x5f, 0x75, 0x72, 0x6c, 0x22, 0x2c,
    0x20, 0x22, 0x22, 0x29, 0x0a, 0x20, 0x20, 0x20, 0x20, 0x6d, 0x20, 0x3d, 0x20, 0x72, 0x65, 0x2e,
    0x66, 0x75, 0x6c, 0x6c, 0x6d, 0x61, 0x74, 0x63, 0x68, 0x28, 0x72, 0x22, 0x6d, 0x65, 0x74, 0x61,
    0x63, 0x61, 0x74, 0x2d, 0x28, 0x2e, 0x2b, 0x29, 0x2d, 0x70, 0x79, 0x33, 0x2d, 0x6e, 0x6f, 0x6e,
    0x65, 0x2d, 0x61, 0x6e, 0x79, 0x5c, 0x2e, 0x77, 0x68, 0x6c, 0x22, 0x2c, 0x20, 0x6e, 0x61, 0x6d,
    0x65, 0x29, 0x0a, 0x20, 0x20, 0x20, 0x20, 0x69, 0x66, 0x20, 0x6d, 0x20, 0x61, 0x6e, 0x64, 0x20,
    0x75, 0x72, 0x6c, 0x2e, 0x73, 0x74, 0x61, 0x72, 0x74, 0x73, 0x77, 0x69, 0x74, 0x68, 0x28, 0x22,
    0x68, 0x74, 0x74, 0x70, 0x73, 0x3a, 0x2f, 0x2f, 0x67, 0x69, 0x74, 0x68, 0x75, 0x62, 0x2e, 0x63,
    0x6f, 0x6d, 0x2f, 0x6c, 0x69, 0x75, 0x2d, 0x63, 0x6f, 0x6e, 0x67, 0x63, 0x6f, 0x6e, 0x67, 0x2f,
    0x4d, 0x65, 0x74, 0x61, 0x43, 0x41, 0x54, 0x2f, 0x72, 0x65, 0x6c, 0x65, 0x61, 0x73, 0x65, 0x73,
    0x2f, 0x64, 0x6f, 0x77, 0x6e, 0x6c, 0x6f, 0x61, 0x64, 0x2f, 0x22, 0x29, 0x3a, 0x0a, 0x20, 0x20,
    0x20, 0x20, 0x20, 0x20, 0x20, 0x20, 0x76, 0x65, 0x72, 0x73, 0x69, 0x6f, 0x6e, 0x20, 0x3d, 0x20,
    0x6d, 0x2e, 0x67, 0x72, 0x6f, 0x75, 0x70, 0x28, 0x31, 0x29, 0x0a, 0x20, 0x20, 0x20, 0x20, 0x20,
    0x20, 0x20, 0x20, 0x77, 0x68, 0x65, 0x65, 0x6c, 0x20, 0x3d, 0x20, 0x75, 0x72, 0x6c, 0x0a, 0x20,
    0x20, 0x20, 0x20, 0x20, 0x20, 0x20, 0x20, 0x62, 0x72, 0x65, 0x61, 0x6b, 0x0a, 0x69, 0x66, 0x20,
    0x6e, 0x6f, 0x74, 0x20, 0x28, 0x74, 0x61, 0x67, 0x20, 0x61, 0x6e, 0x64, 0x20, 0x76, 0x65, 0x72,
    0x73, 0x69, 0x6f, 0x6e, 0x20, 0x61, 0x6e, 0x64, 0x20, 0x77, 0x68, 0x65, 0x65, 0x6c, 0x29, 0x3a,
    0x0a, 0x20, 0x20, 0x20, 0x20, 0x73, 0x79, 0x73, 0x2e, 0x65, 0x78, 0x69, 0x74, 0x28, 0x32, 0x29,
    0x0a, 0x70, 0x72, 0x69, 0x6e, 0x74, 0x28, 0x74, 0x61, 0x67, 0x2c, 0x20, 0x76, 0x65, 0x72, 0x73,
    0x69, 0x6f, 0x6e, 0x2c, 0x20, 0x77, 0x68, 0x65, 0x65, 0x6c, 0x29, 0x0a, 0x50, 0x59, 0x0a, 0x20,
    0x20, 0x29, 0x0a, 0x20, 0x20, 0x72, 0x6d, 0x20, 0x2d, 0x66, 0x20, 0x22, 0x24, 0x74, 0x6d, 0x70,
    0x22, 0x0a, 0x0a, 0x20, 0x20, 0x5b, 0x5b, 0x20, 0x2d, 0x6e, 0x20, 0x22, 0x24, 0x4d, 0x45, 0x54,
    0x41, 0x43, 0x41, 0x54, 0x5f, 0x4c, 0x41, 0x54, 0x45, 0x53, 0x54, 0x5f, 0x54, 0x41, 0x47, 0x22,
    0x20, 0x26, 0x26, 0x20, 0x2d, 0x6e, 0x20, 0x22, 0x24, 0x4d, 0x45, 0x54, 0x41, 0x43, 0x41, 0x54,
    0x5f, 0x4c, 0x41, 0x54, 0x45, 0x53, 0x54, 0x5f, 0x56, 0x45, 0x52, 0x53, 0x49, 0x4f, 0x4e, 0x22,
    0x20, 0x26, 0x26, 0x20, 0x2d, 0x6e, 0x20, 0x22, 0x24, 0x4d, 0x45, 0x54, 0x41, 0x43, 0x41, 0x54,
    0x5f, 0x4c, 0x41, 0x54, 0x45, 0x53, 0x54, 0x5f, 0x57, 0x48, 0x45, 0x45, 0x4c, 0x22, 0x20, 0x5d,
    0x5d, 0x20, 0x7c, 0x7c, 0x20, 0x7b, 0x0a, 0x20, 0x20, 0x20, 0x20, 0x77, 0x61, 0x72, 0x6e, 0x20,
    0x22, 0xe6, 0x97, 0xa0, 0xe6, 0xb3, 0x95, 0xe4, 0xbb, 0x8e, 0xe5, 0xae, 0x98, 0xe6, 0x96, 0xb9,
    0x20, 0x47, 0x69, 0x74, 0x48, 0x75, 0x62, 0x20, 0x6c, 0x61, 0x74, 0x65, 0x73, 0x74, 0x20, 0x72,
    0x65, 0x6c, 0x65, 0x61, 0x73, 0x65, 0x20, 0xe8, 0xa7, 0xa3, 0xe6, 0x9e, 0x90, 0x20, 0x4d, 0x65,
    0x74, 0x61, 0x43, 0x41, 0x54, 0x20, 0x77, 0x68, 0x65, 0x65, 0x6c, 0xe3, 0x80, 0x82, 0x22, 0x0a,
    0x20, 0x20, 0x20, 0x20, 0x72, 0x65, 0x74, 0x75, 0x72, 0x6e, 0x20, 0x31, 0x0a, 0x20, 0x20, 0x7d,
    0x0a, 0x0a, 0x20, 0x20, 0x69, 0x6e, 0x66, 0x6f, 0x20, 0x22, 0x4d, 0x65, 0x74, 0x61, 0x43, 0x41,
    0x54, 0x20, 0xe5, 0xae, 0x98, 0xe6, 0x96, 0xb9, 0xe6, 0x9c, 0x80, 0xe6, 0x96, 0xb0, 0x20, 0x52,
    0x65, 0x6c, 0x65, 0x61, 0x73, 0x65, 0x3a, 0x20, 0x74, 0x61, 0x67, 0x3d, 0x24, 0x4d, 0x45, 0x54,
    0x41, 0x43, 0x41, 0x54, 0x5f, 0x4c, 0x41, 0x54, 0x45, 0x53, 0x54, 0x5f, 0x54, 0x41, 0x47, 0x20,
    0x76, 0x65, 0x72, 0x73, 0x69, 0x6f, 0x6e, 0x3d, 0x24, 0x4d, 0x45, 0x54, 0x41, 0x43, 0x41, 0x54,
    0x5f, 0x4c, 0x41, 0x54, 0x45, 0x53, 0x54, 0x5f, 0x56, 0x45, 0x52, 0x53, 0x49, 0x4f, 0x4e, 0x22,
    0x0a, 0x20, 0x20, 0x69, 0x6e, 0x66, 0x6f, 0x20, 0x22, 0x4d, 0x65, 0x74, 0x61, 0x43, 0x41, 0x54,
    0x20, 0x77, 0x68, 0x65, 0x65, 0x6c, 0x3a, 0x20, 0x24, 0x4d, 0x45, 0x54, 0x41, 0x43, 0x41, 0x54,
    0x5f, 0x4c, 0x41, 0x54, 0x45, 0x53, 0x54, 0x5f, 0x57, 0x48, 0x45, 0x45, 0x4c, 0x22, 0x0a, 0x7d,
    0x0a, 0x0a, 0x73, 0x65, 0x74, 0x5f, 0x6e, 0x61, 0x6d, 0x65, 0x64, 0x5f, 0x75, 0x73, 0x65, 0x72,
    0x5f, 0x65, 0x78, 0x70, 0x6f, 0x72, 0x74, 0x28, 0x29, 0x20, 0x7b, 0x0a, 0x20, 0x20, 0x6c, 0x6f,
    0x63, 0x61, 0x6c, 0x20, 0x75, 0x73, 0x65, 0x72, 0x3d, 0x22, 0x24, 0x31, 0x22, 0x20, 0x6b, 0x65,
    0x79, 0x3d, 0x22, 0x24, 0x32, 0x22, 0x20, 0x76, 0x61, 0x6c, 0x75, 0x65, 0x3d, 0x22, 0x24, 0x33,
    0x22, 0x0a, 0x20, 0x20, 0x6c, 0x6f, 0x63, 0x61, 0x6c, 0x20, 0x68, 0x6f, 0x6d, 0x65, 0x20, 0x66,
    0x69, 0x6c, 0x65, 0x20, 0x6c, 0x69, 0x6e, 0x65, 0x0a, 0x0a, 0x20, 0x20, 0x68, 0x6f, 0x6d, 0x65,
    0x3d, 0x22, 0x24, 0x28, 0x67, 0x65, 0x74, 0x65, 0x6e, 0x74, 0x20, 0x70, 0x61, 0x73, 0x73, 0x77,
    0x64, 0x20, 0x22, 0x24, 0x75, 0x73, 0x65, 0x72, 0x22, 0x20, 0x32, 0x3e, 0x2f, 0x64, 0x65, 0x76,
    0x2f, 0x6e, 0x75, 0x6c, 0x6c, 0x20, 0x7c, 0x20, 0x63, 0x75, 0x74, 0x20, 0x2d, 0x64, 0x3a, 0x20,
    0x2d, 0x66, 0x36, 0x20, 0x7c, 0x7c, 0x20, 0x74, 0x72, 0x75, 0x65, 0x29, 0x22, 0x0a, 0x20, 0x20,
    0x5b, 0x5b, 0x20, 0x2d, 0x6e, 0x20, 0x22, 0x24, 0x68, 0x6f, 0x6d, 0x65, 0x22, 0x20, 0x5d, 0x5d,
    0x20, 0x7c, 0x7c, 0x20, 0x7b, 0x20, 0x77, 0x61, 0x72, 0x6e, 0x20, 0x22, 0xe6, 0x97, 0xa0, 0xe6,
    0xb3, 0x95, 0xe8, 0xaf, 0xbb, 0xe5, 0x8f, 0x96, 0xe7, 0x94, 0xa8, 0xe6, 0x88, 0xb7, 0x20, 0x24,
    0x75, 0x73, 0x65, 0x72, 0x20, 0xe7, 0x9a, 0x84, 0x20, 0x68, 0x6f, 0x6d, 0x65, 0xe3, 0x80, 0x82,
    0x22, 0x3b, 0x20, 0x72, 0x65, 0x74, 0x75, 0x72, 0x6e, 0x20, 0x31, 0x3b, 0x20, 0x7d, 0x0a, 0x20,
    0x20, 0x66, 0x69, 0x6c, 0x65, 0x3d, 0x22, 0x24, 0x68, 0x6f, 0x6d, 0x65, 0x2f, 0x2e, 0x62, 0x61,
    0x73, 0x68, 0x72, 0x63, 0x22, 0x0a, 0x20, 0x20, 0x6c, 0x69, 0x6e, 0x65, 0x3d, 0x22, 0x65, 0x78,
    0x70, 0x6f, 0x72, 0x74, 0x20, 0x24, 0x6b, 0x65, 0x79, 0x3d, 0x5c, 0x22, 0x24, 0x76, 0x61, 0x6c,
    0x75, 0x65, 0x5c, 0x22, 0x22, 0x0a, 0x0a, 0x20, 0x20, 0x69, 0x66, 0x20, 0x67, 0x72, 0x65, 0x70,
    0x20, 0x2d, 0x45, 0x71, 0x20, 0x22, 0x5e, 0x65, 0x78, 0x70, 0x6f, 0x72, 0x74, 0x5b, 0x5b, 0x3a,
    0x73, 0x70, 0x61, 0x63, 0x65, 0x3a, 0x5d, 0x5d, 0x2b, 0x24, 0x6b, 0x65, 0x79, 0x3d, 0x22, 0x20,
    0x22, 0x24, 0x66, 0x69, 0x6c, 0x65, 0x22, 0x20, 0x32, 0x3e, 0x2f, 0x64, 0x65, 0x76, 0x2f, 0x6e,
    0x75, 0x6c, 0x6c, 0x3b, 0x20, 0x74, 0x68, 0x65, 0x6e, 0x0a, 0x20, 0x20, 0x20, 0x20, 0x61, 0x73,
    0x5f, 0x6e, 0x61, 0x6d, 0x65, 0x64, 0x5f, 0x75, 0x73, 0x65, 0x72, 0x20, 0x22, 0x24, 0x75, 0x73,
    0x65, 0x72, 0x22, 0x20, 0x73, 0x65, 0x64, 0x20, 0x2d, 0x69, 0x20, 0x2d, 0x45, 0x20, 0x22, 0x73,
    0x7c, 0x5e, 0x65, 0x78, 0x70, 0x6f, 0x72, 0x74, 0x5b, 0x5b, 0x3a, 0x73, 0x70, 0x61, 0x63, 0x65,
    0x3a, 0x5d, 0x5d, 0x2b, 0x24, 0x6b, 0x65, 0x79, 0x3d, 0x2e, 0x2a, 0x7c, 0x24, 0x6c, 0x69, 0x6e,
    0x65, 0x7c, 0x22, 0x20, 0x22, 0x24, 0x66, 0x69, 0x6c, 0x65, 0x22, 0x0a, 0x20, 0x20, 0x65, 0x6c,
    0x73, 0x65, 0x0a, 0x20, 0x20, 0x20, 0x20, 0x61, 0x70, 0x70, 0x65, 0x6e, 0x64, 0x5f, 0x6e, 0x61,
    0x6d, 0x65, 0x64, 0x5f, 0x75, 0x73, 0x65, 0x72, 0x5f, 0x6c, 0x69, 0x6e, 0x65, 0x5f, 0x6f, 0x6e,
    0x63, 0x65, 0x20, 0x22, 0x24, 0x75, 0x73, 0x65, 0x72, 0x22, 0x20, 0x22, 0x24, 0x66, 0x69, 0x6c,
    0x65, 0x22, 0x20, 0x22, 0x24, 0x6c, 0x69, 0x6e, 0x65, 0x22, 0x0a, 0x20, 0x20, 0x66, 0x69, 0x0a,
    0x20, 0x20, 0x69, 0x6e, 0x66, 0x6f, 0x20, 0x22, 0xe5, 0xb7, 0xb2, 0xe5, 0x86, 0x99, 0xe5, 0x85,
    0xa5, 0x20, 0x24, 0x75, 0x73, 0x65, 0x72, 0x20, 0xe7, 0x8e, 0xaf, 0xe5, 0xa2, 0x83, 0xe5, 0x8f,
    0x98, 0xe9, 0x87, 0x8f, 0x3a, 0x20, 0x24, 0x6b, 0x65, 0x79, 0x3d, 0x24, 0x76, 0x61, 0x6c, 0x75,
    0x65, 0x22, 0x0a, 0x7d, 0x0a, 0x0a, 0x6d, 0x65, 0x74, 0x61, 0x63, 0x61, 0x74, 0x5f, 0x63, 0x68,
    0x65, 0x63, 0x6b, 0x6d, 0x32, 0x5f, 0x64, 0x62, 0x5f, 0x70, 0x61, 0x74, 0x68, 0x28, 0x29, 0x20,
    0x7b, 0x0a, 0x20, 0x20, 0x6c, 0x6f, 0x63, 0x61, 0x6c, 0x20, 0x64, 0x62, 0x5f, 0x72, 0x6f, 0x6f,
    0x74, 0x3d, 0x22, 0x24, 0x31, 0x22, 0x0a, 0x20, 0x20, 0x6c, 0x6f, 0x63, 0x61, 0x6c, 0x20, 0x64,
    0x69, 0x72, 0x65, 0x63, 0x74, 0x3d, 0x22, 0x24, 0x64, 0x62, 0x5f, 0x72, 0x6f, 0x6f, 0x74, 0x2f,
    0x63, 0x68, 0x65, 0x63, 0x6b, 0x6d, 0x32, 0x2f, 0x75, 0x6e, 0x69, 0x72, 0x65, 0x66, 0x31, 0x30,
    0x30, 0x2e, 0x4b, 0x4f, 0x2e, 0x31, 0x2e, 0x64, 0x6d, 0x6e, 0x64, 0x22, 0x20, 0x66, 0x6f, 0x75,
    0x6e, 0x64, 0x3d, 0x22, 0x22, 0x0a, 0x20, 0x20, 0x69, 0x66, 0x20, 0x5b, 0x5b, 0x20, 0x2d, 0x66,
    0x20, 0x22, 0x24, 0x64, 0x69, 0x72, 0x65, 0x63, 0x74, 0x22, 0x20, 0x5d, 0x5d, 0x3b, 0x20, 0x74,
    0x68, 0x65, 0x6e, 0x0a, 0x20, 0x20, 0x20, 0x20, 0x70, 0x72, 0x69, 0x6e, 0x74, 0x66, 0x20, 0x27,
    0x25, 0x73, 0x27, 0x20, 0x22, 0x24, 0x64, 0x69, 0x72, 0x65, 0x63, 0x74, 0x22, 0x0a, 0x20, 0x20,
    0x20, 0x20, 0x72, 0x65, 0x74, 0x75, 0x72, 0x6e, 0x20, 0x30, 0x0a, 0x20, 0x20, 0x66, 0x69, 0x0a,
    0x20, 0x20, 0x66, 0x6f, 0x75, 0x6e, 0x64, 0x3d, 0x22, 0x24, 0x28, 0x66, 0x69, 0x6e, 0x64, 0x20,
    0x22, 0x24, 0x64, 0x62, 0x5f, 0x72, 0x6f, 0x6f, 0x74, 0x2f, 0x63, 0x68, 0x65, 0x63, 0x6b, 0x6d,
    0x32, 0x22, 0x20, 0x2d, 0x74, 0x79, 0x70, 0x65, 0x20, 0x66, 0x20, 0x2d, 0x6e, 0x61, 0x6d, 0x65,
    0x20, 0x27, 0x75, 0x6e, 0x69, 0x72, 0x65, 0x66, 0x31, 0x30, 0x30, 0x2e, 0x4b, 0x4f, 0x2e, 0x31,
    0x2e, 0x64, 0x6d, 0x6e, 0x64, 0x27, 0x20, 0x2d, 0x70, 0x72, 0x69, 0x6e, 0x74, 0x20, 0x32, 0x3e,
    0x2f, 0x64, 0x65, 0x76, 0x2f, 0x6e, 0x75, 0x6c, 0x6c, 0x20, 0x7c, 0x20, 0x61, 0x77, 0x6b, 0x20,
    0x27, 0x4e, 0x52, 0x3d, 0x3d, 0x31, 0x20, 0x7b, 0x76, 0x61, 0x6c, 0x75, 0x65, 0x3d, 0x24, 0x30,
    0x7d, 0x20, 0x45, 0x4e, 0x44, 0x20, 0x7b, 0x70, 0x72, 0x69, 0x6e, 0x74, 0x20, 0x76, 0x61, 0x6c,
    0x75, 0x65, 0x7d, 0x27, 0x29, 0x22, 0x0a, 0x20, 0x20, 0x5b, 0x5b, 0x20, 0x2d, 0x6e, 0x20, 0x22,
    0x24, 0x66, 0x6f, 0x75, 0x6e, 0x64, 0x22, 0x20, 0x5d, 0x5d, 0x20, 0x7c, 0x7c, 0x20, 0x72, 0x65,
    0x74, 0x75, 0x72, 0x6e, 0x20, 0x31, 0x0a, 0x20, 0x20, 0x70, 0x72, 0x69, 0x6e, 0x74, 0x66, 0x20,
    0x27, 0x25, 0x73, 0x27, 0x20, 0x22, 0x24, 0x66, 0x6f, 0x75, 0x6e, 0x64, 0x22, 0x0a, 0x7d, 0x0a,
    0x0a, 0x6d, 0x65, 0x74, 0x61, 0x63, 0x61, 0x74, 0x5f, 0x67, 0x74, 0x64, 0x62, 0x5f, 0x72, 0x32,
    0x33, 0x32, 0x5f, 0x70, 0x61, 0x74, 0x68, 0x28, 0x29, 0x20, 0x7b, 0x0a, 0x20, 0x20, 0x6c, 0x6f,
    0x63, 0x61, 0x6c, 0x20, 0x64, 0x62, 0x5f, 0x72, 0x6f, 0x6f, 0x74, 0x3d, 0x22, 0x24, 0x31, 0x22,
    0x0a, 0x20, 0x20, 0x6c, 0x6f, 0x63, 0x61, 0x6c, 0x20, 0x64, 0x69, 0x72, 0x65, 0x63, 0x74, 0x3d,
    0x22, 0x24, 0x64, 0x62, 0x5f, 0x72, 0x6f, 0x6f, 0x74, 0x2f, 0x67, 0x74, 0x64, 0x62, 0x74, 0x6b,
    0x2f, 0x72, 0x32, 0x33, 0x32, 0x22, 0x20, 0x66, 0x6f, 0x75, 0x6e, 0x64, 0x3d, 0x22, 0x22, 0x0a,
    0x20, 0x20, 0x69, 0x66, 0x20, 0x5b, 0x5b, 0x20, 0x2d, 0x64, 0x20, 0x22, 0x24, 0x64, 0x69, 0x72,
    0x65, 0x63, 0x74, 0x22, 0x20, 0x5d, 0x5d, 0x3b, 0x20, 0x74, 0x68, 0x65, 0x6e, 0x0a, 0x20, 0x20,
    0x20, 0x20, 0x70, 0x72, 0x69, 0x6e, 0x74, 0x66, 0x20, 0x27, 0x25, 0x73, 0x27, 0x20, 0x22, 0x24,
    0x64, 0x69, 0x72, 0x65, 0x63, 0x74, 0x22, 0x0a, 0x20, 0x20, 0x20, 0x20, 0x72, 0x65, 0x74, 0x75,
    0x72, 0x6e, 0x20, 0x30, 0x0a, 0x20, 0x20, 0x66, 0x69, 0x0a, 0x20, 0x20, 0x69, 0x66, 0x20, 0x5b,
    0x5b, 0x20, 0x2d, 0x64, 0x20, 0x22, 0x24, 0x64, 0x62, 0x5f, 0x72, 0x6f, 0x6f, 0x74, 0x2f, 0x67,
    0x74, 0x64, 0x62, 0x74, 0x6b, 0x2f, 0x72, 0x65, 0x6c, 0x65, 0x61, 0x73, 0x65, 0x32, 0x33, 0x32,
    0x22, 0x20, 0x5d, 0x5d, 0x3b, 0x20, 0x74, 0x68, 0x65, 0x6e, 0x0a, 0x20, 0x20, 0x20, 0x20, 0x70,
    0x72, 0x69, 0x6e, 0x74, 0x66, 0x20, 0x27, 0x25, 0x73, 0x27, 0x20, 0x22, 0x24, 0x64, 0x62, 0x5f,
    0x72, 0x6f, 0x6f, 0x74, 0x2f, 0x67, 0x74, 0x64, 0x62, 0x74, 0x6b, 0x2f, 0x72, 0x65, 0x6c, 0x65,
    0x61, 0x73, 0x65, 0x32, 0x33, 0x32, 0x22, 0x0a, 0x20, 0x20, 0x20, 0x20, 0x72, 0x65, 0x74, 0x75,
    0x72, 0x6e, 0x20, 0x30, 0x0a, 0x20, 0x20, 0x66, 0x69, 0x0a, 0x20, 0x20, 0x66, 0x6f, 0x75, 0x6e,
    0x64, 0x3d, 0x22, 0x24, 0x28, 0x66, 0x69, 0x6e, 0x64, 0x20, 0x22, 0x24, 0x64, 0x62, 0x5f, 0x72,
    0x6f, 0x6f, 0x74, 0x2f, 0x67, 0x74, 0x64, 0x62, 0x74, 0x6b, 0x22, 0x20, 0x2d, 0x6d, 0x61, 0x78,
    0x64, 0x65, 0x70, 0x74, 0x68, 0x20, 0x32, 0x20, 0x2d, 0x74, 0x79, 0x70, 0x65, 0x20, 0x64, 0x20,
    0x2d, 0x6e, 0x61, 0x6d, 0x65, 0x20, 0x27, 0x72, 0x65, 0x6c, 0x65, 0x61, 0x73, 0x65, 0x32, 0x33,
    0x32, 0x27, 0x20, 0x2d, 0x70, 0x72, 0x69, 0x6e, 0x74, 0x20, 0x32, 0x3e, 0x2f, 0x64, 0x65, 0x76,
    0x2f, 0x6e, 0x75, 0x6c, 0x6c, 0x20, 0x7c, 0x20, 0x61, 0x77, 0x6b, 0x20, 0x27, 0x4e, 0x52, 0x3d,
    0x3d, 0x31, 0x20, 0x7b, 0x76, 0x61, 0x6c, 0x75, 0x65, 0x3d, 0x24, 0x30, 0x7d, 0x20, 0x45, 0x4e,
    0x44, 0x20, 0x7b, 0x70, 0x72, 0x69, 0x6e, 0x74, 0x20, 0x76, 0x61, 0x6c, 0x75, 0x65, 0x7d, 0x27,
    0x29, 0x22, 0x0a, 0x20, 0x20, 0x5b, 0x5b, 0x20, 0x2d, 0x6e, 0x20, 0x22, 0x24, 0x66, 0x6f, 0x75,
    0x6e, 0x64, 0x22, 0x20, 0x5d, 0x5d, 0x20, 0x7c, 0x7c, 0x20, 0x72, 0x65, 0x74, 0x75, 0x72, 0x6e,
    0x20, 0x31, 0x0a, 0x20, 0x20, 0x70, 0x72, 0x69, 0x6e, 0x74, 0x66, 0x20, 0x27, 0x25, 0x73, 0x27,
    0x20, 0x22, 0x24, 0x66, 0x6f, 0x75, 0x6e, 0x64, 0x22, 0x0a, 0x7d, 0x0a, 0x0a, 0x6d, 0x65, 0x74,
    0x61, 0x63, 0x61, 0x74, 0x5f, 0x64, 0x62, 0x5f, 0x72, 0x65, 0x61, 0x64, 0x79, 0x28, 0x29, 0x20,
    0x7b, 0x0a, 0x20, 0x20, 0x6c, 0x6f, 0x63, 0x61, 0x6c, 0x20, 0x64, 0x62, 0x5f, 0x72, 0x6f, 0x6f,
    0x74, 0x3d, 0x22, 0x24, 0x31, 0x22, 0x20, 0x6b, 0x69, 0x6e, 0x64, 0x3d, 0x22, 0x24, 0x32, 0x22,
    0x0a, 0x20, 0x20, 0x63, 0x61, 0x73, 0x65, 0x20, 0x22, 0x24, 0x6b, 0x69, 0x6e, 0x64, 0x22, 0x20,
    0x69, 0x6e, 0x0a, 0x20, 0x20, 0x20, 0x20, 0x63, 0x68, 0x65, 0x63, 0x6b, 0x6d, 0x32, 0x29, 0x20,
    0x6d, 0x65, 0x74, 0x61, 0x63, 0x61, 0x74, 0x5f, 0x63, 0x68, 0x65, 0x63, 0x6b, 0x6d, 0x32, 0x5f,
    0x64, 0x62, 0x5f, 0x70, 0x61, 0x74, 0x68, 0x20, 0x22, 0x24, 0x64, 0x62, 0x5f, 0x72, 0x6f, 0x6f,
    0x74, 0x22, 0x20, 0x3e, 0x2f, 0x64, 0x65, 0x76, 0x2f, 0x6e, 0x75, 0x6c, 0x6c, 0x20, 0x32, 0x3e,
    0x26, 0x31, 0x20, 0x3b, 0x3b, 0x0a, 0x20, 0x20, 0x20, 0x20, 0x67, 0x74, 0x64, 0x62, 0x74, 0x6b,
    0x29, 0x20, 0x6d, 0x65, 0x74, 0x61, 0x63, 0x61, 0x74, 0x5f, 0x67, 0x74, 0x64, 0x62, 0x5f, 0x72,
    0x32, 0x33, 0x32, 0x5f, 0x70, 0x61, 0x74, 0x68, 0x20, 0x22, 0x24, 0x64, 0x62, 0x5f, 0x72, 0x6f,
    0x6f, 0x74, 0x22, 0x20, 0x3e, 0x2f, 0x64, 0x65, 0x76, 0x2f, 0x6e, 0x75, 0x6c, 0x6c, 0x20, 0x32,
    0x3e, 0x26, 0x31, 0x20, 0x3b, 0x3b, 0x0a, 0x20, 0x20, 0x20, 0x20, 0x2a, 0x29, 0x20, 0x72, 0x65,
    0x74, 0x75, 0x72, 0x6e, 0x20, 0x31, 0x20, 0x3b, 0x3b, 0x0a, 0x20, 0x20, 0x65, 0x73, 0x61, 0x63,
    0x0a, 0x7d, 0x0a, 0x0a, 0x6d, 0x61, 0x79, 0x62, 0x65, 0x5f, 0x63, 0x6f, 0x70, 0x79, 0x5f, 0x6d,
    0x65, 0x74, 0x61, 0x63, 0x61, 0x74, 0x5f, 0x64, 0x62, 0x5f, 0x66, 0x72, 0x6f, 0x6d, 0x5f, 0x72,
    0x6f, 0x6f, 0x74, 0x28, 0x29, 0x20, 0x7b, 0x0a, 0x20, 0x20, 0x6c, 0x6f, 0x63, 0x61, 0x6c, 0x20,
    0x75, 0x73, 0x65, 0x72, 0x3d, 0x22, 0x24, 0x31, 0x22, 0x20, 0x64, 0x62, 0x5f, 0x72, 0x6f, 0x6f,
    0x74, 0x3d, 0x22, 0x24, 0x32, 0x22, 0x20, 0x6b, 0x69, 0x6e, 0x64, 0x3d, 0x22, 0x24, 0x33, 0x22,
    0x0a, 0x20, 0x20, 0x6c, 0x6f, 0x63, 0x61, 0x6c, 0x20, 0x72, 0x6f, 0x6f, 0x74, 0x5f, 0x64, 0x62,
    0x3d, 0x22, 0x2f, 0x72, 0x6f, 0x6f, 0x74, 0x2f, 0x64, 0x61, 0x74, 0x61, 0x5f, 0x48, 0x44, 0x2f,
    0x6d, 0x65, 0x74, 0x61, 0x63, 0x61, 0x74, 0x5f, 0x64, 0x62, 0x22, 0x0a, 0x20, 0x20, 0x6c, 0x6f,
    0x63, 0x61, 0x6c, 0x20, 0x73, 0x75, 0x62, 0x64, 0x69, 0x72, 0x20, 0x6c, 0x61, 0x62, 0x65, 0x6c,
    0x0a, 0x0a, 0x20, 0x20, 0x5b, 0x5b, 0x20, 0x22, 0x24, 0x75, 0x73, 0x65, 0x72, 0x22, 0x20, 0x21,
    0x3d, 0x20, 0x22, 0x72, 0x6f, 0x6f, 0x74, 0x22, 0x20, 0x5d, 0x5d, 0x20, 0x7c, 0x7c, 0x20, 0x72,
    0x65, 0x74, 0x75, 0x72, 0x6e, 0x20, 0x31, 0x0a, 0x20, 0x20, 0x63, 0x61, 0x73, 0x65, 0x20, 0x22,
    0x24, 0x6b, 0x69, 0x6e, 0x64, 0x22, 0x20, 0x69, 0x6e, 0x0a, 0x20, 0x20, 0x20, 0x20, 0x63, 0x68,
    0x65, 0x63, 0x6b, 0x6d, 0x32, 0x29, 0x20, 0x73, 0x75, 0x62, 0x64, 0x69, 0x72, 0x3d, 0x22, 0x63,
    0x68, 0x65, 0x63, 0x6b, 0x6d, 0x32, 0x22, 0x3b, 0x20, 0x6c, 0x61, 0x62, 0x65, 0x6c, 0x3d, 0x22,
    0x4d, 0x65, 0x74, 0x61, 0x43, 0x41, 0x54, 0x20, 0x43, 0x68, 0x65, 0x63, 0x6b, 0x4d, 0x32, 0x20,
    0xe6, 0x95, 0xb0, 0xe6, 0x8d, 0xae, 0xe5, 0xba, 0x93, 0x22, 0x20, 0x3b, 0x3b, 0x0a, 0x20, 0x20,
    0x20, 0x20, 0x67, 0x74, 0x64, 0x62, 0x74, 0x6b, 0x29, 0x20, 0x73, 0x75, 0x62, 0x64, 0x69, 0x72,
    0x3d, 0x22, 0x67, 0x74, 0x64, 0x62, 0x74, 0x6b, 0x22, 0x3b, 0x20, 0x6c, 0x61, 0x62, 0x65, 0x6c,
    0x3d, 0x22, 0x4d, 0x65, 0x74, 0x61, 0x43, 0x41, 0x54, 0x20, 0x47, 0x54, 0x44, 0x42, 0x2d, 0x54,
    0x6b, 0x20, 0x52, 0x32, 0x33, 0x32, 0x20, 0xe6, 0x95, 0xb0, 0xe6, 0x8d, 0xae, 0xe5, 0xba, 0x93,
    0x22, 0x20, 0x3b, 0x3b, 0x0a, 0x20, 0x20, 0x20, 0x20, 0x2a, 0x29, 0x20, 0x72, 0x65, 0x74, 0x75,
    0x72, 0x6e, 0x20, 0x31, 0x20, 0x3b, 0x3b, 0x0a, 0x20, 0x20, 0x65, 0x73, 0x61, 0x63, 0x0a, 0x0a,
    0x20, 0x20, 0x6d, 0x65, 0x74, 0x61, 0x63, 0x61, 0x74, 0x5f, 0x64, 0x62, 0x5f, 0x72, 0x65, 0x61,
    0x64, 0x79, 0x20, 0x22, 0x24, 0x72, 0x6f, 0x6f, 0x74, 0x5f, 0x64, 0x62, 0x22, 0x20, 0x22, 0x24,
    0x6b, 0x69, 0x6e, 0x64, 0x22, 0x20, 0x7c, 0x7c, 0x20, 0x72, 0x65, 0x74, 0x75, 0x72, 0x6e, 0x20,
    0x31, 0x0a, 0x20, 0x20, 0x63, 0x6f, 0x70, 0x79, 0x5f, 0x72, 0x6f, 0x6f, 0x74, 0x5f, 0x64, 0x61,
    0x74, 0x61, 0x62, 0x61, 0x73, 0x65, 0x5f, 0x74, 0x72, 0x65, 0x65, 0x20, 0x22, 0x24, 0x75, 0x73,
    0x65, 0x72, 0x22, 0x20, 0x22, 0x24, 0x72, 0x6f, 0x6f, 0x74, 0x5f, 0x64, 0x62, 0x2f, 0x24, 0x73,
    0x75, 0x62, 0x64, 0x69, 0x72, 0x22, 0x20, 0x22, 0x24, 0x64, 0x62, 0x5f, 0x72, 0x6f, 0x6f, 0x74,
    0x2f, 0x24, 0x73, 0x75, 0x62, 0x64, 0x69, 0x72, 0x22, 0x20, 0x22, 0x24, 0x6c, 0x61, 0x62, 0x65,
    0x6c, 0x22, 0x0a, 0x7d, 0x0a, 0x0a, 0x63, 0x6f, 0x6e, 0x66, 0x69, 0x67, 0x75, 0x72, 0x65, 0x5f,
    0x6d, 0x65, 0x74, 0x61, 0x63, 0x61, 0x74, 0x5f, 0x64, 0x62, 0x5f, 0x65, 0x6e, 0x76, 0x28, 0x29,
    0x20, 0x7b, 0x0a, 0x20, 0x20, 0x6c, 0x6f, 0x63, 0x61, 0x6c, 0x20, 0x75, 0x73, 0x65, 0x72, 0x3d,
    0x22, 0x24, 0x31, 0x22, 0x20, 0x64, 0x62, 0x5f, 0x72, 0x6f, 0x6f, 0x74, 0x3d, 0x22, 0x24, 0x32,
    0x22, 0x0a, 0x20, 0x20, 0x6c, 0x6f, 0x63, 0x61, 0x6c, 0x20, 0x63, 0x68, 0x65, 0x63, 0x6b, 0x6d,
    0x32, 0x5f, 0x70, 0x61, 0x74, 0x68, 0x3d, 0x22, 0x22, 0x20, 0x67, 0x74, 0x64, 0x62, 0x5f, 0x70,
    0x61, 0x74, 0x68, 0x3d, 0x22, 0x22, 0x0a, 0x0a, 0x20, 0x20, 0x63, 0x68, 0x65, 0x63, 0x6b, 0x6d,
    0x32, 0x5f, 0x70, 0x61, 0x74, 0x68, 0x3d, 0x22, 0x24, 0x28, 0x6d, 0x65, 0x74, 0x61, 0x63, 0x61,
    0x74, 0x5f, 0x63, 0x68, 0x65, 0x63, 0x6b, 0x6d, 0x32, 0x5f, 0x64, 0x62, 0x5f, 0x70, 0x61, 0x74,
    0x68, 0x20, 0x22, 0x24, 0x64, 0x62, 0x5f, 0x72, 0x6f, 0x6f, 0x74, 0x22, 0x20, 0x32, 0x3e, 0x2f,
    0x64, 0x65, 0x76, 0x2f, 0x6e, 0x75, 0x6c, 0x6c, 0x20, 0x7c, 0x7c, 0x20, 0x74, 0x72, 0x75, 0x65,
    0x29, 0x22, 0x0a, 0x20, 0x20, 0x67, 0x74, 0x64, 0x62, 0x5f, 0x70, 0x61, 0x74, 0x68, 0x3d, 0x22,
    0x24, 0x28, 0x6d, 0x65, 0x74, 0x61, 0x63, 0x61, 0x74, 0x5f, 0x67, 0x74, 0x64, 0x62, 0x5f, 0x72,
    0x32, 0x33, 0x32, 0x5f, 0x70, 0x61, 0x74, 0x68, 0x20, 0x22, 0x24, 0x64, 0x62, 0x5f, 0x72, 0x6f,
    0x6f, 0x74, 0x22, 0x20, 0x32, 0x3e, 0x2f, 0x64, 0x65, 0x76, 0x2f, 0x6e, 0x75, 0x6c, 0x6c, 0x20,
    0x7c, 0x7c, 0x20, 0x74, 0x72, 0x75, 0x65, 0x29, 0x22, 0x0a, 0x0a, 0x20, 0x20, 0x69, 0x66, 0x20,
    0x5b, 0x5b, 0x20, 0x2d, 0x6e, 0x20, 0x22, 0x24, 0x63, 0x68, 0x65, 0x63, 0x6b, 0x6d, 0x32, 0x5f,
    0x70, 0x61, 0x74, 0x68, 0x22, 0x20, 0x5d, 0x5d, 0x3b, 0x20, 0x74, 0x68, 0x65, 0x6e, 0x0a, 0x20,
    0x20, 0x20, 0x20, 0x73, 0x65, 0x74, 0x5f, 0x6e, 0x61, 0x6d, 0x65, 0x64, 0x5f, 0x75, 0x73, 0x65,
    0x72, 0x5f, 0x65, 0x78, 0x70, 0x6f, 0x72, 0x74, 0x20, 0x22, 0x24, 0x75, 0x73, 0x65, 0x72, 0x22,
    0x20, 0x43, 0x48, 0x45, 0x43, 0x4b, 0x4d, 0x32, 0x44, 0x42, 0x20, 0x22, 0x24, 0x63, 0x68, 0x65,
    0x63, 0x6b, 0x6d, 0x32, 0x5f, 0x70, 0x61, 0x74, 0x68, 0x22, 0x0a, 0x20, 0x20, 0x66, 0x69, 0x0a,
    0x20, 0x20, 0x69, 0x66, 0x20, 0x5b, 0x5b, 0x20, 0x2d, 0x6e, 0x20, 0x22, 0x24, 0x67, 0x74, 0x64,
    0x62, 0x5f, 0x70, 0x61, 0x74, 0x68, 0x22, 0x20, 0x5d, 0x5d, 0x3b, 0x20, 0x74, 0x68, 0x65, 0x6e,
    0x0a, 0x20, 0x20, 0x20, 0x20, 0x73, 0x65, 0x74, 0x5f, 0x6e, 0x61, 0x6d, 0x65, 0x64, 0x5f, 0x75,
    0x73, 0x65, 0x72, 0x5f, 0x65, 0x78, 0x70, 0x6f, 0x72, 0x74, 0x20, 0x22, 0x24, 0x75, 0x73, 0x65,
    0x72, 0x22, 0x20, 0x47, 0x54, 0x44, 0x42, 0x54, 0x4b, 0x5f, 0x44, 0x41, 0x54, 0x41, 0x5f, 0x50,
    0x41, 0x54, 0x48, 0x20, 0x22, 0x24, 0x67, 0x74, 0x64, 0x62, 0x5f, 0x70, 0x61, 0x74, 0x68, 0x22,
    0x0a, 0x20, 0x20, 0x66, 0x69, 0x0a, 0x7d, 0x0a, 0x0a, 0x64, 0x6f, 0x77, 0x6e, 0x6c, 0x6f, 0x61,
    0x64, 0x5f, 0x6d, 0x65, 0x74, 0x61, 0x63, 0x61, 0x74, 0x5f, 0x63, 0x68, 0x65, 0x63, 0x6b, 0x6d,
    0x32, 0x5f, 0x64, 0x62, 0x28, 0x29, 0x20, 0x7b, 0x0a, 0x20, 0x20, 0x6c, 0x6f, 0x63, 0x61, 0x6c,
    0x20, 0x75, 0x73, 0x65, 0x72, 0x3d, 0x22, 0x24, 0x31, 0x22, 0x20, 0x64, 0x62, 0x5f, 0x72, 0x6f,
    0x6f, 0x74, 0x3d, 0x22, 0x24, 0x32, 0x22, 0x0a, 0x20, 0x20, 0x6c, 0x6f, 0x63, 0x61, 0x6c, 0x20,
    0x64, 0x69, 0x72, 0x3d, 0x22, 0x24, 0x64, 0x62, 0x5f, 0x72, 0x6f, 0x6f, 0x74, 0x2f, 0x63, 0x68,
    0x65, 0x63, 0x6b, 0x6d, 0x32, 0x22, 0x20, 0x61, 0x72, 0x63, 0x68, 0x69, 0x76, 0x65, 0x3d, 0x22,
    0x24, 0x64, 0x62, 0x5f, 0x72, 0x6f, 0x6f, 0x74, 0x2f, 0x63, 0x68, 0x65, 0x63, 0x6b, 0x6d, 0x32,
    0x2f, 0x63, 0x68, 0x65, 0x63, 0x6b, 0x6d, 0x32, 0x5f, 0x64, 0x61, 0x74, 0x61, 0x62, 0x61, 0x73,
    0x65, 0x2e, 0x74, 0x61, 0x72, 0x2e, 0x67, 0x7a, 0x22, 0x0a, 0x20, 0x20, 0x6c, 0x6f, 0x63, 0x61,
    0x6c, 0x20, 0x66, 0x6f, 0x75, 0x6e, 0x64, 0x3d, 0x22, 0x22, 0x0a, 0x0a, 0x20, 0x20, 0x69, 0x66,
    0x20, 0x6d, 0x61, 0x79, 0x62, 0x65, 0x5f, 0x63, 0x6f, 0x70, 0x79, 0x5f, 0x6d, 0x65, 0x74, 0x61,
    0x63, 0x61, 0x74, 0x5f, 0x64, 0x62, 0x5f, 0x66, 0x72, 0x6f, 0x6d, 0x5f, 0x72, 0x6f, 0x6f, 0x74,
    0x20, 0x22, 0x24, 0x75, 0x73, 0x65, 0x72, 0x22, 0x20, 0x22, 0x24, 0x64, 0x62, 0x5f, 0x72, 0x6f,
    0x6f, 0x74, 0x22, 0x20, 0x63, 0x68, 0x65, 0x63, 0x6b, 0x6d, 0x32, 0x3b, 0x20, 0x74, 0x68, 0x65,
    0x6e, 0x0a, 0x20, 0x20, 0x20, 0x20, 0x69, 0x66, 0x20, 0x28, 0x28, 0x20, 0x44, 0x52, 0x59, 0x5f,
    0x52, 0x55, 0x4e, 0x20, 0x29, 0x29, 0x3b, 0x20, 0x74, 0x68, 0x65, 0x6e, 0x0a, 0x20, 0x20, 0x20,
    0x20, 0x20, 0x20, 0x73, 0x65, 0x74, 0x5f, 0x6e, 0x61, 0x6d, 0x65, 0x64, 0x5f, 0x75, 0x73, 0x65,
    0x72, 0x5f, 0x65, 0x78, 0x70, 0x6f, 0x72, 0x74, 0x20, 0x22, 0x24, 0x75, 0x73, 0x65, 0x72, 0x22,
    0x20, 0x43, 0x48, 0x45, 0x43, 0x4b, 0x4d, 0x32, 0x44, 0x42, 0x20, 0x22, 0x24, 0x64, 0x62, 0x5f,
    0x72, 0x6f, 0x6f, 0x74, 0x2f, 0x63, 0x68, 0x65, 0x63, 0x6b, 0x6d, 0x32, 0x2f, 0x75, 0x6e, 0x69,
    0x72, 0x65, 0x66, 0x31, 0x30, 0x30, 0x2e, 0x4b, 0x4f, 0x2e, 0x31, 0x2e, 0x64, 0x6d, 0x6e, 0x64,
    0x22, 0x0a, 0x20, 0x20, 0x20, 0x20, 0x65, 0x6c, 0x73, 0x65, 0x0a, 0x20, 0x20, 0x20, 0x20, 0x20,
    0x20, 0x63, 0x6f, 0x6e, 0x66, 0x69, 0x67, 0x75, 0x72, 0x65, 0x5f, 0x6d, 0x65, 0x74, 0x61, 0x63,
    0x61, 0x74, 0x5f, 0x64, 0x62, 0x5f, 0x65, 0x6e, 0x76, 0x20, 0x22, 0x24, 0x75, 0x73, 0x65, 0x72,
    0x22, 0x20, 0x22, 0x24, 0x64, 0x62, 0x5f, 0x72, 0x6f, 0x6f, 0x74, 0x22, 0x0a, 0x20, 0x20, 0x20,
    0x20, 0x66, 0x69, 0x0a, 0x20, 0x20, 0x20, 0x20, 0x6c, 0x6f, 0x67, 0x20, 0x22, 0x43, 0x68, 0x65,
    0x63, 0x6b, 0x4d, 0x32, 0x20, 0xe6, 0x95, 0xb0, 0xe6, 0x8d, 0xae, 0xe5, 0xba, 0x93, 0xe5, 0xb7,
    0xb2, 0xe4, 0xbb, 0x8e, 0x20, 0x72, 0x6f, 0x6f, 0x74, 0x20, 0xe6, 0x9c, 0xac, 0xe5, 0x9c, 0xb0,
    0xe7, 0xbc, 0x93, 0xe5, 0xad, 0x98, 0xe5, 0xa4, 0x8d, 0xe5, 0x88, 0xb6, 0xe5, 0xb9, 0xb6, 0xe9,
    0x85, 0x8d, 0xe7, 0xbd, 0xae, 0xe3, 0x80, 0x82, 0x22, 0x0a, 0x20, 0x20, 0x20, 0x20, 0x72, 0x65,
    0x74, 0x75, 0x72, 0x6e, 0x20, 0x30, 0x0a, 0x20, 0x20, 0x66, 0x69, 0x0a, 0x0a, 0x20, 0x20, 0x69,
    0x66, 0x20, 0x6d, 0x65, 0x74, 0x61, 0x63, 0x61, 0x74, 0x5f, 0x64, 0x62, 0x5f, 0x72, 0x65, 0x61,
    0x64, 0x79, 0x20, 0x22, 0x24, 0x64, 0x62, 0x5f, 0x72, 0x6f, 0x6f, 0x74, 0x22, 0x20, 0x63, 0x68,
    0x65, 0x63, 0x6b, 0x6d, 0x32, 0x3b, 0x20, 0x74, 0x68, 0x65, 0x6e, 0x0a, 0x20, 0x20, 0x20, 0x20,
    0x69, 0x6e, 0x66, 0x6f, 0x20, 0x22, 0x43, 0x68, 0x65, 0x63, 0x6b, 0x4d, 0x32, 0x20, 0xe6, 0x95,
    0xb0, 0xe6, 0x8d, 0xae, 0xe5, 0xba, 0x93, 0xe5, 0xb7, 0xb2, 0xe5, 0xad, 0x98, 0xe5, 0x9c, 0xa8,
    0xef, 0xbc, 0x8c, 0xe8, 0xb7, 0xb3, 0xe8, 0xbf, 0x87, 0xe4, 0xb8, 0x8b, 0xe8, 0xbd, 0xbd, 0xe3,
    0x80, 0x82, 0x22, 0x0a, 0x20, 0x20, 0x20, 0x20, 0x63, 0x6f, 0x6e, 0x66, 0x69, 0x67, 0x75, 0x72,
    0x65, 0x5f, 0x6d, 0x65, 0x74, 0x61, 0x63, 0x61, 0x74, 0x5f, 0x64, 0x62, 0x5f, 0x65, 0x6e, 0x76,
    0x20, 0x22, 0x24, 0x75, 0x73, 0x65, 0x72, 0x22, 0x20, 0x22, 0x24, 0x64, 0x62, 0x5f, 0x72, 0x6f,
    0x6f, 0x74, 0x22, 0x0a, 0x20, 0x20, 0x20, 0x20, 0x72, 0x65, 0x74, 0x75, 0x72, 0x6e, 0x20, 0x30,
    0x0a, 0x20, 0x20, 0x66, 0x69, 0x0a, 0x0a, 0x20, 0x20, 0x69, 0x6e, 0x66, 0x6f, 0x20, 0x22, 0xe4,
    0xb8, 0x8b, 0xe8, 0xbd, 0xbd, 0x20, 0x43, 0x68, 0x65, 0x63, 0x6b, 0x4d, 0x32, 0x20, 0x76, 0x31,
    0x2e, 0x31, 0x2e, 0x30, 0x20, 0xe5, 0x8f, 0x82, 0xe8, 0x80, 0x83, 0xe6, 0x95, 0xb0, 0xe6, 0x8d,
    0xae, 0xe5, 0xba, 0x93, 0xef, 0xbc, 0x88, 0x5a, 0x65, 0x6e, 0x6f, 0x64, 0x6f, 0x20, 0x31, 0x34,
    0x38, 0x39, 0x37, 0x36, 0x32, 0x38, 0xef, 0xbc, 0x89, 0xe3, 0x80, 0x82, 0x22, 0x0a, 0x20, 0x20,
    0x61, 0x73, 0x5f, 0x6e, 0x61, 0x6d, 0x65, 0x64, 0x5f, 0x75, 0x73, 0x65, 0x72, 0x20, 0x22, 0x24,
    0x75, 0x73, 0x65, 0x72, 0x22, 0x20, 0x6d, 0x6b, 0x64, 0x69, 0x72, 0x20, 0x2d, 0x70, 0x20, 0x22,
    0x24, 0x64, 0x69, 0x72, 0x22, 0x0a, 0x20, 0x20, 0x61, 0x73, 0x5f, 0x6e, 0x61, 0x6d, 0x65, 0x64,
    0x5f, 0x75, 0x73, 0x65, 0x72, 0x20, 0x22, 0x24, 0x75, 0x73, 0x65, 0x72, 0x22, 0x20, 0x63, 0x75,
    0x72, 0x6c, 0x20, 0x2d, 0x66, 0x4c, 0x20, 0x2d, 0x2d, 0x72, 0x65, 0x74, 0x72, 0x79, 0x20, 0x33,
    0x20, 0x2d, 0x2d, 0x72, 0x65, 0x74, 0x72, 0x79, 0x2d, 0x64, 0x65, 0x6c, 0x61, 0x79, 0x20, 0x35,
    0x20, 0x2d, 0x43, 0x20, 0x2d, 0x20, 0x22, 0x24, 0x43, 0x48, 0x45, 0x43, 0x4b, 0x4d, 0x32, 0x5f,
    0x44, 0x42, 0x5f, 0x55, 0x52, 0x4c, 0x22, 0x20, 0x2d, 0x6f, 0x20, 0x22, 0x24, 0x61, 0x72, 0x63,
    0x68, 0x69, 0x76, 0x65, 0x22, 0x0a, 0x20, 0x20, 0x61, 0x73, 0x5f, 0x6e, 0x61, 0x6d, 0x65, 0x64,
    0x5f, 0x75, 0x73, 0x65, 0x72, 0x5f, 0x69, 0x6e, 0x5f, 0x64, 0x69, 0x72, 0x20, 0x22, 0x24, 0x75,
    0x73, 0x65, 0x72, 0x22, 0x20, 0x22, 0x24, 0x64, 0x69, 0x72, 0x22, 0x20, 0x62, 0x61, 0x73, 0x68,
    0x20, 0x2d, 0x63, 0x20, 0x27, 0x70, 0x72, 0x69, 0x6e, 0x74, 0x66, 0x20, 0x22, 0x25, 0x73, 0x20,
    0x20, 0x25, 0x73, 0x5c, 0x6e, 0x22, 0x20, 0x22, 0x24, 0x31, 0x22, 0x20, 0x22, 0x24, 0x32, 0x22,
    0x20, 0x7c, 0x20, 0x6d, 0x64, 0x35, 0x73, 0x75, 0x6d, 0x20, 0x2d, 0x63, 0x20, 0x2d, 0x27, 0x20,
    0x5f, 0x20, 0x22, 0x24, 0x43, 0x48, 0x45, 0x43, 0x4b, 0x4d, 0x32, 0x5f, 0x44, 0x42, 0x5f, 0x4d,
    0x44, 0x35, 0x22, 0x20, 0x22, 0x24, 0x28, 0x62, 0x61, 0x73, 0x65, 0x6e, 0x61, 0x6d, 0x65, 0x20,
    0x22, 0x24, 0x61, 0x72, 0x63, 0x68, 0x69, 0x76, 0x65, 0x22, 0x29, 0x22, 0x0a, 0x20, 0x20, 0x61,
    0x73, 0x5f, 0x6e, 0x61, 0x6d, 0x65, 0x64, 0x5f, 0x75, 0x73, 0x65, 0x72, 0x20, 0x22, 0x24, 0x75,
    0x73, 0x65, 0x72, 0x22, 0x20, 0x74, 0x61, 0x72, 0x20, 0x2d, 0x78, 0x7a, 0x66, 0x20, 0x22, 0x24,
    0x61, 0x72, 0x63, 0x68, 0x69, 0x76, 0x65, 0x22, 0x20, 0x2d, 0x43, 0x20, 0x22, 0x24, 0x64, 0x69,
    0x72, 0x22, 0x0a, 0x0a, 0x20, 0x20, 0x69, 0x66, 0x20, 0x28, 0x28, 0x20, 0x44, 0x52, 0x59, 0x5f,
    0x52, 0x55, 0x4e, 0x20, 0x29, 0x29, 0x3b, 0x20, 0x74, 0x68, 0x65, 0x6e, 0x0a, 0x20, 0x20, 0x20,
    0x20, 0x61, 0x73, 0x5f, 0x6e, 0x61, 0x6d, 0x65, 0x64, 0x5f, 0x75, 0x73, 0x65, 0x72, 0x20, 0x22,
    0x24, 0x75, 0x73, 0x65, 0x72, 0x22, 0x20, 0x72, 0x6d, 0x20, 0x2d, 0x66, 0x20, 0x22, 0x24, 0x61,
    0x72, 0x63, 0x68, 0x69, 0x76, 0x65, 0x22, 0x0a, 0x20, 0x20, 0x20, 0x20, 0x73, 0x65, 0x74, 0x5f,
    0x6e, 0x61, 0x6d, 0x65, 0x64, 0x5f, 0x75, 0x73, 0x65, 0x72, 0x5f, 0x65, 0x78, 0x70, 0x6f, 0x72,
    0x74, 0x20, 0x22, 0x24, 0x75, 0x73, 0x65, 0x72, 0x22, 0x20, 0x43, 0x48, 0x45, 0x43, 0x4b, 0x4d,
    0x32, 0x44, 0x42, 0x20, 0x22, 0x24, 0x64, 0x69, 0x72, 0x2f, 0x75, 0x6e, 0x69, 0x72, 0x65, 0x66,
    0x31, 0x30, 0x30, 0x2e, 0x4b, 0x4f, 0x2e, 0x31, 0x2e, 0x64, 0x6d, 0x6e, 0x64, 0x22, 0x0a, 0x20,
    0x20, 0x20, 0x20, 0x6c, 0x6f, 0x67, 0x20, 0x22, 0x64, 0x72, 0x79, 0x2d, 0x72, 0x75, 0x6e, 0xef,
    0xbc, 0x9a, 0xe5, 0x81, 0x87, 0xe5, 0xae, 0x9a, 0x20, 0x43, 0x68, 0x65, 0x63, 0x6b, 0x4d, 0x32,
    0x20, 0xe6, 0x95, 0xb0, 0xe6, 0x8d, 0xae, 0xe5, 0xba, 0x93, 0xe8, 0xa7, 0xa3, 0xe5, 0x8e, 0x8b,
    0xe5, 0xae, 0x8c, 0xe6, 0x88, 0x90, 0x3a, 0x20, 0x24, 0x64, 0x69, 0x72, 0x2f, 0x75, 0x6e, 0x69,
    0x72, 0x65, 0x66, 0x31, 0x30, 0x30, 0x2e, 0x4b, 0x4f, 0x2e, 0x31, 0x2e, 0x64, 0x6d, 0x6e, 0x64,
    0x22, 0x0a, 0x20, 0x20, 0x20, 0x20, 0x72, 0x65, 0x74, 0x75, 0x72, 0x6e, 0x20, 0x30, 0x0a, 0x20,
    0x20, 0x66, 0x69, 0x0a, 0x0a, 0x20, 0x20, 0x66, 0x6f, 0x75, 0x6e, 0x64, 0x3d, 0x22, 0x24, 0x28,
    0x66, 0x69, 0x6e, 0x64, 0x20, 0x22, 0x24, 0x64, 0x69, 0x72, 0x22, 0x20, 0x2d, 0x74, 0x79, 0x70,
    0x65, 0x20, 0x66, 0x20, 0x2d, 0x6e, 0x61, 0x6d, 0x65, 0x20, 0x27, 0x75, 0x6e, 0x69, 0x72, 0x65,
    0x66, 0x31, 0x30, 0x30, 0x2e, 0x4b, 0x4f, 0x2e, 0x31, 0x2e, 0x64, 0x6d, 0x6e, 0x64, 0x27, 0x20,
    0x2d, 0x70, 0x72, 0x69, 0x6e, 0x74, 0x20, 0x32, 0x3e, 0x2f, 0x64, 0x65, 0x76, 0x2f, 0x6e, 0x75,
    0x6c, 0x6c, 0x20, 0x7c, 0x20, 0x61, 0x77, 0x6b, 0x20, 0x27, 0x4e, 0x52, 0x3d, 0x3d, 0x31, 0x20,
    0x7b, 0x76, 0x61, 0x6c, 0x75, 0x65, 0x3d, 0x24, 0x30, 0x7d, 0x20, 0x45, 0x4e, 0x44, 0x20, 0x7b,
    0x70, 0x72, 0x69, 0x6e, 0x74, 0x20, 0x76, 0x61, 0x6c, 0x75, 0x65, 0x7d, 0x27, 0x29, 0x22, 0x0a,
    0x20, 0x20, 0x5b, 0x5b, 0x20, 0x2d, 0x6e, 0x20, 0x22, 0x24, 0x66, 0x6f, 0x75, 0x6e, 0x64, 0x22,
    0x20, 0x5d, 0x5d, 0x20, 0x7c, 0x7c, 0x20, 0x7b, 0x20, 0x77, 0x61, 0x72, 0x6e, 0x20, 0x22, 0x43,
    0x68, 0x65, 0x63, 0x6b, 0x4d, 0x32, 0x20, 0xe6, 0x95, 0xb0, 0xe6, 0x8d, 0xae, 0xe5, 0xba, 0x93,
    0xe8, 0xa7, 0xa3, 0xe5, 0x8e, 0x8b, 0xe5, 0x90, 0x8e, 0xe6, 0x9c, 0xaa, 0xe6, 0x89, 0xbe, 0xe5,
    0x88, 0xb0, 0x20, 0x75, 0x6e, 0x69, 0x72, 0x65, 0x66, 0x31, 0x30, 0x30, 0x2e, 0x4b, 0x4f, 0x2e,
    0x31, 0x2e, 0x64, 0x6d, 0x6e, 0x64, 0x22, 0x3b, 0x20, 0x72, 0x65, 0x74, 0x75, 0x72, 0x6e, 0x20,
    0x31, 0x3b, 0x20, 0x7d, 0x0a, 0x20, 0x20, 0x69, 0x66, 0x20, 0x5b, 0x5b, 0x20, 0x22, 0x24, 0x66,
    0x6f, 0x75, 0x6e, 0x64, 0x22, 0x20, 0x21, 0x3d, 0x20, 0x22, 0x24, 0x64, 0x69, 0x72, 0x2f, 0x75,
    0x6e, 0x69, 0x72, 0x65, 0x66, 0x31, 0x30, 0x30, 0x2e, 0x4b, 0x4f, 0x2e, 0x31, 0x2e, 0x64, 0x6d,
    0x6e, 0x64, 0x22, 0x20, 0x5d, 0x5d, 0x3b, 0x20, 0x74, 0x68, 0x65, 0x6e, 0x0a, 0x20, 0x20, 0x20,
    0x20, 0x61, 0x73, 0x5f, 0x6e, 0x61, 0x6d, 0x65, 0x64, 0x5f, 0x75, 0x73, 0x65, 0x72, 0x20, 0x22,
    0x24, 0x75, 0x73, 0x65, 0x72, 0x22, 0x20, 0x6d, 0x76, 0x20, 0x22, 0x24, 0x66, 0x6f, 0x75, 0x6e,
    0x64, 0x22, 0x20, 0x22, 0x24, 0x64, 0x69, 0x72, 0x2f, 0x75, 0x6e, 0x69, 0x72, 0x65, 0x66, 0x31,
    0x30, 0x30, 0x2e, 0x4b, 0x4f, 0x2e, 0x31, 0x2e, 0x64, 0x6d, 0x6e, 0x64, 0x22, 0x0a, 0x20, 0x20,
    0x66, 0x69, 0x0a, 0x20, 0x20, 0x61, 0x73, 0x5f, 0x6e, 0x61, 0x6d, 0x65, 0x64, 0x5f, 0x75, 0x73,
    0x65, 0x72, 0x20, 0x22, 0x24, 0x75, 0x73, 0x65, 0x72, 0x22, 0x20, 0x72, 0x6d, 0x20, 0x2d, 0x66,
    0x20, 0x22, 0x24, 0x61, 0x72, 0x63, 0x68, 0x69, 0x76, 0x65, 0x22, 0x0a, 0x20, 0x20, 0x63, 0x6f,
    0x6e, 0x66, 0x69, 0x67, 0x75, 0x72, 0x65, 0x5f, 0x6d, 0x65, 0x74, 0x61, 0x63, 0x61, 0x74, 0x5f,
    0x64, 0x62, 0x5f, 0x65, 0x6e, 0x76, 0x20, 0x22, 0x24, 0x75, 0x73, 0x65, 0x72, 0x22, 0x20, 0x22,
    0x24, 0x64, 0x62, 0x5f, 0x72, 0x6f, 0x6f, 0x74, 0x22, 0x0a, 0x20, 0x20, 0x6c, 0x6f, 0x67, 0x20,
    0x22, 0x43, 0x68, 0x65, 0x63, 0x6b, 0x4d, 0x32, 0x20, 0xe6, 0x95, 0xb0, 0xe6, 0x8d, 0xae, 0xe5,
    0xba, 0x93, 0xe4, 0xb8, 0x8b, 0xe8, 0xbd, 0xbd, 0xe5, 0xae, 0x8c, 0xe6, 0x88, 0x90, 0x3a, 0x20,
    0x24, 0x64, 0x69, 0x72, 0x2f, 0x75, 0x6e, 0x69, 0x72, 0x65, 0x66, 0x31, 0x30, 0x30, 0x2e, 0x4b,
    0x4f, 0x2e, 0x31, 0x2e, 0x64, 0x6d, 0x6e, 0x64, 0x22, 0x0a, 0x7d, 0x0a, 0x0a, 0x64, 0x6f, 0x77,
    0x6e, 0x6c, 0x6f, 0x61, 0x64, 0x5f, 0x6d, 0x65, 0x74, 0x61, 0x63, 0x61, 0x74, 0x5f, 0x67, 0x74,
    0x64, 0x62, 0x5f, 0x72, 0x32, 0x33, 0x32, 0x5f, 0x64, 0x62, 0x28, 0x29, 0x20, 0x7b, 0x0a, 0x20,
    0x20, 0x6c, 0x6f, 0x63, 0x61, 0x6c, 0x20, 0x75, 0x73, 0x65, 0x72, 0x3d, 0x22, 0x24, 0x31, 0x22,
    0x20, 0x64, 0x62, 0x5f, 0x72, 0x6f, 0x6f, 0x74, 0x3d, 0x22, 0x24, 0x32, 0x22, 0x0a, 0x20, 0x20,
    0x6c, 0x6f, 0x63, 0x61, 0x6c, 0x20, 0x64, 0x69, 0x72, 0x3d, 0x22, 0x24, 0x64, 0x62, 0x5f, 0x72,
    0x6f, 0x6f, 0x74, 0x2f, 0x67, 0x74, 0x64, 0x62, 0x74, 0x6b, 0x22, 0x20, 0x61, 0x72, 0x63, 0x68,
    0x69, 0x76, 0x65, 0x3d, 0x22, 0x24, 0x64, 0x62, 0x5f, 0x72, 0x6f, 0x6f, 0x74, 0x2f, 0x67, 0x74,
    0x64, 0x62, 0x74, 0x6b, 0x2f, 0x67, 0x74, 0x64, 0x62, 0x74, 0x6b, 0x5f, 0x72, 0x32, 0x33, 0x32,
    0x5f, 0x64, 0x61, 0x74, 0x61, 0x2e, 0x74, 0x61, 0x72, 0x2e, 0x67, 0x7a, 0x22, 0x0a, 0x20, 0x20,
    0x6c, 0x6f, 0x63, 0x61, 0x6c, 0x20, 0x72, 0x65, 0x6c, 0x65, 0x61, 0x73, 0x65, 0x5f, 0x64, 0x69,
    0x72, 0x3d, 0x22, 0x22, 0x0a, 0x0a, 0x20, 0x20, 0x69, 0x66, 0x20, 0x6d, 0x61, 0x79, 0x62, 0x65,
    0x5f, 0x63, 0x6f, 0x70, 0x79, 0x5f, 0x6d, 0x65, 0x74, 0x61, 0x63, 0x61, 0x74, 0x5f, 0x64, 0x62,
    0x5f, 0x66, 0x72, 0x6f, 0x6d, 0x5f, 0x72, 0x6f, 0x6f, 0x74, 0x20, 0x22, 0x24, 0x75, 0x73, 0x65,
    0x72, 0x22, 0x20, 0x22, 0x24, 0x64, 0x62, 0x5f, 0x72, 0x6f, 0x6f, 0x74, 0x22, 0x20, 0x67, 0x74,
    0x64, 0x62, 0x74, 0x6b, 0x3b, 0x20, 0x74, 0x68, 0x65, 0x6e, 0x0a, 0x20, 0x20, 0x20, 0x20, 0x69,
    0x66, 0x20, 0x28, 0x28, 0x20, 0x44, 0x52, 0x59, 0x5f, 0x52, 0x55, 0x4e, 0x20, 0x29, 0x29, 0x3b,
    0x20, 0x74, 0x68, 0x65, 0x6e, 0x0a, 0x20, 0x20, 0x20, 0x20, 0x20, 0x20, 0x73, 0x65, 0x74, 0x5f,
    0x6e, 0x61, 0x6d, 0x65, 0x64, 0x5f, 0x75, 0x73, 0x65, 0x72, 0x5f, 0x65, 0x78, 0x70, 0x6f, 0x72,
    0x74, 0x20, 0x22, 0x24, 0x75, 0x73, 0x65, 0x72, 0x22, 0x20, 0x47, 0x54, 0x44, 0x42, 0x54, 0x4b,
    0x5f, 0x44, 0x41, 0x54, 0x41, 0x5f, 0x50, 0x41, 0x54, 0x48, 0x20, 0x22, 0x24, 0x64, 0x62, 0x5f,
    0x72, 0x6f, 0x6f, 0x74, 0x2f, 0x67, 0x74, 0x64, 0x62, 0x74, 0x6b, 0x2f, 0x72, 0x32, 0x33, 0x32,
    0x22, 0x0a, 0x20, 0x20, 0x20, 0x20, 0x65, 0x6c, 0x73, 0x65, 0x0a, 0x20, 0x20, 0x20, 0x20, 0x20,
    0x20, 0x63, 0x6f, 0x6e, 0x66, 0x69, 0x67, 0x75, 0x72, 0x65, 0x5f, 0x6d, 0x65, 0x74, 0x61, 0x63,
    0x61, 0x74, 0x5f, 0x64, 0x62, 0x5f, 0x65, 0x6e, 0x76, 0x20, 0x22, 0x24, 0x75, 0x73, 0x65, 0x72,
    0x22, 0x20, 0x22, 0x24, 0x64, 0x62, 0x5f, 0x72, 0x6f, 0x6f, 0x74, 0x22, 0x0a, 0x20, 0x20, 0x20,
    0x20, 0x66, 0x69, 0x0a, 0x20, 0x20, 0x20, 0x20, 0x6c, 0x6f, 0x67, 0x20, 0x22, 0x47, 0x54, 0x44,
    0x42, 0x2d, 0x54, 0x6b, 0x20, 0x52, 0x32, 0x33, 0x32, 0x20, 0xe6, 0x95, 0xb0, 0xe6, 0x8d, 0xae,
    0xe5, 0xba, 0x93, 0xe5, 0xb7, 0xb2, 0xe4, 0xbb, 0x8e, 0x20, 0x72, 0x6f, 0x6f, 0x74, 0x20, 0xe6,
    0x9c, 0xac, 0xe5, 0x9c, 0xb0, 0xe7, 0xbc, 0x93, 0xe5, 0xad, 0x98, 0xe5, 0xa4, 0x8d, 0xe5, 0x88,
    0xb6, 0xe5, 0xb9, 0xb6, 0xe9, 0x85, 0x8d, 0xe7, 0xbd, 0xae, 0xe3, 0x80, 0x82, 0x22, 0x0a, 0x20,
    0x20, 0x20, 0x20, 0x72, 0x65, 0x74, 0x75, 0x72, 0x6e, 0x20, 0x30, 0x0a, 0x20, 0x20, 0x66, 0x69,
    0x0a, 0x0a, 0x20, 0x20, 0x69, 0x66, 0x20, 0x6d, 0x65, 0x74, 0x61, 0x63, 0x61, 0x74, 0x5f, 0x64,
    0x62, 0x5f, 0x72, 0x65, 0x61, 0x64, 0x79, 0x20, 0x22, 0x24, 0x64, 0x62, 0x5f, 0x72, 0x6f, 0x6f,
    0x74, 0x22, 0x20, 0x67, 0x74, 0x64, 0x62, 0x74, 0x6b, 0x3b, 0x20, 0x74, 0x68, 0x65, 0x6e, 0x0a,
    0x20, 0x20, 0x20, 0x20, 0x69, 0x6e, 0x66, 0x6f, 0x20, 0x22, 0x47, 0x54, 0x44, 0x42, 0x2d, 0x54,
    0x6b, 0x20, 0x52, 0x32, 0x33, 0x32, 0x20, 0xe6, 0x95, 0xb0, 0xe6, 0x8d, 0xae, 0xe5, 0xba, 0x93,
    0xe5, 0xb7, 0xb2, 0xe5, 0xad, 0x98, 0xe5, 0x9c, 0xa8, 0xef, 0xbc, 0x8c, 0xe8, 0xb7, 0xb3, 0xe8,
    0xbf, 0x87, 0xe4, 0xb8, 0x8b, 0xe8, 0xbd, 0xbd, 0xe3, 0x80, 0x82, 0x22, 0x0a, 0x20, 0x20, 0x20,
    0x20, 0x63, 0x6f, 0x6e, 0x66, 0x69, 0x67, 0x75, 0x72, 0x65, 0x5f, 0x6d, 0x65, 0x74, 0x61, 0x63,
    0x61, 0x74, 0x5f, 0x64, 0x62, 0x5f, 0x65, 0x6e, 0x76, 0x20, 0x22, 0x24, 0x75, 0x73, 0x65, 0x72,
    0x22, 0x20, 0x22, 0x24, 0x64, 0x62, 0x5f, 0x72, 0x6f, 0x6f, 0x74, 0x22, 0x0a, 0x20, 0x20, 0x20,
    0x20, 0x72, 0x65, 0x74, 0x75, 0x72, 0x6e, 0x20, 0x30, 0x0a, 0x20, 0x20, 0x66, 0x69, 0x0a, 0x0a,
    0x20, 0x20, 0x77, 0x61, 0x72, 0x6e, 0x20, 0x22, 0x47, 0x54, 0x44, 0x42, 0x2d, 0x54, 0x6b, 0x20,
    0x52, 0x32, 0x33, 0x32, 0x20, 0xe5, 0x8e, 0x8b, 0xe7, 0xbc, 0xa9, 0xe5, 0x8c, 0x85, 0xe7, 0xba,
    0xa6, 0x20, 0x35, 0x36, 0x2e, 0x36, 0x20, 0x47, 0x42, 0xef, 0xbc, 0x8c, 0xe8, 0xa7, 0xa3, 0xe5,
    0x8e, 0x8b, 0xe5, 0x90, 0x8e, 0xe7, 0xba, 0xa6, 0xe9, 0x9c, 0x80, 0x20, 0x31, 0x30, 0x30, 0x20,
    0x47, 0x42, 0xef, 0xbc, 0x9b, 0xe8, 0xaf, 0xb7, 0xe7, 0xa1, 0xae, 0xe4, 0xbf, 0x9d, 0xe7, 0xa3,
    0x81, 0xe7, 0x9b, 0x98, 0xe7, 0xa9, 0xba, 0xe9, 0x97, 0xb4, 0xe5, 0x85, 0x85, 0xe8, 0xb6, 0xb3,
    0xe3, 0x80, 0x82, 0x22, 0x0a, 0x20, 0x20, 0x63, 0x6f, 0x6e, 0x66, 0x69, 0x72, 0x6d, 0x20, 0x22,
    0xe7, 0xa1, 0xae, 0xe8, 0xae, 0xa4, 0xe4, 0xb8, 0x8b, 0xe8, 0xbd, 0xbd, 0x20, 0x47, 0x54, 0x44,
    0x42, 0x2d, 0x54, 0x6b, 0x20, 0x52, 0x32, 0x33, 0x32, 0xef, 0xbc, 0x9f, 0x22, 0x20, 0x7c, 0x7c,
    0x20, 0x72, 0x65, 0x74, 0x75, 0x72, 0x6e, 0x20, 0x30, 0x0a, 0x0a, 0x20, 0x20, 0x61, 0x73, 0x5f,
    0x6e, 0x61, 0x6d, 0x65, 0x64, 0x5f, 0x75, 0x73, 0x65, 0x72, 0x20, 0x22, 0x24, 0x75, 0x73, 0x65,
    0x72, 0x22, 0x20, 0x6d, 0x6b, 0x64, 0x69, 0x72, 0x20, 0x2d, 0x70, 0x20, 0x22, 0x24, 0x64, 0x69,
    0x72, 0x22, 0x0a, 0x20, 0x20, 0x61, 0x73, 0x5f, 0x6e, 0x61, 0x6d, 0x65, 0x64, 0x5f, 0x75, 0x73,
    0x65, 0x72, 0x20, 0x22, 0x24, 0x75, 0x73, 0x65, 0x72, 0x22, 0x20, 0x63, 0x75, 0x72, 0x6c, 0x20,
    0x2d, 0x66, 0x4c, 0x20, 0x2d, 0x2d, 0x72, 0x65, 0x74, 0x72, 0x79, 0x20, 0x35, 0x20, 0x2d, 0x2d,
    0x72, 0x65, 0x74, 0x72, 0x79, 0x2d, 0x64, 0x65, 0x6c, 0x61, 0x79, 0x20, 0x31, 0x30, 0x20, 0x2d,
    0x43, 0x20, 0x2d, 0x20, 0x22, 0x24, 0x47, 0x54, 0x44, 0x42, 0x54, 0x4b, 0x5f, 0x52, 0x32, 0x33,
    0x32, 0x5f, 0x55, 0x52, 0x4c, 0x22, 0x20, 0x2d, 0x6f, 0x20, 0x22, 0x24, 0x61, 0x72, 0x63, 0x68,
    0x69, 0x76, 0x65, 0x22, 0x0a, 0x20, 0x20, 0x61, 0x73, 0x5f, 0x6e, 0x61, 0x6d, 0x65, 0x64, 0x5f,
    0x75, 0x73, 0x65, 0x72, 0x5f, 0x69, 0x6e, 0x5f, 0x64, 0x69, 0x72, 0x20, 0x22, 0x24, 0x75, 0x73,
    0x65, 0x72, 0x22, 0x20, 0x22, 0x24, 0x64, 0x69, 0x72, 0x22, 0x20, 0x62, 0x61, 0x73, 0x68, 0x20,
    0x2d, 0x63, 0x20, 0x27, 0x70, 0x72, 0x69, 0x6e, 0x74, 0x66, 0x20, 0x22, 0x25, 0x73, 0x20, 0x20,
    0x25, 0x73, 0x5c, 0x6e, 0x22, 0x20, 0x22, 0x24, 0x31, 0x22, 0x20, 0x22, 0x24, 0x32, 0x22, 0x20,
    0x7c, 0x20, 0x6d, 0x64, 0x35, 0x73, 0x75, 0x6d, 0x20, 0x2d, 0x63, 0x20, 0x2d, 0x27, 0x20, 0x5f,
    0x20, 0x22, 0x24, 0x47, 0x54, 0x44, 0x42, 0x54, 0x4b, 0x5f, 0x52, 0x32, 0x33, 0x32, 0x5f, 0x4d,
    0x44, 0x35, 0x22, 0x20, 0x22, 0x24, 0x28, 0x62, 0x61, 0x73, 0x65, 0x6e, 0x61, 0x6d, 0x65, 0x20,
    0x22, 0x24, 0x61, 0x72, 0x63, 0x68, 0x69, 0x76, 0x65, 0x22, 0x29, 0x22, 0x0a, 0x20, 0x20, 0x61,
    0x73, 0x5f, 0x6e, 0x61, 0x6d, 0x65, 0x64, 0x5f, 0x75, 0x73, 0x65, 0x72, 0x20, 0x22, 0x24, 0x75,
    0x73, 0x65, 0x72, 0x22, 0x20, 0x74, 0x61, 0x72, 0x20, 0x2d, 0x78, 0x7a, 0x66, 0x20, 0x22, 0x24,
    0x61, 0x72, 0x63, 0x68, 0x69, 0x76, 0x65, 0x22, 0x20, 0x2d, 0x43, 0x20, 0x22, 0x24, 0x64, 0x69,
    0x72, 0x22, 0x0a, 0x20, 0x20, 0x61, 0x73, 0x5f, 0x6e, 0x61, 0x6d, 0x65, 0x64, 0x5f, 0x75, 0x73,
    0x65, 0x72, 0x20, 0x22, 0x24, 0x75, 0x73, 0x65, 0x72, 0x22, 0x20, 0x72, 0x6d, 0x20, 0x2d, 0x66,
    0x20, 0x22, 0x24, 0x61, 0x72, 0x63, 0x68, 0x69, 0x76, 0x65, 0x22, 0x0a, 0x0a, 0x20, 0x20, 0x69,
    0x66, 0x20, 0x28, 0x28, 0x20, 0x44, 0x52, 0x59, 0x5f, 0x52, 0x55, 0x4e, 0x20, 0x29, 0x29, 0x3b,
    0x20, 0x74, 0x68, 0x65, 0x6e, 0x0a, 0x20, 0x20, 0x20, 0x20, 0x61, 0x73, 0x5f, 0x6e, 0x61, 0x6d,
    0x65, 0x64, 0x5f, 0x75, 0x73, 0x65, 0x72, 0x20, 0x22, 0x24, 0x75, 0x73, 0x65, 0x72, 0x22, 0x20,
    0x6c, 0x6e, 0x20, 0x2d, 0x73, 0x66, 0x6e, 0x20, 0x22, 0x72, 0x65, 0x6c, 0x65, 0x61, 0x73, 0x65,
    0x32, 0x33, 0x32, 0x22, 0x20, 0x22, 0x24, 0x64, 0x69, 0x72, 0x2f, 0x72, 0x32, 0x33, 0x32, 0x22,
    0x0a, 0x20, 0x20, 0x20, 0x20, 0x73, 0x65, 0x74, 0x5f, 0x6e, 0x61, 0x6d, 0x65, 0x64, 0x5f, 0x75,
    0x73, 0x65, 0x72, 0x5f, 0x65, 0x78, 0x70, 0x6f, 0x72, 0x74, 0x20, 0x22, 0x24, 0x75, 0x73, 0x65,
    0x72, 0x22, 0x20, 0x47, 0x54, 0x44, 0x42, 0x54, 0x4b, 0x5f, 0x44, 0x41, 0x54, 0x41, 0x5f, 0x50,
    0x41, 0x54, 0x48, 0x20, 0x22, 0x24, 0x64, 0x69, 0x72, 0x2f, 0x72, 0x32, 0x33, 0x32, 0x22, 0x0a,
    0x20, 0x20, 0x20, 0x20, 0x6c, 0x6f, 0x67, 0x20, 0x22, 0x64, 0x72, 0x79, 0x2d, 0x72, 0x75, 0x6e,
    0xef, 0xbc, 0x9a, 0xe5, 0x81, 0x87, 0xe5, 0xae, 0x9a, 0x20, 0x47, 0x54, 0x44, 0x42, 0x2d, 0x54,
    0x6b, 0x20, 0x52, 0x32, 0x33, 0x32, 0x20, 0xe8, 0xa7, 0xa3, 0xe5, 0x8e, 0x8b, 0xe5, 0xae, 0x8c,
    0xe6, 0x88, 0x90, 0x3a, 0x20, 0x24, 0x64, 0x69, 0x72, 0x2f, 0x72, 0x32, 0x33, 0x32, 0x22, 0x0a,
    0x20, 0x20, 0x20, 0x20, 0x72, 0x65, 0x74, 0x75, 0x72, 0x6e, 0x20, 0x30, 0x0a, 0x20, 0x20, 0x66,
    0x69, 0x0a, 0x0a, 0x20, 0x20, 0x72, 0x65, 0x6c, 0x65, 0x61, 0x73, 0x65, 0x5f, 0x64, 0x69, 0x72,
    0x3d, 0x22, 0x24, 0x28, 0x66, 0x69, 0x6e, 0x64, 0x20, 0x22, 0x24, 0x64, 0x69, 0x72, 0x22, 0x20,
    0x2d, 0x6d, 0x61, 0x78, 0x64, 0x65, 0x70, 0x74, 0x68, 0x20, 0x32, 0x20, 0x2d, 0x74, 0x79, 0x70,
    0x65, 0x20, 0x64, 0x20, 0x2d, 0x6e, 0x61, 0x6d, 0x65, 0x20, 0x27, 0x72, 0x65, 0x6c, 0x65, 0x61,
    0x73, 0x65, 0x32, 0x33, 0x32, 0x27, 0x20, 0x2d, 0x70, 0x72, 0x69, 0x6e, 0x74, 0x20, 0x32, 0x3e,
    0x2f, 0x64, 0x65, 0x76, 0x2f, 0x6e, 0x75, 0x6c, 0x6c, 0x20, 0x7c, 0x20, 0x61, 0x77, 0x6b, 0x20,
    0x27, 0x4e, 0x52, 0x3d, 0x3d, 0x31, 0x20, 0x7b, 0x76, 0x61, 0x6c, 0x75, 0x65, 0x3d, 0x24, 0x30,
    0x7d, 0x20, 0x45, 0x4e, 0x44, 0x20, 0x7b, 0x70, 0x72, 0x69, 0x6e, 0x74, 0x20, 0x76, 0x61, 0x6c,
    0x75, 0x65, 0x7d, 0x27, 0x29, 0x22, 0x0a, 0x20, 0x20, 0x5b, 0x5b, 0x20, 0x2d, 0x6e, 0x20, 0x22,
    0x24, 0x72, 0x65, 0x6c, 0x65, 0x61, 0x73, 0x65, 0x5f, 0x64, 0x69, 0x72, 0x22, 0x20, 0x5d, 0x5d,
    0x20, 0x7c, 0x7c, 0x20, 0x7b, 0x20, 0x77, 0x61, 0x72, 0x6e, 0x20, 0x22, 0x47, 0x54, 0x44, 0x42,
    0x2d, 0x54, 0x6b, 0x20, 0x52, 0x32, 0x33, 0x32, 0x20, 0xe8, 0xa7, 0xa3, 0xe5, 0x8e, 0x8b, 0xe5,
    0x90, 0x8e, 0xe6, 0x9c, 0xaa, 0xe6, 0x89, 0xbe, 0xe5, 0x88, 0xb0, 0x20, 0x72, 0x65, 0x6c, 0x65,
    0x61, 0x73, 0x65, 0x32, 0x33, 0x32, 0x20, 0xe7, 0x9b, 0xae, 0xe5, 0xbd, 0x95, 0xe3, 0x80, 0x82,
    0x22, 0x3b, 0x20, 0x72, 0x65, 0x74, 0x75, 0x72, 0x6e, 0x20, 0x31, 0x3b, 0x20, 0x7d, 0x0a, 0x0a,
    0x20, 0x20, 0x69, 0x66, 0x20, 0x5b, 0x5b, 0x20, 0x22, 0x24, 0x72, 0x65, 0x6c, 0x65, 0x61, 0x73,
    0x65, 0x5f, 0x64, 0x69, 0x72, 0x22, 0x20, 0x21, 0x3d, 0x20, 0x22, 0x24, 0x64, 0x69, 0x72, 0x2f,
    0x72, 0x65, 0x6c, 0x65, 0x61, 0x73, 0x65, 0x32, 0x33, 0x32, 0x22, 0x20, 0x5d, 0x5d, 0x3b, 0x20,
    0x74, 0x68, 0x65, 0x6e, 0x0a, 0x20, 0x20, 0x20, 0x20, 0x61, 0x73, 0x5f, 0x6e, 0x61, 0x6d, 0x65,
    0x64, 0x5f, 0x75, 0x73, 0x65, 0x72, 0x20, 0x22, 0x24, 0x75, 0x73, 0x65, 0x72, 0x22, 0x20, 0x6d,
    0x76, 0x20, 0x22, 0x24, 0x72, 0x65, 0x6c, 0x65, 0x61, 0x73, 0x65, 0x5f, 0x64, 0x69, 0x72, 0x22,
    0x20, 0x22, 0x24, 0x64, 0x69, 0x72, 0x2f, 0x72, 0x65, 0x6c, 0x65, 0x61, 0x73, 0x65, 0x32, 0x33,
    0x32, 0x22, 0x0a, 0x20, 0x20, 0x66, 0x69, 0x0a, 0x20, 0x20, 0x61, 0x73, 0x5f, 0x6e, 0x61, 0x6d,
    0x65, 0x64, 0x5f, 0x75, 0x73, 0x65, 0x72, 0x20, 0x22, 0x24, 0x75, 0x73, 0x65, 0x72, 0x22, 0x20,
    0x6c, 0x6e, 0x20, 0x2d, 0x73, 0x66, 0x6e, 0x20, 0x22, 0x72, 0x65, 0x6c, 0x65, 0x61, 0x73, 0x65,
    0x32, 0x33, 0x32, 0x22, 0x20, 0x22, 0x24, 0x64, 0x69, 0x72, 0x2f, 0x72, 0x32, 0x33, 0x32, 0x22,
    0x0a, 0x20, 0x20, 0x63, 0x6f, 0x6e, 0x66, 0x69, 0x67, 0x75, 0x72, 0x65, 0x5f, 0x6d, 0x65, 0x74,
    0x61, 0x63, 0x61, 0x74, 0x5f, 0x64, 0x62, 0x5f, 0x65, 0x6e, 0x76, 0x20, 0x22, 0x24, 0x75, 0x73,
    0x65, 0x72, 0x22, 0x20, 0x22, 0x24, 0x64, 0x62, 0x5f, 0x72, 0x6f, 0x6f, 0x74, 0x22, 0x0a, 0x20,
    0x20, 0x6c, 0x6f, 0x67, 0x20, 0x22, 0x47, 0x54, 0x44, 0x42, 0x2d, 0x54, 0x6b, 0x20, 0x52, 0x32,
    0x33, 0x32, 0x20, 0xe6, 0x95, 0xb0, 0xe6, 0x8d, 0xae, 0xe5, 0xba, 0x93, 0xe4, 0xb8, 0x8b, 0xe8,
    0xbd, 0xbd, 0xe5, 0xae, 0x8c, 0xe6, 0x88, 0x90, 0x3a, 0x20, 0x24, 0x64, 0x69, 0x72, 0x2f, 0x72,
    0x32, 0x33, 0x32, 0x22, 0x0a, 0x7d, 0x0a, 0x0a, 0x73, 0x68, 0x6f, 0x77, 0x5f, 0x6d, 0x65, 0x74,
    0x61, 0x63, 0x61, 0x74, 0x5f, 0x64, 0x62, 0x5f, 0x73, 0x74, 0x61, 0x74, 0x75, 0x73, 0x28, 0x29,
    0x20, 0x7b, 0x0a, 0x20, 0x20, 0x6c, 0x6f, 0x63, 0x61, 0x6c, 0x20, 0x64, 0x62, 0x5f, 0x72, 0x6f,
    0x6f, 0x74, 0x3d, 0x22, 0x24, 0x31, 0x22, 0x0a, 0x20, 0x20, 0x6c, 0x6f, 0x63, 0x61, 0x6c, 0x20,
    0x63, 0x68, 0x65, 0x63, 0x6b, 0x6d, 0x32, 0x5f, 0x70, 0x61, 0x74, 0x68, 0x3d, 0x22, 0x22, 0x20,
    0x67, 0x74, 0x64, 0x62, 0x5f, 0x70, 0x61, 0x74, 0x68, 0x3d, 0x22, 0x22, 0x0a, 0x0a, 0x20, 0x20,
    0x63, 0x68, 0x65, 0x63, 0x6b, 0x6d, 0x32, 0x5f, 0x70, 0x61, 0x74, 0x68, 0x3d, 0x22, 0x24, 0x28,
    0x6d, 0x65, 0x74, 0x61, 0x63, 0x61, 0x74, 0x5f, 0x63, 0x68, 0x65, 0x63, 0x6b, 0x6d, 0x32, 0x5f,
    0x64, 0x62, 0x5f, 0x70, 0x61, 0x74, 0x68, 0x20, 0x22, 0x24, 0x64, 0x62, 0x5f, 0x72, 0x6f, 0x6f,
    0x74, 0x22, 0x20, 0x32, 0x3e, 0x2f, 0x64, 0x65, 0x76, 0x2f, 0x6e, 0x75, 0x6c, 0x6c, 0x20, 0x7c,
    0x7c, 0x20, 0x74, 0x72, 0x75, 0x65, 0x29, 0x22, 0x0a, 0x20, 0x20, 0x67, 0x74, 0x64, 0x62, 0x5f,
    0x70, 0x61, 0x74, 0x68, 0x3d, 0x22, 0x24, 0x28, 0x6d, 0x65, 0x74, 0x61, 0x63, 0x61, 0x74, 0x5f,
    0x67, 0x74, 0x64, 0x62, 0x5f, 0x72, 0x32, 0x33, 0x32, 0x5f, 0x70, 0x61, 0x74, 0x68, 0x20, 0x22,
    0x24, 0x64, 0x62, 0x5f, 0x72, 0x6f, 0x6f, 0x74, 0x22, 0x20, 0x32, 0x3e, 0x2f, 0x64, 0x65, 0x76,
    0x2f, 0x6e, 0x75, 0x6c, 0x6c, 0x20, 0x7c, 0x7c, 0x20, 0x74, 0x72, 0x75, 0x65, 0x29, 0x22, 0x0a,
    0x0a, 0x20, 0x20, 0x70, 0x72, 0x69, 0x6e, 0x74, 0x66, 0x20, 0x27, 0x5c, 0x6e, 0x4d, 0x65, 0x74,
    0x61, 0x43, 0x41, 0x54, 0x20, 0xe6, 0x95, 0xb0, 0xe6, 0x8d, 0xae, 0xe5, 0xba, 0x93, 0xe7, 0x8a,
    0xb6, 0xe6, 0x80, 0x81, 0x3a, 0x20, 0x25, 0x73, 0x5c, 0x6e, 0x27, 0x20, 0x22, 0x24, 0x64, 0x62,
    0x5f, 0x72, 0x6f, 0x6f, 0x74, 0x22, 0x0a, 0x20, 0x20, 0x69, 0x66, 0x20, 0x5b, 0x5b, 0x20, 0x2d,
    0x6e, 0x20, 0x22, 0x24, 0x63, 0x68, 0x65, 0x63, 0x6b, 0x6d, 0x32, 0x5f, 0x70, 0x61, 0x74, 0x68,
    0x22, 0x20, 0x5d, 0x5d, 0x3b, 0x20, 0x74, 0x68, 0x65, 0x6e, 0x0a, 0x20, 0x20, 0x20, 0x20, 0x70,
    0x72, 0x69, 0x6e, 0x74, 0x66, 0x20, 0x27, 0x20, 0x20, 0x25, 0x2d, 0x31, 0x38, 0x73, 0x20, 0x52,
    0x45, 0x41, 0x44, 0x59, 0x20, 0x20, 0x25, 0x73, 0x5c, 0x6e, 0x27, 0x20, 0x22, 0x43, 0x68, 0x65,
    0x63, 0x6b, 0x4d, 0x32, 0x22, 0x20, 0x22, 0x24, 0x63, 0x68, 0x65, 0x63, 0x6b, 0x6d, 0x32, 0x5f,
    0x70, 0x61, 0x74, 0x68, 0x22, 0x0a, 0x20, 0x20, 0x65, 0x6c, 0x73, 0x65, 0x0a, 0x20, 0x20, 0x20,
    0x20, 0x70, 0x72, 0x69, 0x6e, 0x74, 0x66, 0x20, 0x27, 0x20, 0x20, 0x25, 0x2d, 0x31, 0x38, 0x73,
    0x20, 0x4d, 0x49, 0x53, 0x53, 0x49, 0x4e, 0x47, 0x5c, 0x6e, 0x27, 0x20, 0x22, 0x43, 0x68, 0x65,
    0x63, 0x6b, 0x4d, 0x32, 0x22, 0x0a, 0x20, 0x20, 0x66, 0x69, 0x0a, 0x20, 0x20, 0x69, 0x66, 0x20,
    0x5b, 0x5b, 0x20, 0x2d, 0x6e, 0x20, 0x22, 0x24, 0x67, 0x74, 0x64, 0x62, 0x5f, 0x70, 0x61, 0x74,
    0x68, 0x22, 0x20, 0x5d, 0x5d, 0x3b, 0x20, 0x74, 0x68, 0x65, 0x6e, 0x0a, 0x20, 0x20, 0x20, 0x20,
    0x70, 0x72, 0x69, 0x6e, 0x74, 0x66, 0x20, 0x27, 0x20, 0x20, 0x25, 0x2d, 0x31, 0x38, 0x73, 0x20,
    0x52, 0x45, 0x41, 0x44, 0x59, 0x20, 0x20, 0x25, 0x73, 0x5c, 0x6e, 0x27, 0x20, 0x22, 0x47, 0x54,
    0x44, 0x42, 0x2d, 0x54, 0x6b, 0x20, 0x52, 0x32, 0x33, 0x32, 0x22, 0x20, 0x22, 0x24, 0x67, 0x74,
    0x64, 0x62, 0x5f, 0x70, 0x61, 0x74, 0x68, 0x22, 0x0a, 0x20, 0x20, 0x65, 0x6c, 0x73, 0x65, 0x0a,
    0x20, 0x20, 0x20, 0x20, 0x70, 0x72, 0x69, 0x6e, 0x74, 0x66, 0x20, 0x27, 0x20, 0x20, 0x25, 0x2d,
    0x31, 0x38, 0x73, 0x20, 0x4d, 0x49, 0x53, 0x53, 0x49, 0x4e, 0x47, 0x5c, 0x6e, 0x27, 0x20, 0x22,
    0x47, 0x54, 0x44, 0x42, 0x2d, 0x54, 0x6b, 0x20, 0x52, 0x32, 0x33, 0x32, 0x22, 0x0a, 0x20, 0x20,
    0x66, 0x69, 0x0a, 0x7d, 0x0a, 0x0a, 0x6d, 0x61, 0x6e, 0x61, 0x67, 0x65, 0x5f, 0x6d, 0x65, 0x74,
    0x61, 0x63, 0x61, 0x74, 0x5f, 0x64, 0x61, 0x74, 0x61, 0x62, 0x61, 0x73, 0x65, 0x73, 0x28, 0x29,
    0x20, 0x7b, 0x0a, 0x20, 0x20, 0x6c, 0x6f, 0x63, 0x61, 0x6c, 0x20, 0x74, 0x61, 0x72, 0x67, 0x65,
    0x74, 0x20, 0x75, 0x73, 0x65, 0x72, 0x3d, 0x22, 0x22, 0x20, 0x68, 0x6f, 0x6d, 0x65, 0x20, 0x64,
    0x62, 0x5f, 0x72, 0x6f, 0x6f, 0x74, 0x20, 0x63, 0x68, 0x6f, 0x69, 0x63, 0x65, 0x20, 0x66, 0x72,
    0x65, 0x65, 0x5f, 0x73, 0x70, 0x61, 0x63, 0x65, 0x0a, 0x0a, 0x20, 0x20, 0x70, 0x72, 0x69, 0x6e,
    0x74, 0x66, 0x20, 0x27, 0x5c, 0x6e, 0x4d, 0x65, 0x74, 0x61, 0x43, 0x41, 0x54, 0x20, 0xe6, 0x95,
    0xb0, 0xe6, 0x8d, 0xae, 0xe5, 0xba, 0x93, 0xe7, 0x9b, 0xae, 0xe6, 0xa0, 0x87, 0xe8, 0xb4, 0xa6,
    0xe5, 0x8f, 0xb7, 0xef, 0xbc, 0x9a, 0x5c, 0x6e, 0x27, 0x0a, 0x20, 0x20, 0x70, 0x72, 0x69, 0x6e,
    0x74, 0x66, 0x20, 0x27, 0x31, 0x29, 0x20, 0x72, 0x6f, 0x6f, 0x74, 0xef, 0xbc, 0x88, 0xe4, 0xbd,
    0x9c, 0xe4, 0xb8, 0xba, 0xe6, 0x9c, 0xac, 0xe6, 0x9c, 0xba, 0xe6, 0x95, 0xb0, 0xe6, 0x8d, 0xae,
    0xe5, 0xba, 0x93, 0xe7, 0xbc, 0x93, 0xe5, 0xad, 0x98, 0xe6, 0xba, 0x90, 0xef, 0xbc, 0x89, 0x5c,
    0x6e, 0x27, 0x0a, 0x20, 0x20, 0x70, 0x72, 0x69, 0x6e, 0x74, 0x66, 0x20, 0x27, 0x32, 0x29, 0x20,
    0xe6, 0x8c, 0x87, 0xe5, 0xae, 0x9a, 0xe6, 0x99, 0xae, 0xe9, 0x80, 0x9a, 0xe7, 0x94, 0xa8, 0xe6,
    0x88, 0xb7, 0x5c, 0x6e, 0x27, 0x0a, 0x20, 0x20, 0x70, 0x72, 0x69, 0x6e, 0x74, 0x66, 0x20, 0x27,
    0x30, 0x29, 0x20, 0xe8, 0xbf, 0x94, 0xe5, 0x9b, 0x9e, 0x5c, 0x6e, 0x27, 0x0a, 0x20, 0x20, 0x72,
    0x65, 0x61, 0x64, 0x20, 0x2d, 0x72, 0x20, 0x2d, 0x70, 0x20, 0x22, 0xe9, 0x80, 0x89, 0xe6, 0x8b,
    0xa9, 0x20, 0x5b, 0x31, 0x5d, 0x3a, 0x20, 0x22, 0x20, 0x74, 0x61, 0x72, 0x67, 0x65, 0x74, 0x0a,
    0x20, 0x20, 0x74, 0x61, 0x72, 0x67, 0x65, 0x74, 0x3d, 0x22, 0x24, 0x7b, 0x74, 0x61, 0x72, 0x67,
    0x65, 0x74, 0x3a, 0x2d, 0x31, 0x7d, 0x22, 0x0a, 0x0a, 0x20, 0x20, 0x63, 0x61, 0x73, 0x65, 0x20,
    0x22, 0x24, 0x74, 0x61, 0x72, 0x67, 0x65, 0x74, 0x22, 0x20, 0x69, 0x6e, 0x0a, 0x20, 0x20, 0x20,
    0x20, 0x31, 0x29, 0x20, 0x75, 0x73, 0x65, 0x72, 0x3d, 0x22, 0x72, 0x6f, 0x6f, 0x74, 0x22, 0x20,
    0x3b, 0x3b, 0x0a, 0x20, 0x20, 0x20, 0x20, 0x32, 0x29, 0x0a, 0x20, 0x20, 0x20, 0x20, 0x20, 0x20,
    0x72, 0x65, 0x61, 0x64, 0x20, 0x2d, 0x72, 0x20, 0x2d, 0x70, 0x20, 0x22, 0xe6, 0x99, 0xae, 0xe9,
    0x80, 0x9a, 0xe7, 0x94, 0xa8, 0xe6, 0x88, 0xb7, 0xe5, 0x90, 0x8d, 0x3a, 0x20, 0x22, 0x20, 0x75,
    0x73, 0x65, 0x72, 0x0a, 0x20, 0x20, 0x20, 0x20, 0x20, 0x20, 0x5b, 0x5b, 0x20, 0x22, 0x24, 0x75,
    0x73, 0x65, 0x72, 0x22, 0x20, 0x21, 0x3d, 0x20, 0x22, 0x72, 0x6f, 0x6f, 0x74, 0x22, 0x20, 0x5d,
    0x5d, 0x20, 0x7c, 0x7c, 0x20, 0x7b, 0x20, 0x77, 0x61, 0x72, 0x6e, 0x20, 0x22, 0xe6, 0x99, 0xae,
    0xe9, 0x80, 0x9a, 0xe7, 0x94, 0xa8, 0xe6, 0x88, 0xb7, 0xe5, 0x85, 0xa5, 0xe5, 0x8f, 0xa3, 0xe4,
    0xb8, 0x8d, 0xe8, 0x83, 0xbd, 0xe5, 0xa1, 0xab, 0xe5, 0x86, 0x99, 0x20, 0x72, 0x6f, 0x6f, 0x74,
    0xe3, 0x80, 0x82, 0x22, 0x3b, 0x20, 0x72, 0x65, 0x74, 0x75, 0x72, 0x6e, 0x20, 0x31, 0x3b, 0x20,
    0x7d, 0x0a, 0x20, 0x20, 0x20, 0x20, 0x20, 0x20, 0x3b, 0x3b, 0x0a, 0x20, 0x20, 0x20, 0x20, 0x30,
    0x29, 0x20, 0x72, 0x65, 0x74, 0x75, 0x72, 0x6e, 0x20, 0x30, 0x20, 0x3b, 0x3b, 0x0a, 0x20, 0x20,
    0x20, 0x20, 0x2a, 0x29, 0x20, 0x77, 0x61, 0x72, 0x6e, 0x20, 0x22, 0xe6, 0x97, 0xa0, 0xe6, 0x95,
    0x88, 0xe9, 0x80, 0x89, 0xe6, 0x8b, 0xa9, 0xe3, 0x80, 0x82, 0x22, 0x3b, 0x20, 0x72, 0x65, 0x74,
    0x75, 0x72, 0x6e, 0x20, 0x31, 0x20, 0x3b, 0x3b, 0x0a, 0x20, 0x20, 0x65, 0x73, 0x61, 0x63, 0x0a,
    0x0a, 0x20, 0x20, 0x76, 0x61, 0x6c, 0x69, 0x64, 0x61, 0x74, 0x65, 0x5f, 0x73, 0x69, 0x6d, 0x70,
    0x6c, 0x65, 0x5f, 0x6e, 0x61, 0x6d, 0x65, 0x20, 0x22, 0x24, 0x75, 0x73, 0x65, 0x72, 0x22, 0x20,
    0x7c, 0x7c, 0x20, 0x7b, 0x20, 0x77, 0x61, 0x72, 0x6e, 0x20, 0x22, 0xe7, 0x94, 0xa8, 0xe6, 0x88,
    0xb7, 0xe5, 0x90, 0x8d, 0xe6, 0xa0, 0xbc, 0xe5, 0xbc, 0x8f, 0xe4, 0xb8, 0x8d, 0xe5, 0x90, 0x88,
    0xe6, 0xb3, 0x95, 0xe3, 0x80, 0x82, 0x22, 0x3b, 0x20, 0x72, 0x65, 0x74, 0x75, 0x72, 0x6e, 0x20,
    0x31, 0x3b, 0x20, 0x7d, 0x0a, 0x20, 0x20, 0x69, 0x64, 0x20, 0x22, 0x24, 0x75, 0x73, 0x65, 0x72,
    0x22, 0x20, 0x3e, 0x2f, 0x64, 0x65, 0x76, 0x2f, 0x6e, 0x75, 0x6c, 0x6c, 0x20, 0x32, 0x3e, 0x26,
    0x31, 0x20, 0x7c, 0x7c, 0x20, 0x7b, 0x20, 0x77, 0x61, 0x72, 0x6e, 0x20, 0x22, 0xe7, 0x94, 0xa8,
    0xe6, 0x88, 0xb7, 0x20, 0x24, 0x75, 0x73, 0x65, 0x72, 0x20, 0xe4, 0xb8, 0x8d, 0xe5, 0xad, 0x98,
    0xe5, 0x9c, 0xa8, 0xe3, 0x80, 0x82, 0x22, 0x3b, 0x20, 0x72, 0x65, 0x74, 0x75, 0x72, 0x6e, 0x20,
    0x31, 0x3b, 0x20, 0x7d, 0x0a, 0x20, 0x20, 0x68, 0x6f, 0x6d, 0x65, 0x3d, 0x22, 0x24, 0x28, 0x67,
    0x65, 0x74, 0x65, 0x6e, 0x74, 0x20, 0x70, 0x61, 0x73, 0x73, 0x77, 0x64, 0x20, 0x22, 0x24, 0x75,
    0x73, 0x65, 0x72, 0x22, 0x20, 0x32, 0x3e, 0x2f, 0x64, 0x65, 0x76, 0x2f, 0x6e, 0x75, 0x6c, 0x6c,
    0x20, 0x7c, 0x20, 0x63, 0x75, 0x74, 0x20, 0x2d, 0x64, 0x3a, 0x20, 0x2d, 0x66, 0x36, 0x20, 0x7c,
    0x7c, 0x20, 0x74, 0x72, 0x75, 0x65, 0x29, 0x22, 0x0a, 0x20, 0x20, 0x5b, 0x5b, 0x20, 0x2d, 0x6e,
    0x20, 0x22, 0x24, 0x68, 0x6f, 0x6d, 0x65, 0x22, 0x20, 0x5d, 0x5d, 0x20, 0x7c, 0x7c, 0x20, 0x7b,
    0x20, 0x77, 0x61, 0x72, 0x6e, 0x20, 0x22, 0xe6, 0x97, 0xa0, 0xe6, 0xb3, 0x95, 0xe8, 0xaf, 0xbb,
    0xe5, 0x8f, 0x96, 0xe7, 0x94, 0xa8, 0xe6, 0x88, 0xb7, 0x20, 0x24, 0x75, 0x73, 0x65, 0x72, 0x20,
    0xe7, 0x9a, 0x84, 0x20, 0x68, 0x6f, 0x6d, 0x65, 0xe3, 0x80, 0x82, 0x22, 0x3b, 0x20, 0x72, 0x65,
    0x74, 0x75, 0x72, 0x6e, 0x20, 0x31, 0x3b, 0x20, 0x7d, 0x0a, 0x0a, 0x20, 0x20, 0x72, 0x65, 0x61,
    0x64, 0x20, 0x2d, 0x72, 0x20, 0x2d, 0x70, 0x20, 0x22, 0xe6, 0x95, 0xb0, 0xe6, 0x8d, 0xae, 0xe5,
    0xba, 0x93, 0xe6, 0xa0, 0xb9, 0xe7, 0x9b, 0xae, 0xe5, 0xbd, 0x95, 0x20, 0x5b, 0x24, 0x68, 0x6f,
    0x6d, 0x65, 0x2f, 0x64, 0x61, 0x74, 0x61, 0x5f, 0x48, 0x44, 0x2f, 0x6d, 0x65, 0x74, 0x61, 0x63,
    0x61, 0x74, 0x5f, 0x64, 0x62, 0x5d, 0x3a, 0x20, 0x22, 0x20, 0x64, 0x62, 0x5f, 0x72, 0x6f, 0x6f,
    0x74, 0x0a, 0x20, 0x20, 0x64, 0x62, 0x5f, 0x72, 0x6f, 0x6f, 0x74, 0x3d, 0x22, 0x24, 0x7b, 0x64,
    0x62, 0x5f, 0x72, 0x6f, 0x6f, 0x74, 0x3a, 0x2d, 0x24, 0x68, 0x6f, 0x6d, 0x65, 0x2f, 0x64, 0x61,
    0x74, 0x61, 0x5f, 0x48, 0x44, 0x2f, 0x6d, 0x65, 0x74, 0x61, 0x63, 0x61, 0x74, 0x5f, 0x64, 0x62,
    0x7d, 0x22, 0x0a, 0x20, 0x20, 0x5b, 0x5b, 0x20, 0x22, 0x24, 0x64, 0x62, 0x5f, 0x72, 0x6f, 0x6f,
    0x74, 0x22, 0x20, 0x3d, 0x3d, 0x20, 0x22, 0x24, 0x68, 0x6f, 0x6d, 0x65, 0x2f, 0x22, 0x2a, 0x20,
    0x5d, 0x5d, 0x20, 0x7c, 0x7c, 0x20, 0x7b, 0x20, 0x77, 0x61, 0x72, 0x6e, 0x20, 0x22, 0xe6, 0x95,
    0xb0, 0xe6, 0x8d, 0xae, 0xe5, 0xba, 0x93, 0xe7, 0x9b, 0xae, 0xe5, 0xbd, 0x95, 0xe5, 0xbf, 0x85,
    0xe9, 0xa1, 0xbb, 0xe4, 0xbd, 0x8d, 0xe4, 0xba, 0x8e, 0xe7, 0x94, 0xa8, 0xe6, 0x88, 0xb7, 0x20,
    0x24, 0x75, 0x73, 0x65, 0x72, 0x20, 0xe7, 0x9a, 0x84, 0x20, 0x68, 0x6f, 0x6d, 0x65, 0x20, 0xe4,
    0xb8, 0x8b, 0xe3, 0x80, 0x82, 0x22, 0x3b, 0x20, 0x72, 0x65, 0x74, 0x75, 0x72, 0x6e, 0x20, 0x31,
    0x3b, 0x20, 0x7d, 0x0a, 0x20, 0x20, 0x61, 0x73, 0x5f, 0x6e, 0x61, 0x6d, 0x65, 0x64, 0x5f, 0x75,
    0x73, 0x65, 0x72, 0x20, 0x22, 0x24, 0x75, 0x73, 0x65, 0x72, 0x22, 0x20, 0x6d, 0x6b, 0x64, 0x69,
    0x72, 0x20, 0x2d, 0x70, 0x20, 0x22, 0x24, 0x64, 0x62, 0x5f, 0x72, 0x6f, 0x6f, 0x74, 0x22, 0x0a,
    0x0a, 0x20, 0x20, 0x66, 0x72, 0x65, 0x65, 0x5f, 0x73, 0x70, 0x61, 0x63, 0x65, 0x3d, 0x22, 0x24,
    0x28, 0x64, 0x66, 0x20, 0x2d, 0x68, 0x50, 0x20, 0x22, 0x24, 0x28, 0x64, 0x69, 0x72, 0x6e, 0x61,
    0x6d, 0x65, 0x20, 0x22, 0x24, 0x64, 0x62, 0x5f, 0x72, 0x6f, 0x6f, 0x74, 0x22, 0x29, 0x22, 0x20,
    0x32, 0x3e, 0x2f, 0x64, 0x65, 0x76, 0x2f, 0x6e, 0x75, 0x6c, 0x6c, 0x20, 0x7c, 0x20, 0x61, 0x77,
    0x6b, 0x20, 0x27, 0x4e, 0x52, 0x3d, 0x3d, 0x32, 0x20, 0x7b, 0x70, 0x72, 0x69, 0x6e, 0x74, 0x20,
    0x24, 0x34, 0x20, 0x22, 0x20, 0x66, 0x72, 0x65, 0x65, 0x20, 0x6f, 0x66, 0x20, 0x22, 0x20, 0x24,
    0x32, 0x7d, 0x27, 0x20, 0x7c, 0x7c, 0x20, 0x74, 0x72, 0x75, 0x65, 0x29, 0x22, 0x0a, 0x20, 0x20,
    0x69, 0x6e, 0x66, 0x6f, 0x20, 0x22, 0xe6, 0x95, 0xb0, 0xe6, 0x8d, 0xae, 0xe5, 0xba, 0x93, 0xe8,
    0xb4, 0xa6, 0xe5, 0x8f, 0xb7, 0x3a, 0x20, 0x24, 0x75, 0x73, 0x65, 0x72, 0x22, 0x0a, 0x20, 0x20,
    0x69, 0x6e, 0x66, 0x6f, 0x20, 0x22, 0xe6, 0x95, 0xb0, 0xe6, 0x8d, 0xae, 0xe5, 0xba, 0x93, 0xe7,
    0x9b, 0xae, 0xe5, 0xbd, 0x95, 0x3a, 0x20, 0x24, 0x64, 0x62, 0x5f, 0x72, 0x6f, 0x6f, 0x74, 0x22,
    0x0a, 0x20, 0x20, 0x69, 0x6e, 0x66, 0x6f, 0x20, 0x22, 0xe5, 0x8f, 0xaf, 0xe7, 0x94, 0xa8, 0xe7,
    0xa9, 0xba, 0xe9, 0x97, 0xb4, 0x3a, 0x20, 0x24, 0x7b, 0x66, 0x72, 0x65, 0x65, 0x5f, 0x73, 0x70,
    0x61, 0x63, 0x65, 0x3a, 0x2d, 0xe6, 0x9c, 0xaa, 0xe7, 0x9f, 0xa5, 0x7d, 0x22, 0x0a, 0x0a, 0x20,
    0x20, 0x70, 0x72, 0x69, 0x6e, 0x74, 0x66, 0x20, 0x27, 0x5c, 0x6e, 0x4d, 0x65, 0x74, 0x61, 0x43,
    0x41, 0x54, 0x20, 0xe6, 0x95, 0xb0, 0xe6, 0x8d, 0xae, 0xe5, 0xba, 0x93, 0xe7, 0xae, 0xa1, 0xe7,
    0x90, 0x86, 0xef, 0xbc, 0x9a, 0x5c, 0x6e, 0x27, 0x0a, 0x20, 0x20, 0x70, 0x72, 0x69, 0x6e, 0x74,
    0x66, 0x20, 0x27, 0x31, 0x29, 0x20, 0xe4, 0xb8, 0x8b, 0xe8, 0xbd, 0xbd, 0x20, 0x2f, 0x20, 0xe9,
    0x85, 0x8d, 0xe7, 0xbd, 0xae, 0x20, 0x43, 0x68, 0x65, 0x63, 0x6b, 0x4d, 0x32, 0x20, 0x76, 0x31,
    0x2e, 0x31, 0x2e, 0x30, 0x20, 0xe6, 0x95, 0xb0, 0xe6, 0x8d, 0xae, 0xe5, 0xba, 0x93, 0x5c, 0x6e,
    0x27, 0x0a, 0x20, 0x20, 0x70, 0x72, 0x69, 0x6e, 0x74, 0x66, 0x20, 0x27, 0x32, 0x29, 0x20, 0xe4,
    0xb8, 0x8b, 0xe8, 0xbd, 0xbd, 0x20, 0x2f, 0x20, 0xe9, 0x85, 0x8d, 0xe7, 0xbd, 0xae, 0x20, 0x47,
    0x54, 0x44, 0x42, 0x2d, 0x54, 0x6b, 0x20, 0x52, 0x32, 0x33, 0x32, 0x20, 0xe6, 0x95, 0xb0, 0xe6,
    0x8d, 0xae, 0xe5, 0xba, 0x93, 0x5c, 0x6e, 0x27, 0x0a, 0x20, 0x20, 0x70, 0x72, 0x69, 0x6e, 0x74,
    0x66, 0x20, 0x27, 0x33, 0x29, 0x20, 0xe4, 0xb8, 0x8b, 0xe8, 0xbd, 0xbd, 0x20, 0x2f, 0x20, 0xe9,
    0x85, 0x8d, 0xe7, 0xbd, 0xae, 0xe5, 0x85, 0xa8, 0xe9, 0x83, 0xa8, 0xe6, 0x95, 0xb0, 0xe6, 0x8d,
    0xae, 0xe5, 0xba, 0x93, 0x5c, 0x6e, 0x27, 0x0a, 0x20, 0x20, 0x70, 0x72, 0x69, 0x6e, 0x74, 0x66,
    0x20, 0x27, 0x34, 0x29, 0x20, 0xe6, 0xa3, 0x80, 0xe6, 0x9f, 0xa5, 0xe6, 0x95, 0xb0, 0xe6, 0x8d,
    0xae, 0xe5, 0xba, 0x93, 0xe7, 0x8a, 0xb6, 0xe6, 0x80, 0x81, 0x5c, 0x6e, 0x27, 0x0a, 0x20, 0x20,
    0x70, 0x72, 0x69, 0x6e, 0x74, 0x66, 0x20, 0x27, 0x35, 0x29, 0x20, 0xe4, 0xbf, 0xae, 0xe5, 0xa4,
    0x8d, 0xe7, 0x8e, 0xaf, 0xe5, 0xa2, 0x83, 0xe5, 0x8f, 0x98, 0xe9, 0x87, 0x8f, 0x5c, 0x6e, 0x27,
    0x0a, 0x20, 0x20, 0x70, 0x72, 0x69, 0x6e, 0x74, 0x66, 0x20, 0x27, 0x30, 0x29, 0x20, 0xe8, 0xbf,
    0x94, 0xe5, 0x9b, 0x9e, 0x5c, 0x6e, 0x27, 0x0a, 0x20, 0x20, 0x72, 0x65, 0x61, 0x64, 0x20, 0x2d,
    0x72, 0x20, 0x2d, 0x70, 0x20, 0x22, 0xe9, 0x80, 0x89, 0xe6, 0x8b, 0xa9, 0x3a, 0x20, 0x22, 0x20,
    0x63, 0x68, 0x6f, 0x69, 0x63, 0x65, 0x0a, 0x0a, 0x20, 0x20, 0x63, 0x61, 0x73, 0x65, 0x20, 0x22,
    0x24, 0x63, 0x68, 0x6f, 0x69, 0x63, 0x65, 0x22, 0x20, 0x69, 0x6e, 0x0a, 0x20, 0x20, 0x20, 0x20,
    0x31, 0x29, 0x20, 0x64, 0x6f, 0x77, 0x6e, 0x6c, 0x6f, 0x61, 0x64, 0x5f, 0x6d, 0x65, 0x74, 0x61,
    0x63, 0x61, 0x74, 0x5f, 0x63, 0x68, 0x65, 0x63, 0x6b, 0x6d, 0x32, 0x5f, 0x64, 0x62, 0x20, 0x22,
    0x24, 0x75, 0x73, 0x65, 0x72, 0x22, 0x20, 0x22, 0x24, 0x64, 0x62, 0x5f, 0x72, 0x6f, 0x6f, 0x74,
    0x22, 0x20, 0x3b, 0x3b, 0x0a, 0x20, 0x20, 0x20, 0x20, 0x32, 0x29, 0x20, 0x64, 0x6f, 0x77, 0x6e,
    0x6c, 0x6f, 0x61, 0x64, 0x5f, 0x6d, 0x65, 0x74, 0x61, 0x63, 0x61, 0x74, 0x5f, 0x67, 0x74, 0x64,
    0x62, 0x5f, 0x72, 0x32, 0x33, 0x32, 0x5f, 0x64, 0x62, 0x20, 0x22, 0x24, 0x75, 0x73, 0x65, 0x72,
    0x22, 0x20, 0x22, 0x24, 0x64, 0x62, 0x5f, 0x72, 0x6f, 0x6f, 0x74, 0x22, 0x20, 0x3b, 0x3b, 0x0a,
    0x20, 0x20, 0x20, 0x20, 0x33, 0x29, 0x0a, 0x20, 0x20, 0x20, 0x20, 0x20, 0x20, 0x64, 0x6f, 0x77,
    0x6e, 0x6c, 0x6f, 0x61, 0x64, 0x5f, 0x6d, 0x65, 0x74, 0x61, 0x63, 0x61, 0x74, 0x5f, 0x63, 0x68,
    0x65, 0x63, 0x6b, 0x6d, 0x32, 0x5f, 0x64, 0x62, 0x20, 0x22, 0x24, 0x75, 0x73, 0x65, 0x72, 0x22,
    0x20, 0x22, 0x24, 0x64, 0x62, 0x5f, 0x72, 0x6f, 0x6f, 0x74, 0x22, 0x0a, 0x20, 0x20, 0x20, 0x20,
    0x20, 0x20, 0x64, 0x6f, 0x77, 0x6e, 0x6c, 0x6f, 0x61, 0x64, 0x5f, 0x6d, 0x65, 0x74, 0x61, 0x63,
    0x61, 0x74, 0x5f, 0x67, 0x74, 0x64, 0x62, 0x5f, 0x72, 0x32, 0x33, 0x32, 0x5f, 0x64, 0x62, 0x20,
    0x22, 0x24, 0x75, 0x73, 0x65, 0x72, 0x22, 0x20, 0x22, 0x24, 0x64, 0x62, 0x5f, 0x72, 0x6f, 0x6f,
    0x74, 0x22, 0x0a, 0x20, 0x20, 0x20, 0x20, 0x20, 0x20, 0x3b, 0x3b, 0x0a, 0x20, 0x20, 0x20, 0x20,
    0x34, 0x29, 0x20, 0x73, 0x68, 0x6f, 0x77, 0x5f, 0x6d, 0x65, 0x74, 0x61, 0x63, 0x61, 0x74, 0x5f,
    0x64, 0x62, 0x5f, 0x73, 0x74, 0x61, 0x74, 0x75, 0x73, 0x20, 0x22, 0x24, 0x64, 0x62, 0x5f, 0x72,
    0x6f, 0x6f, 0x74, 0x22, 0x20, 0x3b, 0x3b, 0x0a, 0x20, 0x20, 0x20, 0x20, 0x35, 0x29, 0x0a, 0x20,
    0x20, 0x20, 0x20, 0x20, 0x20, 0x63, 0x6f, 0x6e, 0x66, 0x69, 0x67, 0x75, 0x72, 0x65, 0x5f, 0x6d,
    0x65, 0x74, 0x61, 0x63, 0x61, 0x74, 0x5f, 0x64, 0x62, 0x5f, 0x65, 0x6e, 0x76, 0x20, 0x22, 0x24,
    0x75, 0x73, 0x65, 0x72, 0x22, 0x20, 0x22, 0x24, 0x64, 0x62, 0x5f, 0x72, 0x6f, 0x6f, 0x74, 0x22,
    0x0a, 0x20, 0x20, 0x20, 0x20, 0x20, 0x20, 0x73, 0x68, 0x6f, 0x77, 0x5f, 0x6d, 0x65, 0x74, 0x61,
    0x63, 0x61, 0x74, 0x5f, 0x64, 0x62, 0x5f, 0x73, 0x74, 0x61, 0x74, 0x75, 0x73, 0x20, 0x22, 0x24,
    0x64, 0x62, 0x5f, 0x72, 0x6f, 0x6f, 0x74, 0x22, 0x0a, 0x20, 0x20, 0x20, 0x20, 0x20, 0x20, 0x3b,
    0x3b, 0x0a, 0x20, 0x20, 0x20, 0x20, 0x30, 0x29, 0x20, 0x72, 0x65, 0x74, 0x75, 0x72, 0x6e, 0x20,
    0x30, 0x20, 0x3b, 0x3b, 0x0a, 0x20, 0x20, 0x20, 0x20, 0x2a, 0x29, 0x20, 0x77, 0x61, 0x72, 0x6e,
    0x20, 0x22, 0xe6, 0x97, 0xa0, 0xe6, 0x95, 0x88, 0xe9, 0x80, 0x89, 0xe6, 0x8b, 0xa9, 0xe3, 0x80,
    0x82, 0x22, 0x3b, 0x20, 0x72, 0x65, 0x74, 0x75, 0x72, 0x6e, 0x20, 0x31, 0x20, 0x3b, 0x3b, 0x0a,
    0x20, 0x20, 0x65, 0x73, 0x61, 0x63, 0x0a, 0x7d, 0x0a, 0x0a, 0x69, 0x6e, 0x73, 0x74, 0x61, 0x6c,
    0x6c, 0x5f, 0x6d, 0x65, 0x74, 0x61, 0x63, 0x61, 0x74, 0x5f, 0x66, 0x6f, 0x72, 0x5f, 0x75, 0x73,
    0x65, 0x72, 0x28, 0x29, 0x20, 0x7b, 0x0a, 0x20, 0x20, 0x6c, 0x6f, 0x63, 0x61, 0x6c, 0x20, 0x75,
    0x73, 0x65, 0x72, 0x3d, 0x22, 0x22, 0x20, 0x68, 0x6f, 0x6d, 0x65, 0x20, 0x6d, 0x6d, 0x20, 0x72,
    0x6f, 0x6f, 0x74, 0x5f, 0x70, 0x72, 0x65, 0x66, 0x69, 0x78, 0x20, 0x65, 0x6e, 0x76, 0x5f, 0x64,
    0x69, 0x72, 0x0a, 0x0a, 0x20, 0x20, 0x72, 0x65, 0x61, 0x64, 0x20, 0x2d, 0x72, 0x20, 0x2d, 0x70,
    0x20, 0x22, 0xe5, 0xae, 0x89, 0xe8, 0xa3, 0x85, 0x20, 0x4d, 0x65, 0x74, 0x61, 0x43, 0x41, 0x54,
    0x20, 0xe7, 0x9a, 0x84, 0xe6, 0x99, 0xae, 0xe9, 0x80, 0x9a, 0xe7, 0x94, 0xa8, 0xe6, 0x88, 0xb7,
    0xe5, 0x90, 0x8d, 0x3a, 0x20, 0x22, 0x20, 0x75, 0x73, 0x65, 0x72, 0x0a, 0x20, 0x20, 0x76, 0x61,
    0x6c, 0x69, 0x64, 0x61, 0x74, 0x65, 0x5f, 0x73, 0x69, 0x6d, 0x70, 0x6c, 0x65, 0x5f, 0x6e, 0x61,
    0x6d, 0x65, 0x20, 0x22, 0x24, 0x75, 0x73, 0x65, 0x72, 0x22, 0x20, 0x7c, 0x7c, 0x20, 0x7b, 0x20,
    0x77, 0x61, 0x72, 0x6e, 0x20, 0x22, 0xe7, 0x94, 0xa8, 0xe6, 0x88, 0xb7, 0xe5, 0x90, 0x8d, 0xe6,
    0xa0, 0xbc, 0xe5, 0xbc, 0x8f, 0xe4, 0xb8, 0x8d, 0xe5, 0x90, 0x88, 0xe6, 0xb3, 0x95, 0xe3, 0x80,
    0x82, 0x22, 0x3b, 0x20, 0x72, 0x65, 0x74, 0x75, 0x72, 0x6e, 0x20, 0x31, 0x3b, 0x20, 0x7d, 0x0a,
    0x20, 0x20, 0x5b, 0x5b, 0x20, 0x22, 0x24, 0x75, 0x73, 0x65, 0x72, 0x22, 0x20, 0x21, 0x3d, 0x20,
    0x22, 0x72, 0x6f, 0x6f, 0x74, 0x22, 0x20, 0x5d, 0x5d, 0x20, 0x7c, 0x7c, 0x20, 0x7b, 0x20, 0x77,
    0x61, 0x72, 0x6e, 0x20, 0x22, 0xe6, 0x99, 0xae, 0xe9, 0x80, 0x9a, 0xe7, 0x94, 0xa8, 0xe6, 0x88,
    0xb7, 0x20, 0x4d, 0x65, 0x74, 0x61, 0x43, 0x41, 0x54, 0x20, 0xe5, 0x85, 0xa5, 0xe5, 0x8f, 0xa3,
    0xe4, 0xb8, 0x8d, 0xe6, 0x8e, 0xa5, 0xe5, 0x8f, 0x97, 0x20, 0x72, 0x6f, 0x6f, 0x74, 0xe3, 0x80,
    0x82, 0x22, 0x3b, 0x20, 0x72, 0x65, 0x74, 0x75, 0x72, 0x6e, 0x20, 0x31, 0x3b, 0x20, 0x7d, 0x0a,
    0x20, 0x20, 0x69, 0x64, 0x20, 0x22, 0x24, 0x75, 0x73, 0x65, 0x72, 0x22, 0x20, 0x3e, 0x2f, 0x64,
    0x65, 0x76, 0x2f, 0x6e, 0x75, 0x6c, 0x6c, 0x20, 0x32, 0x3e, 0x26, 0x31, 0x20, 0x7c, 0x7c, 0x20,
    0x7b, 0x20, 0x77, 0x61, 0x72, 0x6e, 0x20, 0x22, 0xe7, 0x94, 0xa8, 0xe6, 0x88, 0xb7, 0x20, 0x24,
    0x75, 0x73, 0x65, 0x72, 0x20, 0xe4, 0xb8, 0x8d, 0xe5, 0xad, 0x98, 0xe5, 0x9c, 0xa8, 0xe3, 0x80,
    0x82, 0x22, 0x3b, 0x20, 0x72, 0x65, 0x74, 0x75, 0x72, 0x6e, 0x20, 0x31, 0x3b, 0x20, 0x7d, 0x0a,
    0x0a, 0x20, 0x20, 0x68, 0x6f, 0x6d, 0x65, 0x3d, 0x22, 0x24, 0x28, 0x67, 0x65, 0x74, 0x65, 0x6e,
    0x74, 0x20, 0x70, 0x61, 0x73, 0x73, 0x77, 0x64, 0x20, 0x22, 0x24, 0x75, 0x73, 0x65, 0x72, 0x22,
    0x20, 0x32, 0x3e, 0x2f, 0x64, 0x65, 0x76, 0x2f, 0x6e, 0x75, 0x6c, 0x6c, 0x20, 0x7c, 0x20, 0x63,
    0x75, 0x74, 0x20, 0x2d, 0x64, 0x3a, 0x20, 0x2d, 0x66, 0x36, 0x20, 0x7c, 0x7c, 0x20, 0x74, 0x72,
    0x75, 0x65, 0x29, 0x22, 0x0a, 0x20, 0x20, 0x5b, 0x5b, 0x20, 0x2d, 0x6e, 0x20, 0x22, 0x24, 0x68,
    0x6f, 0x6d, 0x65, 0x22, 0x20, 0x5d, 0x5d, 0x20, 0x7c, 0x7c, 0x20, 0x7b, 0x20, 0x77, 0x61, 0x72,
    0x6e, 0x20, 0x22, 0xe6, 0x97, 0xa0, 0xe6, 0xb3, 0x95, 0xe8, 0xaf, 0xbb, 0xe5, 0x8f, 0x96, 0xe7,
    0x94, 0xa8, 0xe6, 0x88, 0xb7, 0x20, 0x24, 0x75, 0x73, 0x65, 0x72, 0x20, 0xe7, 0x9a, 0x84, 0x20,
    0x68, 0x6f, 0x6d, 0x65, 0xe3, 0x80, 0x82, 0x22, 0x3b, 0x20, 0x72, 0x65, 0x74, 0x75, 0x72, 0x6e,
    0x20, 0x31, 0x3b, 0x20, 0x7d, 0x0a, 0x0a, 0x20, 0x20, 0x69, 0x6e, 0x73, 0x74, 0x61, 0x6c, 0x6c,
    0x5f, 0x6d, 0x69, 0x63, 0x72, 0x6f, 0x6d, 0x61, 0x6d, 0x62, 0x61, 0x5f, 0x66, 0x6f, 0x72, 0x5f,
    0x61, 0x63, 0x63, 0x6f, 0x75, 0x6e, 0x74, 0x20, 0x22, 0x24, 0x75, 0x73, 0x65, 0x72, 0x22, 0x20,
    0x7c, 0x7c, 0x20, 0x72, 0x65, 0x74, 0x75, 0x72, 0x6e, 0x20, 0x31, 0x0a, 0x20, 0x20, 0x6d, 0x6d,
    0x3d, 0x22, 0x24, 0x68, 0x6f, 0x6d, 0x65, 0x2f, 0x64, 0x61, 0x74, 0x61, 0x5f, 0x48, 0x44, 0x2f,
    0x62, 0x69, 0x6e, 0x2f, 0x6d, 0x69, 0x63, 0x72, 0x6f, 0x6d, 0x61, 0x6d, 0x62, 0x61, 0x22, 0x0a,
    0x20, 0x20, 0x72, 0x6f, 0x6f, 0x74, 0x5f, 0x70, 0x72, 0x65, 0x66, 0x69, 0x78, 0x3d, 0x22, 0x24,
    0x68, 0x6f, 0x6d, 0x65, 0x2f, 0x64, 0x61, 0x74, 0x61, 0x5f, 0x48, 0x44, 0x2f, 0x6d, 0x69, 0x63,
    0x72, 0x6f, 0x6d, 0x61, 0x6d, 0x62, 0x61, 0x22, 0x0a, 0x20, 0x20, 0x65, 0x6e, 0x76, 0x5f, 0x64,
    0x69, 0x72, 0x3d, 0x22, 0x24, 0x72, 0x6f, 0x6f, 0x74, 0x5f, 0x70, 0x72, 0x65, 0x66, 0x69, 0x78,
    0x2f, 0x65, 0x6e, 0x76, 0x73, 0x2f, 0x4d, 0x65, 0x74, 0x61, 0x43, 0x41, 0x54, 0x22, 0x0a, 0x0a,
    0x20, 0x20, 0x72, 0x65, 0x73, 0x6f, 0x6c, 0x76, 0x65, 0x5f, 0x6d, 0x65, 0x74, 0x61, 0x63, 0x61,
    0x74, 0x5f, 0x6c, 0x61, 0x74, 0x65, 0x73, 0x74, 0x5f, 0x72, 0x65, 0x6c, 0x65, 0x61, 0x73, 0x65,
    0x20, 0x7c, 0x7c, 0x20, 0x72, 0x65, 0x74, 0x75, 0x72, 0x6e, 0x20, 0x31, 0x0a, 0x0a, 0x20, 0x20,
    0x69, 0x66, 0x20, 0x5b, 0x5b, 0x20, 0x21, 0x20, 0x2d, 0x64, 0x20, 0x22, 0x24, 0x65, 0x6e, 0x76,
    0x5f, 0x64, 0x69, 0x72, 0x22, 0x20, 0x5d, 0x5d, 0x3b, 0x20, 0x74, 0x68, 0x65, 0x6e, 0x0a, 0x20,
    0x20, 0x20, 0x20, 0x61, 0x73, 0x5f, 0x6e, 0x61, 0x6d, 0x65, 0x64, 0x5f, 0x75, 0x73, 0x65, 0x72,
    0x20, 0x22, 0x24, 0x75, 0x73, 0x65, 0x72, 0x22, 0x20, 0x65, 0x6e, 0x76, 0x20, 0x4d, 0x41, 0x4d,
    0x42, 0x41, 0x5f, 0x52, 0x4f, 0x4f, 0x54, 0x5f, 0x50, 0x52, 0x45, 0x46, 0x49, 0x58, 0x3d, 0x22,
    0x24, 0x72, 0x6f, 0x6f, 0x74, 0x5f, 0x70, 0x72, 0x65, 0x66, 0x69, 0x78, 0x22, 0x20, 0x22, 0x24,
    0x6d, 0x6d, 0x22, 0x20, 0x63, 0x72, 0x65, 0x61, 0x74, 0x65, 0x20, 0x2d, 0x79, 0x20, 0x2d, 0x6e,
    0x20, 0x4d, 0x65, 0x74, 0x61, 0x43, 0x41, 0x54, 0x20, 0x2d, 0x2d, 0x6f, 0x76, 0x65, 0x72, 0x72,
    0x69, 0x64, 0x65, 0x2d, 0x63, 0x68, 0x61, 0x6e, 0x6e, 0x65, 0x6c, 0x73, 0x20, 0x5c, 0x0a, 0x20,
    0x20, 0x20, 0x20, 0x20, 0x20, 0x2d, 0x63, 0x20, 0x22, 0x24, 0x54, 0x55, 0x4e, 0x41, 0x5f, 0x43,
    0x4f, 0x4e, 0x44, 0x41, 0x5f, 0x46, 0x4f, 0x52, 0x47, 0x45, 0x5f, 0x43, 0x48, 0x41, 0x4e, 0x4e,
    0x45, 0x4c, 0x22, 0x20, 0x5c, 0x0a, 0x20, 0x20, 0x20, 0x20, 0x20, 0x20, 0x2d, 0x63, 0x20, 0x22,
    0x24, 0x54, 0x55, 0x4e, 0x41, 0x5f, 0x4d, 0x41, 0x49, 0x4e, 0x5f, 0x43, 0x48, 0x41, 0x4e, 0x4e,
    0x45, 0x4c, 0x22, 0x20, 0x5c, 0x0a, 0x20, 0x20, 0x20, 0x20, 0x20, 0x20, 0x70, 0x79, 0x74, 0x68,
    0x6f, 0x6e, 0x3d, 0x33, 0x2e, 0x31, 0x32, 0x20, 0x70, 0x69, 0x70, 0x0a, 0x20, 0x20, 0x65, 0x6c,
    0x73, 0x65, 0x0a, 0x20, 0x20, 0x20, 0x20, 0x69, 0x6e, 0x66, 0x6f, 0x20, 0x22, 0xe7, 0x94, 0xa8,
    0xe6, 0x88, 0xb7, 0x20, 0x24, 0x75, 0x73, 0x65, 0x72, 0x20, 0xe7, 0x9a, 0x84, 0x20, 0x4d, 0x65,
    0x74, 0x61, 0x43, 0x41, 0x54, 0x20, 0xe7, 0x8e, 0xaf, 0xe5, 0xa2, 0x83, 0xe5, 0xb7, 0xb2, 0xe5,
    0xad, 0x98, 0xe5, 0x9c, 0xa8, 0xef, 0xbc, 0x8c, 0xe5, 0xb0, 0x86, 0xe5, 0x8d, 0x87, 0xe7, 0xba,
    0xa7, 0xe5, 0x88, 0xb0, 0xe5, 0xae, 0x98, 0xe6, 0x96, 0xb9, 0xe6, 0x9c, 0x80, 0xe6, 0x96, 0xb0,
    0x20, 0x52, 0x65, 0x6c, 0x65, 0x61, 0x73, 0x65, 0xe3, 0x80, 0x82, 0x22, 0x0a, 0x20, 0x20, 0x66,
    0x69, 0x0a, 0x0a, 0x20, 0x20, 0x61, 0x73, 0x5f, 0x6e, 0x61, 0x6d, 0x65, 0x64, 0x5f, 0x75, 0x73,
    0x65, 0x72, 0x20, 0x22, 0x24, 0x75, 0x73, 0x65, 0x72, 0x22, 0x20, 0x65, 0x6e, 0x76, 0x20, 0x4d,
    0x41, 0x4d, 0x42, 0x41, 0x5f, 0x52, 0x4f, 0x4f, 0x54, 0x5f, 0x50, 0x52, 0x45, 0x46, 0x49, 0x58,
    0x3d, 0x22, 0x24, 0x72, 0x6f, 0x6f, 0x74, 0x5f, 0x70, 0x72, 0x65, 0x66, 0x69, 0x78, 0x22, 0x20,
    0x22, 0x24, 0x6d, 0x6d, 0x22, 0x20, 0x72, 0x75, 0x6e, 0x20, 0x2d, 0x6e, 0x20, 0x4d, 0x65, 0x74,
    0x61, 0x43, 0x41, 0x54, 0x20, 0x5c, 0x0a, 0x20, 0x20, 0x20, 0x20, 0x70, 0x79, 0x74, 0x68, 0x6f,
    0x6e, 0x20, 0x2d, 0x6d, 0x20, 0x70, 0x69, 0x70, 0x20, 0x69, 0x6e, 0x73, 0x74, 0x61, 0x6c, 0x6c,
    0x20, 0x2d, 0x2d, 0x75, 0x70, 0x67, 0x72, 0x61, 0x64, 0x65, 0x20, 0x22, 0x24, 0x4d, 0x45, 0x54,
    0x41, 0x43, 0x41, 0x54, 0x5f, 0x4c, 0x41, 0x54, 0x45, 0x53, 0x54, 0x5f, 0x57, 0x48, 0x45, 0x45,
    0x4c, 0x22, 0x0a, 0x0a, 0x20, 0x20, 0x69, 0x66, 0x20, 0x28, 0x28, 0x20, 0x44, 0x52, 0x59, 0x5f,
    0x52, 0x55, 0x4e, 0x20, 0x3d, 0x3d, 0x20, 0x30, 0x20, 0x29, 0x29, 0x3b, 0x20, 0x74, 0x68, 0x65,
    0x6e, 0x0a, 0x20, 0x20, 0x20, 0x20, 0x61, 0x73, 0x5f, 0x6e, 0x61, 0x6d, 0x65, 0x64, 0x5f, 0x75,
    0x73, 0x65, 0x72, 0x20, 0x22, 0x24, 0x75, 0x73, 0x65, 0x72, 0x22, 0x20, 0x65, 0x6e, 0x76, 0x20,
    0x4d, 0x41, 0x4d, 0x42, 0x41, 0x5f, 0x52, 0x4f, 0x4f, 0x54, 0x5f, 0x50, 0x52, 0x45, 0x46, 0x49,
    0x58, 0x3d, 0x22, 0x24, 0x72, 0x6f, 0x6f, 0x74, 0x5f, 0x70, 0x72, 0x65, 0x66, 0x69, 0x78, 0x22,
    0x20, 0x22, 0x24, 0x6d, 0x6d, 0x22, 0x20, 0x72, 0x75, 0x6e, 0x20, 0x2d, 0x6e, 0x20, 0x4d, 0x65,
    0x74, 0x61, 0x43, 0x41, 0x54, 0x20, 0x4d, 0x65, 0x74, 0x61, 0x43, 0x41, 0x54, 0x20, 0x2d, 0x2d,
    0x68, 0x65, 0x6c, 0x70, 0x20, 0x3e, 0x2f, 0x64, 0x65, 0x76, 0x2f, 0x6e, 0x75, 0x6c, 0x6c, 0x20,
    0x32, 0x3e, 0x26, 0x31, 0x20, 0x7c, 0x7c, 0x20, 0x7b, 0x0a, 0x20, 0x20, 0x20, 0x20, 0x20, 0x20,
    0x77, 0x61, 0x72, 0x6e, 0x20, 0x22, 0x4d, 0x65, 0x74, 0x61, 0x43, 0x41, 0x54, 0x20, 0xe5, 0xae,
    0x89, 0xe8, 0xa3, 0x85, 0xe5, 0x90, 0x8e, 0xe9, 0xaa, 0x8c, 0xe8, 0xaf, 0x81, 0xe5, 0xa4, 0xb1,
    0xe8, 0xb4, 0xa5, 0xe3, 0x80, 0x82, 0x22, 0x0a, 0x20, 0x20, 0x20, 0x20, 0x20, 0x20, 0x72, 0x65,
    0x74, 0x75, 0x72, 0x6e, 0x20, 0x31, 0x0a, 0x20, 0x20, 0x20, 0x20, 0x7d, 0x0a, 0x20, 0x20, 0x20,
    0x20, 0x6c, 0x6f, 0x63, 0x61, 0x6c, 0x20, 0x69, 0x6e, 0x73, 0x74, 0x61, 0x6c, 0x6c, 0x65, 0x64,
    0x5f, 0x76, 0x65, 0x72, 0x73, 0x69, 0x6f, 0x6e, 0x0a, 0x20, 0x20, 0x20, 0x20, 0x69, 0x6e, 0x73,
    0x74, 0x61, 0x6c, 0x6c, 0x65, 0x64, 0x5f, 0x76, 0x65, 0x72, 0x73, 0x69, 0x6f, 0x6e, 0x3d, 0x22,
    0x24, 0x28, 0x61, 0x73, 0x5f, 0x6e, 0x61, 0x6d, 0x65, 0x64, 0x5f, 0x75, 0x73, 0x65, 0x72, 0x20,
    0x22, 0x24, 0x75, 0x73, 0x65, 0x72, 0x22, 0x20, 0x65, 0x6e, 0x76, 0x20, 0x4d, 0x41, 0x4d, 0x42,
    0x41, 0x5f, 0x52, 0x4f, 0x4f, 0x54, 0x5f, 0x50, 0x52, 0x45, 0x46, 0x49, 0x58, 0x3d, 0x22, 0x24,
    0x72, 0x6f, 0x6f, 0x74, 0x5f, 0x70, 0x72, 0x65, 0x66, 0x69, 0x78, 0x22, 0x20, 0x22, 0x24, 0x6d,
    0x6d, 0x22, 0x20, 0x72, 0x75, 0x6e, 0x20, 0x2d, 0x6e, 0x20, 0x4d, 0x65, 0x74, 0x61, 0x43, 0x41,
    0x54, 0x20, 0x70, 0x79, 0x74, 0x68, 0x6f, 0x6e, 0x20, 0x2d, 0x6d, 0x20, 0x70, 0x69, 0x70, 0x20,
    0x73, 0x68, 0x6f, 0x77, 0x20, 0x6d, 0x65, 0x74, 0x61, 0x63, 0x61, 0x74, 0x20, 0x32, 0x3e, 0x2f,
    0x64, 0x65, 0x76, 0x2f, 0x6e, 0x75, 0x6c, 0x6c, 0x20, 0x7c, 0x20, 0x61, 0x77, 0x6b, 0x20, 0x27,
    0x2f, 0x5e, 0x56, 0x65, 0x72, 0x73, 0x69, 0x6f, 0x6e, 0x3a, 0x2f, 0x20, 0x7b, 0x76, 0x61, 0x6c,
    0x75, 0x65, 0x3d, 0x24, 0x32, 0x7d, 0x20, 0x45, 0x4e, 0x44, 0x20, 0x7b, 0x70, 0x72, 0x69, 0x6e,
    0x74, 0x20, 0x76, 0x61, 0x6c, 0x75, 0x65, 0x7d, 0x27, 0x29, 0x22, 0x0a, 0x20, 0x20, 0x20, 0x20,
    0x5b, 0x5b, 0x20, 0x22, 0x24, 0x69, 0x6e, 0x73, 0x74, 0x61, 0x6c, 0x6c, 0x65, 0x64, 0x5f, 0x76,
    0x65, 0x72, 0x73, 0x69, 0x6f, 0x6e, 0x22, 0x20, 0x3d, 0x3d, 0x20, 0x22, 0x24, 0x4d, 0x45, 0x54,
    0x41, 0x43, 0x41, 0x54, 0x5f, 0x4c, 0x41, 0x54, 0x45, 0x53, 0x54, 0x5f, 0x56, 0x45, 0x52, 0x53,
    0x49, 0x4f, 0x4e, 0x22, 0x20, 0x5d, 0x5d, 0x20, 0x7c, 0x7c, 0x20, 0x7b, 0x0a, 0x20, 0x20, 0x20,
    0x20, 0x20, 0x20, 0x77, 0x61, 0x72, 0x6e, 0x20, 0x22, 0x4d, 0x65, 0x74, 0x61, 0x43, 0x41, 0x54,
    0x20, 0xe7, 0x89, 0x88, 0xe6, 0x9c, 0xac, 0xe6, 0xa0, 0xa1, 0xe9, 0xaa, 0x8c, 0xe5, 0xa4, 0xb1,
    0xe8, 0xb4, 0xa5, 0xef, 0xbc, 0x9a, 0xe6, 0x9c, 0x9f, 0xe6, 0x9c, 0x9b, 0x3d, 0x24, 0x4d, 0x45,
    0x54, 0x41, 0x43, 0x41, 0x54, 0x5f, 0x4c, 0x41, 0x54, 0x45, 0x53, 0x54, 0x5f, 0x56, 0x45, 0x52,
    0x53, 0x49, 0x4f, 0x4e, 0x20, 0xe5, 0xae, 0x9e, 0xe9, 0x99, 0x85, 0x3d, 0x24, 0x7b, 0x69, 0x6e,
    0x73, 0x74, 0x61, 0x6c, 0x6c, 0x65, 0x64, 0x5f, 0x76, 0x65, 0x72, 0x73, 0x69, 0x6f, 0x6e, 0x3a,
    0x2d, 0x75, 0x6e, 0x6b, 0x6e, 0x6f, 0x77, 0x6e, 0x7d, 0x22, 0x0a, 0x20, 0x20, 0x20, 0x20, 0x20,
    0x20, 0x72, 0x65, 0x74, 0x75, 0x72, 0x6e, 0x20, 0x31, 0x0a, 0x20, 0x20, 0x20, 0x20, 0x7d, 0x0a,
    0x20, 0x20, 0x66, 0x69, 0x0a, 0x0a, 0x20, 0x20, 0x6c, 0x6f, 0x67, 0x20, 0x22, 0x4d, 0x65, 0x74,
    0x61, 0x43, 0x41, 0x54, 0x20, 0xe5, 0xae, 0x89, 0xe8, 0xa3, 0x85, 0xe5, 0xae, 0x8c, 0xe6, 0x88,
    0x90, 0x3a, 0x20, 0x75, 0x73, 0x65, 0x72, 0x3d, 0x24, 0x75, 0x73, 0x65, 0x72, 0x20, 0x76, 0x65,
    0x72, 0x73, 0x69, 0x6f, 0x6e, 0x3d, 0x24, 0x4d, 0x45, 0x54, 0x41, 0x43, 0x41, 0x54, 0x5f, 0x4c,
    0x41, 0x54, 0x45, 0x53, 0x54, 0x5f, 0x56, 0x45, 0x52, 0x53, 0x49, 0x4f, 0x4e, 0x20, 0x65, 0x6e,
    0x76, 0x3d, 0x4d, 0x65, 0x74, 0x61, 0x43, 0x41, 0x54, 0x22, 0x0a, 0x20, 0x20, 0x69, 0x6e, 0x66,
    0x6f, 0x20, 0x22, 0xe7, 0x94, 0xa8, 0xe6, 0x88, 0xb7, 0xe7, 0x99, 0xbb, 0xe5, 0xbd, 0x95, 0xe5,
    0x90, 0x8e, 0xe5, 0x8f, 0xaf, 0xe4, 0xbd, 0xbf, 0xe7, 0x94, 0xa8, 0x3a, 0x20, 0x6d, 0x69, 0x63,
    0x72, 0x6f, 0x6d, 0x61, 0x6d, 0x62, 0x61, 0x20, 0x61, 0x63, 0x74, 0x69, 0x76, 0x61, 0x74, 0x65,
    0x20, 0x4d, 0x65, 0x74, 0x61, 0x43, 0x41, 0x54, 0x22, 0x0a, 0x7d, 0x0a, 0x0a, 0x63, 0x72, 0x65,
    0x61, 0x74, 0x65, 0x5f, 0x6d, 0x65, 0x74, 0x61, 0x63, 0x61, 0x74, 0x5f, 0x66, 0x6f, 0x72, 0x5f,
    0x6c, 0x6f, 0x67, 0x69, 0x6e, 0x5f, 0x75, 0x73, 0x65, 0x72, 0x28, 0x29, 0x20, 0x7b, 0x0a, 0x20,
    0x20, 0x6c, 0x6f, 0x63, 0x61, 0x6c, 0x20, 0x6d, 0x61, 0x6e, 0x61, 0x67, 0x65, 0x72, 0x5f, 0x74,
    0x79, 0x70, 0x65, 0x3d, 0x22, 0x24, 0x31, 0x22, 0x20, 0x6d, 0x61, 0x6e, 0x61, 0x67, 0x65, 0x72,
    0x5f, 0x62, 0x69, 0x6e, 0x3d, 0x22, 0x24, 0x32, 0x22, 0x20, 0x68, 0x6f, 0x6d, 0x65, 0x3d, 0x22,
    0x24, 0x33, 0x22, 0x20, 0x72, 0x6f, 0x6f, 0x74, 0x5f, 0x70, 0x72, 0x65, 0x66, 0x69, 0x78, 0x3d,
    0x22, 0x24, 0x34, 0x22, 0x20, 0x62, 0x61, 0x73, 0x65, 0x5f, 0x70, 0x72, 0x65, 0x66, 0x69, 0x78,
    0x3d, 0x22, 0x24, 0x35, 0x22, 0x0a, 0x20, 0x20, 0x6c, 0x6f, 0x63, 0x61, 0x6c, 0x20, 0x65, 0x6e,
    0x76, 0x5f, 0x65, 0x78, 0x69, 0x73, 0x74, 0x73, 0x3d, 0x30, 0x20, 0x69, 0x6e, 0x73, 0x74, 0x61,
    0x6c, 0x6c, 0x65, 0x64, 0x5f, 0x76, 0x65, 0x72, 0x73, 0x69, 0x6f, 0x6e, 0x3d, 0x22, 0x22, 0x0a,
    0x0a, 0x20, 0x20, 0x72, 0x65, 0x73, 0x6f, 0x6c, 0x76, 0x65, 0x5f, 0x6d, 0x65, 0x74, 0x61, 0x63,
    0x61, 0x74, 0x5f, 0x6c, 0x61, 0x74, 0x65, 0x73, 0x74, 0x5f, 0x72, 0x65, 0x6c, 0x65, 0x61, 0x73,
    0x65, 0x20, 0x7c, 0x7c, 0x20, 0x72, 0x65, 0x74, 0x75, 0x72, 0x6e, 0x20, 0x31, 0x0a, 0x0a, 0x20,
    0x20, 0x69, 0x66, 0x20, 0x5b, 0x5b, 0x20, 0x22, 0x24, 0x6d, 0x61, 0x6e, 0x61, 0x67, 0x65, 0x72,
    0x5f, 0x74, 0x79, 0x70, 0x65, 0x22, 0x20, 0x3d, 0x3d, 0x20, 0x22, 0x6d, 0x69, 0x63, 0x72, 0x6f,
    0x6d, 0x61, 0x6d, 0x62, 0x61, 0x22, 0x20, 0x5d, 0x5d, 0x3b, 0x20, 0x74, 0x68, 0x65, 0x6e, 0x0a,
    0x20, 0x20, 0x20, 0x20, 0x5b, 0x5b, 0x20, 0x2d, 0x64, 0x20, 0x22, 0x24, 0x72, 0x6f, 0x6f, 0x74,
    0x5f, 0x70, 0x72, 0x65, 0x66, 0x69, 0x78, 0x2f, 0x65, 0x6e, 0x76, 0x73, 0x2f, 0x4d, 0x65, 0x74,
    0x61, 0x43, 0x41, 0x54, 0x22, 0x20, 0x5d, 0x5d, 0x20, 0x26, 0x26, 0x20, 0x65, 0x6e, 0x76, 0x5f,
    0x65, 0x78, 0x69, 0x73, 0x74, 0x73, 0x3d, 0x31, 0x0a, 0x20, 0x20, 0x20, 0x20, 0x69, 0x66, 0x20,
    0x28, 0x28, 0x20, 0x21, 0x20, 0x65, 0x6e, 0x76, 0x5f, 0x65, 0x78, 0x69, 0x73, 0x74, 0x73, 0x20,
    0x29, 0x29, 0x3b, 0x20, 0x74, 0x68, 0x65, 0x6e, 0x0a, 0x20, 0x20, 0x20, 0x20, 0x20, 0x20, 0x61,
    0x73, 0x5f, 0x6c, 0x6f, 0x67, 0x69, 0x6e, 0x5f, 0x75, 0x73, 0x65, 0x72, 0x20, 0x65, 0x6e, 0x76,
    0x20, 0x4d, 0x41, 0x4d, 0x42, 0x41, 0x5f, 0x52, 0x4f, 0x4f, 0x54, 0x5f, 0x50, 0x52, 0x45, 0x46,
    0x49, 0x58, 0x3d, 0x22, 0x24, 0x72, 0x6f, 0x6f, 0x74, 0x5f, 0x70, 0x72, 0x65, 0x66, 0x69, 0x78,
    0x22, 0x20, 0x22, 0x24, 0x6d, 0x61, 0x6e, 0x61, 0x67, 0x65, 0x72, 0x5f, 0x62, 0x69, 0x6e, 0x22,
    0x20, 0x63, 0x72, 0x65, 0x61, 0x74, 0x65, 0x20, 0x2d, 0x79, 0x20, 0x2d, 0x6e, 0x20, 0x4d, 0x65,
    0x74, 0x61, 0x43, 0x41, 0x54, 0x20, 0x2d, 0x2d, 0x6f, 0x76, 0x65, 0x72, 0x72, 0x69, 0x64, 0x65,
    0x2d, 0x63, 0x68, 0x61, 0x6e, 0x6e, 0x65, 0x6c, 0x73, 0x20, 0x5c, 0x0a, 0x20, 0x20, 0x20, 0x20,
    0x20, 0x20, 0x20, 0x20, 0x2d, 0x63, 0x20, 0x22, 0x24, 0x54, 0x55, 0x4e, 0x41, 0x5f, 0x43, 0x4f,
    0x4e, 0x44, 0x41, 0x5f, 0x46, 0x4f, 0x52, 0x47, 0x45, 0x5f, 0x43, 0x48, 0x41, 0x4e, 0x4e, 0x45,
    0x4c, 0x22, 0x20, 0x5c, 0x0a, 0x20, 0x20, 0x20, 0x20, 0x20, 0x20, 0x20, 0x20, 0x2d, 0x63, 0x20,
    0x22, 0x24, 0x54, 0x55, 0x4e, 0x41, 0x5f, 0x4d, 0x41, 0x49, 0x4e, 0x5f, 0x43, 0x48, 0x41, 0x4e,
    0x4e, 0x45, 0x4c, 0x22, 0x20, 0x5c, 0x0a, 0x20, 0x20, 0x20, 0x20, 0x20, 0x20, 0x20, 0x20, 0x70,
    0x79, 0x74, 0x68, 0x6f, 0x6e, 0x3d, 0x33, 0x2e, 0x31, 0x32, 0x20, 0x70, 0x69, 0x70, 0x0a, 0x20,
    0x20, 0x20, 0x20, 0x66, 0x69, 0x0a, 0x20, 0x20, 0x20, 0x20, 0x61, 0x73, 0x5f, 0x6c, 0x6f, 0x67,
    0x69, 0x6e, 0x5f, 0x75, 0x73, 0x65, 0x72, 0x20, 0x65, 0x6e, 0x76, 0x20, 0x4d, 0x41, 0x4d, 0x42,
    0x41, 0x5f, 0x52, 0x4f, 0x4f, 0x54, 0x5f, 0x50, 0x52, 0x45, 0x46, 0x49, 0x58, 0x3d, 0x22, 0x24,
    0x72, 0x6f, 0x6f, 0x74, 0x5f, 0x70, 0x72, 0x65, 0x66, 0x69, 0x78, 0x22, 0x20, 0x22, 0x24, 0x6d,
    0x61, 0x6e, 0x61, 0x67, 0x65, 0x72, 0x5f, 0x62, 0x69, 0x6e, 0x22, 0x20, 0x72, 0x75, 0x6e, 0x20,
    0x2d, 0x6e, 0x20, 0x4d, 0x65, 0x74, 0x61, 0x43, 0x41, 0x54, 0x20, 0x5c, 0x0a, 0x20, 0x20, 0x20,
    0x20, 0x20, 0x20, 0x70, 0x79, 0x74, 0x68, 0x6f, 0x6e, 0x20, 0x2d, 0x6d, 0x20, 0x70, 0x69, 0x70,
    0x20, 0x69, 0x6e, 0x73, 0x74, 0x61, 0x6c, 0x6c, 0x20, 0x2d, 0x2d, 0x75, 0x70, 0x67, 0x72, 0x61,
    0x64, 0x65, 0x20, 0x22, 0x24, 0x4d, 0x45, 0x54, 0x41, 0x43, 0x41, 0x54, 0x5f, 0x4c, 0x41, 0x54,
    0x45, 0x53, 0x54, 0x5f, 0x57, 0x48, 0x45, 0x45, 0x4c, 0x22, 0x0a, 0x20, 0x20, 0x20, 0x20, 0x69,
    0x66, 0x20, 0x28, 0x28, 0x20, 0x44, 0x52, 0x59, 0x5f, 0x52, 0x55, 0x4e, 0x20, 0x3d, 0x3d, 0x20,
    0x30, 0x20, 0x29, 0x29, 0x3b, 0x20, 0x74, 0x68, 0x65, 0x6e, 0x0a, 0x20, 0x20, 0x20, 0x20, 0x20,
    0x20, 0x61, 0x73, 0x5f, 0x6c, 0x6f, 0x67, 0x69, 0x6e, 0x5f, 0x75, 0x73, 0x65, 0x72, 0x20, 0x65,
    0x6e, 0x76, 0x20, 0x4d, 0x41, 0x4d, 0x42, 0x41, 0x5f, 0x52, 0x4f, 0x4f, 0x54, 0x5f, 0x50, 0x52,
    0x45, 0x46, 0x49, 0x58, 0x3d, 0x22, 0x24, 0x72, 0x6f, 0x6f, 0x74, 0x5f, 0x70, 0x72, 0x65, 0x66,
    0x69, 0x78, 0x22, 0x20, 0x22, 0x24, 0x6d, 0x61, 0x6e, 0x61, 0x67, 0x65, 0x72, 0x5f, 0x62, 0x69,
    0x6e, 0x22, 0x20, 0x72, 0x75, 0x6e, 0x20, 0x2d, 0x6e, 0x20, 0x4d, 0x65, 0x74, 0x61, 0x43, 0x41,
    0x54, 0x20, 0x4d, 0x65, 0x74, 0x61, 0x43, 0x41, 0x54, 0x20, 0x2d, 0x2d, 0x68, 0x65, 0x6c, 0x70,
    0x20, 0x3e, 0x2f, 0x64, 0x65, 0x76, 0x2f, 0x6e, 0x75, 0x6c, 0x6c, 0x20, 0x32, 0x3e, 0x26, 0x31,
    0x20, 0x7c, 0x7c, 0x20, 0x72, 0x65, 0x74, 0x75, 0x72, 0x6e, 0x20, 0x31, 0x0a, 0x20, 0x20, 0x20,
    0x20, 0x20, 0x20, 0x69, 0x6e, 0x73, 0x74, 0x61, 0x6c, 0x6c, 0x65, 0x64, 0x5f, 0x76, 0x65, 0x72,
    0x73, 0x69, 0x6f, 0x6e, 0x3d, 0x22, 0x24, 0x28, 0x61, 0x73, 0x5f, 0x6c, 0x6f, 0x67, 0x69, 0x6e,
    0x5f, 0x75, 0x73, 0x65, 0x72, 0x20, 0x65, 0x6e, 0x76, 0x20, 0x4d, 0x41, 0x4d, 0x42, 0x41, 0x5f,
    0x52, 0x4f, 0x4f, 0x54, 0x5f, 0x50, 0x52, 0x45, 0x46, 0x49, 0x58, 0x3d, 0x22, 0x24, 0x72, 0x6f,
    0x6f, 0x74, 0x5f, 0x70, 0x72, 0x65, 0x66, 0x69, 0x78, 0x22, 0x20, 0x22, 0x24, 0x6d, 0x61, 0x6e,
    0x61, 0x67, 0x65, 0x72, 0x5f, 0x62, 0x69, 0x6e, 0x22, 0x20, 0x72, 0x75, 0x6e, 0x20, 0x2d, 0x6e,
    0x20, 0x4d, 0x65, 0x74, 0x61, 0x43, 0x41, 0x54, 0x20, 0x70, 0x79, 0x74, 0x68, 0x6f, 0x6e, 0x20,
    0x2d, 0x6d, 0x20, 0x70, 0x69, 0x70, 0x20, 0x73, 0x68, 0x6f, 0x77, 0x20, 0x6d, 0x65, 0x74, 0x61,
    0x63, 0x61, 0x74, 0x20, 0x32, 0x3e, 0x2f, 0x64, 0x65, 0x76, 0x2f, 0x6e, 0x75, 0x6c, 0x6c, 0x20,
    0x7c, 0x20, 0x61, 0x77, 0x6b, 0x20, 0x27, 0x2f, 0x5e, 0x56, 0x65, 0x72, 0x73, 0x69, 0x6f, 0x6e,
    0x3a, 0x2f, 0x20, 0x7b, 0x76, 0x61, 0x6c, 0x75, 0x65, 0x3d, 0x24, 0x32, 0x7d, 0x20, 0x45, 0x4e,
    0x44, 0x20, 0x7b, 0x70, 0x72, 0x69, 0x6e, 0x74, 0x20, 0x76, 0x61, 0x6c, 0x75, 0x65, 0x7d, 0x27,
    0x29, 0x22, 0x0a, 0x20, 0x20, 0x20, 0x20, 0x66, 0x69, 0x0a, 0x20, 0x20, 0x65, 0x6c, 0x73, 0x65,
    0x0a, 0x20, 0x20, 0x20, 0x20, 0x5b, 0x5b, 0x20, 0x2d, 0x64, 0x20, 0x22, 0x24, 0x62, 0x61, 0x73,
    0x65, 0x5f, 0x70, 0x72, 0x65, 0x66, 0x69, 0x78, 0x2f, 0x65, 0x6e, 0x76, 0x73, 0x2f, 0x4d, 0x65,
    0x74, 0x61, 0x43, 0x41, 0x54, 0x22, 0x20, 0x7c, 0x7c, 0x20, 0x2d, 0x64, 0x20, 0x22, 0x24, 0x68,
    0x6f, 0x6d, 0x65, 0x2f, 0x2e, 0x63, 0x6f, 0x6e, 0x64, 0x61, 0x2f, 0x65, 0x6e, 0x76, 0x73, 0x2f,
    0x4d, 0x65, 0x74, 0x61, 0x43, 0x41, 0x54, 0x22, 0x20, 0x5d, 0x5d, 0x20, 0x26, 0x26, 0x20, 0x65,
    0x6e, 0x76, 0x5f, 0x65, 0x78, 0x69, 0x73, 0x74, 0x73, 0x3d, 0x31, 0x0a, 0x20, 0x20, 0x20, 0x20,
    0x69, 0x66, 0x20, 0x28, 0x28, 0x20, 0x21, 0x20, 0x65, 0x6e, 0x76, 0x5f, 0x65, 0x78, 0x69, 0x73,
    0x74, 0x73, 0x20, 0x29, 0x29, 0x3b, 0x20, 0x74, 0x68, 0x65, 0x6e, 0x0a, 0x20, 0x20, 0x20, 0x20,
    0x20, 0x20, 0x61, 0x73, 0x5f, 0x6c, 0x6f, 0x67, 0x69, 0x6e, 0x5f, 0x75, 0x73, 0x65, 0x72, 0x20,
    0x22, 0x24, 0x6d, 0x61, 0x6e, 0x61, 0x67, 0x65, 0x72, 0x5f, 0x62, 0x69, 0x6e, 0x22, 0x20, 0x63,
    0x72, 0x65, 0x61, 0x74, 0x65, 0x20, 0x2d, 0x79, 0x20, 0x2d, 0x6e, 0x20, 0x4d, 0x65, 0x74, 0x61,
    0x43, 0x41, 0x54, 0x20, 0x2d, 0x2d, 0x6f, 0x76, 0x65, 0x72, 0x72, 0x69, 0x64, 0x65, 0x2d, 0x63,
    0x68, 0x61, 0x6e, 0x6e, 0x65, 0x6c, 0x73, 0x20, 0x5c, 0x0a, 0x20, 0x20, 0x20, 0x20, 0x20, 0x20,
    0x20, 0x20, 0x2d, 0x63, 0x20, 0x22, 0x24, 0x54, 0x55, 0x4e, 0x41, 0x5f, 0x43, 0x4f, 0x4e, 0x44,
    0x41, 0x5f, 0x46, 0x4f, 0x52, 0x47, 0x45, 0x5f, 0x43, 0x48, 0x41, 0x4e, 0x4e, 0x45, 0x4c, 0x22,
    0x20, 0x5c, 0x0a, 0x20, 0x20, 0x20, 0x20, 0x20, 0x20, 0x20, 0x20, 0x2d, 0x63, 0x20, 0x22, 0x24,
    0x54, 0x55, 0x4e, 0x41, 0x5f, 0x4d, 0x41, 0x49, 0x4e, 0x5f, 0x43, 0x48, 0x41, 0x4e, 0x4e, 0x45,
    0x4c, 0x22, 0x20, 0x5c, 0x0a, 0x20, 0x20, 0x20, 0x20, 0x20, 0x20, 0x20, 0x20, 0x70, 0x79, 0x74,
    0x68, 0x6f, 0x6e, 0x3d, 0x33, 0x2e, 0x31, 0x32, 0x20, 0x70, 0x69, 0x70, 0x0a, 0x20, 0x20, 0x20,
    0x20, 0x66, 0x69, 0x0a, 0x20, 0x20, 0x20, 0x20, 0x61, 0x73, 0x5f, 0x6c, 0x6f, 0x67, 0x69, 0x6e,
    0x5f, 0x75, 0x73, 0x65, 0x72, 0x20, 0x22, 0x24, 0x6d, 0x61, 0x6e, 0x61, 0x67, 0x65, 0x72, 0x5f,
    0x62, 0x69, 0x6e, 0x22, 0x20, 0x72, 0x75, 0x6e, 0x20, 0x2d, 0x6e, 0x20, 0x4d, 0x65, 0x74, 0x61,
    0x43, 0x41, 0x54, 0x20, 0x70, 0x79, 0x74, 0x68, 0x6f, 0x6e, 0x20, 0x2d, 0x6d, 0x20, 0x70, 0x69,
    0x70, 0x20, 0x69, 0x6e, 0x73, 0x74, 0x61, 0x6c, 0x6c, 0x20, 0x2d, 0x2d, 0x75, 0x70, 0x67, 0x72,
    0x61, 0x64, 0x65, 0x20, 0x22, 0x24, 0x4d, 0x45, 0x54, 0x41, 0x43, 0x41, 0x54, 0x5f, 0x4c, 0x41,
    0x54, 0x45, 0x53, 0x54, 0x5f, 0x57, 0x48, 0x45, 0x45, 0x4c, 0x22, 0x0a, 0x20, 0x20, 0x20, 0x20,
    0x69, 0x66, 0x20, 0x28, 0x28, 0x20, 0x44, 0x52, 0x59, 0x5f, 0x52, 0x55, 0x4e, 0x20, 0x3d, 0x3d,
    0x20, 0x30, 0x20, 0x29, 0x29, 0x3b, 0x20, 0x74, 0x68, 0x65, 0x6e, 0x0a, 0x20, 0x20, 0x20, 0x20,
    0x20, 0x20, 0x61, 0x73, 0x5f, 0x6c, 0x6f, 0x67, 0x69, 0x6e, 0x5f, 0x75, 0x73, 0x65, 0x72, 0x20,
    0x22, 0x24, 0x6d, 0x61, 0x6e, 0x61, 0x67, 0x65, 0x72, 0x5f, 0x62, 0x69, 0x6e, 0x22, 0x20, 0x72,
    0x75, 0x6e, 0x20, 0x2d, 0x6e, 0x20, 0x4d, 0x65, 0x74, 0x61, 0x43, 0x41, 0x54, 0x20, 0x4d, 0x65,
    0x74, 0x61, 0x43, 0x41, 0x54, 0x20, 0x2d, 0x2d, 0x68, 0x65, 0x6c, 0x70, 0x20, 0x3e, 0x2f, 0x64,
    0x65, 0x76, 0x2f, 0x6e, 0x75, 0x6c, 0x6c, 0x20, 0x32, 0x3e, 0x26, 0x31, 0x20, 0x7c, 0x7c, 0x20,
    0x72, 0x65, 0x74, 0x75, 0x72, 0x6e, 0x20, 0x31, 0x0a, 0x20, 0x20, 0x20, 0x20, 0x20, 0x20, 0x69,
    0x6e, 0x73, 0x74, 0x61, 0x6c, 0x6c, 0x65, 0x64, 0x5f, 0x76, 0x65, 0x72, 0x73, 0x69, 0x6f, 0x6e,
    0x3d, 0x22, 0x24, 0x28, 0x61, 0x73, 0x5f, 0x6c, 0x6f, 0x67, 0x69, 0x6e, 0x5f, 0x75, 0x73, 0x65,
    0x72, 0x20, 0x22, 0x24, 0x6d, 0x61, 0x6e, 0x61, 0x67, 0x65, 0x72, 0x5f, 0x62, 0x69, 0x6e, 0x22,
    0x20, 0x72, 0x75, 0x6e, 0x20, 0x2d, 0x6e, 0x20, 0x4d, 0x65, 0x74, 0x61, 0x43, 0x41, 0x54, 0x20,
    0x70, 0x79, 0x74, 0x68, 0x6f, 0x6e, 0x20, 0x2d, 0x6d, 0x20, 0x70, 0x69, 0x70, 0x20, 0x73, 0x68,
    0x6f, 0x77, 0x20, 0x6d, 0x65, 0x74, 0x61, 0x63, 0x61, 0x74, 0x20, 0x32, 0x3e, 0x2f, 0x64, 0x65,
    0x76, 0x2f, 0x6e, 0x75, 0x6c, 0x6c, 0x20, 0x7c, 0x20, 0x61, 0x77, 0x6b, 0x20, 0x27, 0x2f, 0x5e,
    0x56, 0x65, 0x72, 0x73, 0x69, 0x6f, 0x6e, 0x3a, 0x2f, 0x20, 0x7b, 0x76, 0x61, 0x6c, 0x75, 0x65,
    0x3d, 0x24, 0x32, 0x7d, 0x20, 0x45, 0x4e, 0x44, 0x20, 0x7b, 0x70, 0x72, 0x69, 0x6e, 0x74, 0x20,
    0x76, 0x61, 0x6c, 0x75, 0x65, 0x7d, 0x27, 0x29, 0x22, 0x0a, 0x20, 0x20, 0x20, 0x20, 0x66, 0x69,
    0x0a, 0x20, 0x20, 0x66, 0x69, 0x0a, 0x0a, 0x20, 0x20, 0x69, 0x66, 0x20, 0x28, 0x28, 0x20, 0x44,
    0x52, 0x59, 0x5f, 0x52, 0x55, 0x4e, 0x20, 0x3d, 0x3d, 0x20, 0x30, 0x20, 0x29, 0x29, 0x20, 0x26,
    0x26, 0x20, 0x5b, 0x5b, 0x20, 0x22, 0x24, 0x69, 0x6e, 0x73, 0x74, 0x61, 0x6c, 0x6c, 0x65, 0x64,
    0x5f, 0x76, 0x65, 0x72, 0x73, 0x69, 0x6f, 0x6e, 0x22, 0x20, 0x21, 0x3d, 0x20, 0x22, 0x24, 0x4d,
    0x45, 0x54, 0x41, 0x43, 0x41, 0x54, 0x5f, 0x4c, 0x41, 0x54, 0x45, 0x53, 0x54, 0x5f, 0x56, 0x45,
    0x52, 0x53, 0x49, 0x4f, 0x4e, 0x22, 0x20, 0x5d, 0x5d, 0x3b, 0x20, 0x74, 0x68, 0x65, 0x6e, 0x0a,
    0x20, 0x20, 0x20, 0x20, 0x77, 0x61, 0x72, 0x6e, 0x20, 0x22, 0x4d, 0x65, 0x74, 0x61, 0x43, 0x41,
    0x54, 0x20, 0xe7, 0x89, 0x88, 0xe6, 0x9c, 0xac, 0xe6, 0xa0, 0xa1, 0xe9, 0xaa, 0x8c, 0xe5, 0xa4,
    0xb1, 0xe8, 0xb4, 0xa5, 0xef, 0xbc, 0x9a, 0xe6, 0x9c, 0x9f, 0xe6, 0x9c, 0x9b, 0x3d, 0x24, 0x4d,
    0x45, 0x54, 0x41, 0x43, 0x41, 0x54, 0x5f, 0x4c, 0x41, 0x54, 0x45, 0x53, 0x54, 0x5f, 0x56, 0x45,
    0x52, 0x53, 0x49, 0x4f, 0x4e, 0x20, 0xe5, 0xae, 0x9e, 0xe9, 0x99, 0x85, 0x3d, 0x24, 0x7b, 0x69,
    0x6e, 0x73, 0x74, 0x61, 0x6c, 0x6c, 0x65, 0x64, 0x5f, 0x76, 0x65, 0x72, 0x73, 0x69, 0x6f, 0x6e,
    0x3a, 0x2d, 0x75, 0x6e, 0x6b, 0x6e, 0x6f, 0x77, 0x6e, 0x7d, 0x22, 0x0a, 0x20, 0x20, 0x20, 0x20,
    0x72, 0x65, 0x74, 0x75, 0x72, 0x6e, 0x20, 0x31, 0x0a, 0x20, 0x20, 0x66, 0x69, 0x0a, 0x0a, 0x20,
    0x20, 0x6c, 0x6f, 0x67, 0x20, 0x22, 0x4d, 0x65, 0x74, 0x61, 0x43, 0x41, 0x54, 0x20, 0xe5, 0xae,
    0x98, 0xe6, 0x96, 0xb9, 0xe6, 0x9c, 0x80, 0xe6, 0x96, 0xb0, 0x20, 0x52, 0x65, 0x6c, 0x65, 0x61,
    0x73, 0x65, 0x20, 0xe5, 0xae, 0x89, 0xe8, 0xa3, 0x85, 0xe5, 0xae, 0x8c, 0xe6, 0x88, 0x90, 0x3a,
    0x20, 0x76, 0x65, 0x72, 0x73, 0x69, 0x6f, 0x6e, 0x3d, 0x24, 0x4d, 0x45, 0x54, 0x41, 0x43, 0x41,
    0x54, 0x5f, 0x4c, 0x41, 0x54, 0x45, 0x53, 0x54, 0x5f, 0x56, 0x45, 0x52, 0x53, 0x49, 0x4f, 0x4e,
    0x20, 0x65, 0x6e, 0x76, 0x3d, 0x4d, 0x65, 0x74, 0x61, 0x43, 0x41, 0x54, 0x22, 0x0a, 0x7d, 0x0a,
    0x0a, 0x63, 0x72, 0x65, 0x61, 0x74, 0x65, 0x5f, 0x62, 0x69, 0x6f, 0x69, 0x6e, 0x66, 0x6f, 0x5f,
    0x65, 0x6e, 0x76, 0x73, 0x28, 0x29, 0x20, 0x7b, 0x0a, 0x20, 0x20, 0x6c, 0x6f, 0x63, 0x61, 0x6c,
    0x20, 0x6d, 0x61, 0x6e, 0x61, 0x67, 0x65, 0x72, 0x5f, 0x63, 0x68, 0x6f, 0x69, 0x63, 0x65, 0x20,
    0x6d, 0x61, 0x6e, 0x61, 0x67, 0x65, 0x72, 0x5f, 0x74, 0x79, 0x70, 0x65, 0x20, 0x6d, 0x61, 0x6e,
    0x61, 0x67, 0x65, 0x72, 0x5f, 0x62, 0x69, 0x6e, 0x20, 0x63, 0x68, 0x6f, 0x69, 0x63, 0x65, 0x20,
    0x68, 0x6f, 0x6d, 0x65, 0x20, 0x72, 0x6f, 0x6f, 0x74, 0x5f, 0x70, 0x72, 0x65, 0x66, 0x69, 0x78,
    0x20, 0x62, 0x61, 0x73, 0x65, 0x5f, 0x70, 0x72, 0x65, 0x66, 0x69, 0x78, 0x20, 0x63, 0x75, 0x73,
    0x74, 0x6f, 0x6d, 0x5f, 0x74, 0x79, 0x70, 0x65, 0x20, 0x6d, 0x65, 0x74, 0x61, 0x77, 0x72, 0x61,
    0x70, 0x5f, 0x74, 0x61, 0x72, 0x67, 0x65, 0x74, 0x20, 0x6d, 0x65, 0x74, 0x61, 0x63, 0x61, 0x74,
    0x5f, 0x74, 0x61, 0x72, 0x67, 0x65, 0x74, 0x0a, 0x20, 0x20, 0x68, 0x6f, 0x6d, 0x65, 0x3d, 0x22,
    0x24, 0x28, 0x6c, 0x6f, 0x67, 0x69, 0x6e, 0x5f, 0x68, 0x6f, 0x6d, 0x65, 0x29, 0x22, 0x0a, 0x20,
    0x20, 0x72, 0x6f, 0x6f, 0x74, 0x5f, 0x70, 0x72, 0x65, 0x66, 0x69, 0x78, 0x3d, 0x22, 0x24, 0x68,
    0x6f, 0x6d, 0x65, 0x2f, 0x64, 0x61, 0x74, 0x61, 0x5f, 0x48, 0x44, 0x2f, 0x6d, 0x69, 0x63, 0x72,
    0x6f, 0x6d, 0x61, 0x6d, 0x62, 0x61, 0x22, 0x0a, 0x0a, 0x20, 0x20, 0x70, 0x72, 0x69, 0x6e, 0x74,
    0x66, 0x20, 0x27, 0x5c, 0x6e, 0xe5, 0x8f, 0xaf, 0xe5, 0x88, 0x9b, 0xe5, 0xbb, 0xba, 0xe7, 0x8e,
    0xaf, 0xe5, 0xa2, 0x83, 0xef, 0xbc, 0x9a, 0x5c, 0x6e, 0x27, 0x0a, 0x20, 0x20, 0x70, 0x72, 0x69,
    0x6e, 0x74, 0x66, 0x20, 0x27, 0x31, 0x29, 0x20, 0x52, 0x4e, 0x41, 0x53, 0x65, 0x71, 0x5c, 0x6e,
    0x27, 0x0a, 0x20, 0x20, 0x70, 0x72, 0x69, 0x6e, 0x74, 0x66, 0x20, 0x27, 0x32, 0x29, 0x20, 0x43,
    0x68, 0x49, 0x50, 0x53, 0x65, 0x71, 0x5c, 0x6e, 0x27, 0x0a, 0x20, 0x20, 0x70, 0x72, 0x69, 0x6e,
    0x74, 0x66, 0x20, 0x27, 0x33, 0x29, 0x20, 0x57, 0x47, 0x53, 0x5c, 0x6e, 0x27, 0x0a, 0x20, 0x20,
    0x70, 0x72, 0x69, 0x6e, 0x74, 0x66, 0x20, 0x27, 0x34, 0x29, 0x20, 0x73, 0x63, 0x52, 0x4e, 0x41,
    0x53, 0x65, 0x71, 0x5c, 0x6e, 0x27, 0x0a, 0x20, 0x20, 0x70, 0x72, 0x69, 0x6e, 0x74, 0x66, 0x20,
    0x27, 0x35, 0x29, 0x20, 0x6d, 0x65, 0x74, 0x61, 0x57, 0x52, 0x41, 0x50, 0x5c, 0x6e, 0x27, 0x0a,
    0x20, 0x20, 0x70, 0x72, 0x69, 0x6e, 0x74, 0x66, 0x20, 0x27, 0x36, 0x29, 0x20, 0x4d, 0x65, 0x74,
    0x61, 0x43, 0x41, 0x54, 0xef, 0xbc, 0x88, 0xe5, 0xae, 0x98, 0xe6, 0x96, 0xb9, 0x20, 0x47, 0x69,
    0x74, 0x48, 0x75, 0x62, 0x20, 0xe6, 0x9c, 0x80, 0xe6, 0x96, 0xb0, 0x20, 0x52, 0x65, 0x6c, 0x65,
    0x61, 0x73, 0x65, 0xef, 0xbc, 0x89, 0x5c, 0x6e, 0x27, 0x0a, 0x20, 0x20, 0x70, 0x72, 0x69, 0x6e,
    0x74, 0x66, 0x20, 0x27, 0x37, 0x29, 0x20, 0xe5, 0x85, 0xa8, 0xe9, 0x83, 0xa8, 0xef, 0xbc, 0x88,
    0xe4, 0xb8, 0x8d, 0xe5, 0x90, 0xab, 0x20, 0x6d, 0x65, 0x74, 0x61, 0x57, 0x52, 0x41, 0x50, 0x20,
    0x2f, 0x20, 0x4d, 0x65, 0x74, 0x61, 0x43, 0x41, 0x54, 0xef, 0xbc, 0x89, 0x5c, 0x6e, 0x27, 0x0a,
    0x20, 0x20, 0x72, 0x65, 0x61, 0x64, 0x20, 0x2d, 0x72, 0x20, 0x2d, 0x70, 0x20, 0x22, 0xe9, 0x80,
    0x89, 0xe6, 0x8b, 0xa9, 0x20, 0x5b, 0x31, 0x5d, 0x3a, 0x20, 0x22, 0x20, 0x63, 0x68, 0x6f, 0x69,
    0x63, 0x65, 0x0a, 0x20, 0x20, 0x63, 0x68, 0x6f, 0x69, 0x63, 0x65, 0x3d, 0x22, 0x24, 0x7b, 0x63,
    0x68, 0x6f, 0x69, 0x63, 0x65, 0x3a, 0x2d, 0x31, 0x7d, 0x22, 0x0a, 0x0a, 0x20, 0x20, 0x69, 0x66,
    0x20, 0x5b, 0x5b, 0x20, 0x22, 0x24, 0x63, 0x68, 0x6f, 0x69, 0x63, 0x65, 0x22, 0x20, 0x3d, 0x3d,
    0x20, 0x22, 0x35, 0x22, 0x20, 0x5d, 0x5d, 0x3b, 0x20, 0x74, 0x68, 0x65, 0x6e, 0x0a, 0x20, 0x20,
    0x20, 0x20, 0x70, 0x72, 0x69, 0x6e, 0x74, 0x66, 0x20, 0x27, 0x5c, 0x6e, 0x6d, 0x65, 0x74, 0x61,
    0x57, 0x52, 0x41, 0x50, 0x20, 0xe5, 0xae, 0x89, 0xe8, 0xa3, 0x85, 0xe5, 0xaf, 0xb9, 0xe8, 0xb1,
    0xa1, 0xef, 0xbc, 0x9a, 0x5c, 0x6e, 0x27, 0x0a, 0x20, 0x20, 0x20, 0x20, 0x70, 0x72, 0x69, 0x6e,
    0x74, 0x66, 0x20, 0x27, 0x31, 0x29, 0x20, 0xe5, 0xbd, 0x93, 0xe5, 0x89, 0x8d, 0xe7, 0x99, 0xbb,
    0xe5, 0xbd, 0x95, 0xe7, 0x94, 0xa8, 0xe6, 0x88, 0xb7, 0x5c, 0x6e, 0x27, 0x0a, 0x20, 0x20, 0x20,
    0x20, 0x70, 0x72, 0x69, 0x6e, 0x74, 0x66, 0x20, 0x27, 0x32, 0x29, 0x20, 0xe6, 0x8c, 0x87, 0xe5,
    0xae, 0x9a, 0xe6, 0x99, 0xae, 0xe9, 0x80, 0x9a, 0xe7, 0x94, 0xa8, 0xe6, 0x88, 0xb7, 0x5c, 0x6e,
    0x27, 0x0a, 0x20, 0x20, 0x20, 0x20, 0x72, 0x65, 0x61, 0x64, 0x20, 0x2d, 0x72, 0x20, 0x2d, 0x70,
    0x20, 0x22, 0xe9, 0x80, 0x89, 0xe6, 0x8b, 0xa9, 0x20, 0x5b, 0x31, 0x5d, 0x3a, 0x20, 0x22, 0x20,
    0x6d, 0x65, 0x74, 0x61, 0x77, 0x72, 0x61, 0x70, 0x5f, 0x74, 0x61, 0x72, 0x67, 0x65, 0x74, 0x0a,
    0x20, 0x20, 0x20, 0x20, 0x6d, 0x65, 0x74, 0x61, 0x77, 0x72, 0x61, 0x70, 0x5f, 0x74, 0x61, 0x72,
    0x67, 0x65, 0x74, 0x3d, 0x22, 0x24, 0x7b, 0x6d, 0x65, 0x74, 0x61, 0x77, 0x72, 0x61, 0x70, 0x5f,
    0x74, 0x61, 0x72, 0x67, 0x65, 0x74, 0x3a, 0x2d, 0x31, 0x7d, 0x22, 0x0a, 0x20, 0x20, 0x20, 0x20,
    0x69, 0x66, 0x20, 0x5b, 0x5b, 0x20, 0x22, 0x24, 0x6d, 0x65, 0x74, 0x61, 0x77, 0x72, 0x61, 0x70,
    0x5f, 0x74, 0x61, 0x72, 0x67, 0x65, 0x74, 0x22, 0x20, 0x3d, 0x3d, 0x20, 0x22, 0x32, 0x22, 0x20,
    0x5d, 0x5d, 0x3b, 0x20, 0x74, 0x68, 0x65, 0x6e, 0x0a, 0x20, 0x20, 0x20, 0x20, 0x20, 0x20, 0x69,
    0x6e, 0x73, 0x74, 0x61, 0x6c, 0x6c, 0x5f, 0x6d, 0x65, 0x74, 0x61, 0x77, 0x72, 0x61, 0x70, 0x5f,
    0x66, 0x6f, 0x72, 0x5f, 0x75, 0x73, 0x65, 0x72, 0x0a, 0x20, 0x20, 0x20, 0x20, 0x20, 0x20, 0x72,
    0x65, 0x74, 0x75, 0x72, 0x6e, 0x20, 0x24, 0x3f, 0x0a, 0x20, 0x20, 0x20, 0x20, 0x65, 0x6c, 0x69,
    0x66, 0x20, 0x5b, 0x5b, 0x20, 0x22, 0x24, 0x6d, 0x65, 0x74, 0x61, 0x77, 0x72, 0x61, 0x70, 0x5f,
    0x74, 0x61, 0x72, 0x67, 0x65, 0x74, 0x22, 0x20, 0x21, 0x3d, 0x20, 0x22, 0x31, 0x22, 0x20, 0x5d,
    0x5d, 0x3b, 0x20, 0x74, 0x68, 0x65, 0x6e, 0x0a, 0x20, 0x20, 0x20, 0x20, 0x20, 0x20, 0x77, 0x61,
    0x72, 0x6e, 0x20, 0x22, 0xe6, 0x97, 0xa0, 0xe6, 0x95, 0x88, 0xe9, 0x80, 0x89, 0xe6, 0x8b, 0xa9,
    0xe3, 0x80, 0x82, 0x22, 0x0a, 0x20, 0x20, 0x20, 0x20, 0x20, 0x20, 0x72, 0x65, 0x74, 0x75, 0x72,
    0x6e, 0x20, 0x31, 0x0a, 0x20, 0x20, 0x20, 0x20, 0x66, 0x69, 0x0a, 0x20, 0x20, 0x65, 0x6c, 0x69,
    0x66, 0x20, 0x5b, 0x5b, 0x20, 0x22, 0x24, 0x63, 0x68, 0x6f, 0x69, 0x63, 0x65, 0x22, 0x20, 0x3d,
    0x3d, 0x20, 0x22, 0x36, 0x22, 0x20, 0x5d, 0x5d, 0x3b, 0x20, 0x74, 0x68, 0x65, 0x6e, 0x0a, 0x20,
    0x20, 0x20, 0x20, 0x70, 0x72, 0x69, 0x6e, 0x74, 0x66, 0x20, 0x27, 0x5c, 0x6e, 0x4d, 0x65, 0x74,
    0x61, 0x43, 0x41, 0x54, 0x20, 0xe5, 0xae, 0x89, 0xe8, 0xa3, 0x85, 0xe5, 0xaf, 0xb9, 0xe8, 0xb1,
    0xa1, 0xef, 0xbc, 0x9a, 0x5c, 0x6e, 0x27, 0x0a, 0x20, 0x20, 0x20, 0x20, 0x70, 0x72, 0x69, 0x6e,
    0x74, 0x66, 0x20, 0x27, 0x31, 0x29, 0x20, 0xe5, 0xbd, 0x93, 0xe5, 0x89, 0x8d, 0xe7, 0x99, 0xbb,
    0xe5, 0xbd, 0x95, 0xe7, 0x94, 0xa8, 0xe6, 0x88, 0xb7, 0x5c, 0x6e, 0x27, 0x0a, 0x20, 0x20, 0x20,
    0x20, 0x70, 0x72, 0x69, 0x6e, 0x74, 0x66, 0x20, 0x27, 0x32, 0x29, 0x20, 0xe6, 0x8c, 0x87, 0xe5,
    0xae, 0x9a, 0xe6, 0x99, 0xae, 0xe9, 0x80, 0x9a, 0xe7, 0x94, 0xa8, 0xe6, 0x88, 0xb7, 0x5c, 0x6e,
    0x27, 0x0a, 0x20, 0x20, 0x20, 0x20, 0x72, 0x65, 0x61, 0x64, 0x20, 0x2d, 0x72, 0x20, 0x2d, 0x70,
    0x20, 0x22, 0xe9, 0x80, 0x89, 0xe6, 0x8b, 0xa9, 0x20, 0x5b, 0x31, 0x5d, 0x3a, 0x20, 0x22, 0x20,
    0x6d, 0x65, 0x74, 0x61, 0x63, 0x61, 0x74, 0x5f, 0x74, 0x61, 0x72, 0x67, 0x65, 0x74, 0x0a, 0x20,
    0x20, 0x20, 0x20, 0x6d, 0x65, 0x74, 0x61, 0x63, 0x61, 0x74, 0x5f, 0x74, 0x61, 0x72, 0x67, 0x65,
    0x74, 0x3d, 0x22, 0x24, 0x7b, 0x6d, 0x65, 0x74, 0x61, 0x63, 0x61, 0x74, 0x5f, 0x74, 0x61, 0x72,
    0x67, 0x65, 0x74, 0x3a, 0x2d, 0x31, 0x7d, 0x22, 0x0a, 0x20, 0x20, 0x20, 0x20, 0x69, 0x66, 0x20,
    0x5b, 0x5b, 0x20, 0x22, 0x24, 0x6d, 0x65, 0x74, 0x61, 0x63, 0x61, 0x74, 0x5f, 0x74, 0x61, 0x72,
    0x67, 0x65, 0x74, 0x22, 0x20, 0x3d, 0x3d, 0x20, 0x22, 0x32, 0x22, 0x20, 0x5d, 0x5d, 0x3b, 0x20,
    0x74, 0x68, 0x65, 0x6e, 0x0a, 0x20, 0x20, 0x20, 0x20, 0x20, 0x20, 0x69, 0x6e, 0x73, 0x74, 0x61,
    0x6c, 0x6c, 0x5f, 0x6d, 0x65, 0x74, 0x61, 0x63, 0x61, 0x74, 0x5f, 0x66, 0x6f, 0x72, 0x5f, 0x75,
    0x73, 0x65, 0x72, 0x0a, 0x20, 0x20, 0x20, 0x20, 0x20, 0x20, 0x72, 0x65, 0x74, 0x75, 0x72, 0x6e,
    0x20, 0x24, 0x3f, 0x0a, 0x20, 0x20, 0x20, 0x20, 0x65, 0x6c, 0x69, 0x66, 0x20, 0x5b, 0x5b, 0x20,
    0x22, 0x24, 0x6d, 0x65, 0x74, 0x61, 0x63, 0x61, 0x74, 0x5f, 0x74, 0x61, 0x72, 0x67, 0x65, 0x74,
    0x22, 0x20, 0x21, 0x3d, 0x20, 0x22, 0x31, 0x22, 0x20, 0x5d, 0x5d, 0x3b, 0x20, 0x74, 0x68, 0x65,
    0x6e, 0x0a, 0x20, 0x20, 0x20, 0x20, 0x20, 0x20, 0x77, 0x61, 0x72, 0x6e, 0x20, 0x22, 0xe6, 0x97,
    0xa0, 0xe6, 0x95, 0x88, 0xe9, 0x80, 0x89, 0xe6, 0x8b, 0xa9, 0xe3, 0x80, 0x82, 0x22, 0x0a, 0x20,
    0x20, 0x20, 0x20, 0x20, 0x20, 0x72, 0x65, 0x74, 0x75, 0x72, 0x6e, 0x20, 0x31, 0x0a, 0x20, 0x20,
    0x20, 0x20, 0x66, 0x69, 0x0a, 0x20, 0x20, 0x66, 0x69, 0x0a, 0x0a, 0x20, 0x20, 0x70, 0x72, 0x69,
    0x6e, 0x74, 0x66, 0x20, 0x27, 0x5c, 0x6e, 0xe7, 0x8e, 0xaf, 0xe5, 0xa2, 0x83, 0xe7, 0xae, 0xa1,
    0xe7, 0x90, 0x86, 0xe5, 0x99, 0xa8, 0xef, 0xbc, 0x9a, 0x5c, 0x6e, 0x27, 0x0a, 0x20, 0x20, 0x70,
    0x72, 0x69, 0x6e, 0x74, 0x66, 0x20, 0x27, 0x31, 0x29, 0x20, 0xe8, 0x87, 0xaa, 0xe5, 0x8a, 0xa8,
    0xe6, 0xa3, 0x80, 0xe6, 0xb5, 0x8b, 0xef, 0xbc, 0x88, 0x6d, 0x69, 0x63, 0x72, 0x6f, 0x6d, 0x61,
    0x6d, 0x62, 0x61, 0x20, 0x3e, 0x20, 0x6d, 0x61, 0x6d, 0x62, 0x61, 0x20, 0x3e, 0x20, 0x63, 0x6f,
    0x6e, 0x64, 0x61, 0xef, 0xbc, 0x89, 0x5c, 0x6e, 0x27, 0x0a, 0x20, 0x20, 0x70, 0x72, 0x69, 0x6e,
    0x74, 0x66, 0x20, 0x27, 0x32, 0x29, 0x20, 0x6d, 0x69, 0x63, 0x72, 0x6f, 0x6d, 0x61, 0x6d, 0x62,
    0x61, 0x5c, 0x6e, 0x27, 0x0a, 0x20, 0x20, 0x70, 0x72, 0x69, 0x6e, 0x74, 0x66, 0x20, 0x27, 0x33,
    0x29, 0x20, 0x6d, 0x61, 0x6d, 0x62, 0x61, 0x5c, 0x6e, 0x27, 0x0a, 0x20, 0x20, 0x70, 0x72, 0x69,
    0x6e, 0x74, 0x66, 0x20, 0x27, 0x34, 0x29, 0x20, 0x63, 0x6f, 0x6e, 0x64, 0x61, 0x5c, 0x6e, 0x27,
    0x0a, 0x20, 0x20, 0x70, 0x72, 0x69, 0x6e, 0x74, 0x66, 0x20, 0x27, 0x35, 0x29, 0x20, 0xe8, 0x87,
    0xaa, 0xe5, 0xae, 0x9a, 0xe4, 0xb9, 0x89, 0xe5, 0x8f, 0xaf, 0xe6, 0x89, 0xa7, 0xe8, 0xa1, 0x8c,
    0xe6, 0x96, 0x87, 0xe4, 0xbb, 0xb6, 0x5c, 0x6e, 0x27, 0x0a, 0x20, 0x20, 0x72, 0x65, 0x61, 0x64,
    0x20, 0x2d, 0x72, 0x20, 0x2d, 0x70, 0x20, 0x22, 0xe9, 0x80, 0x89, 0xe6, 0x8b, 0xa9, 0x20, 0x5b,
    0x31, 0x5d, 0x3a, 0x20, 0x22, 0x20, 0x6d, 0x61, 0x6e, 0x61, 0x67, 0x65, 0x72, 0x5f, 0x63, 0x68,
    0x6f, 0x69, 0x63, 0x65, 0x0a, 0x20, 0x20, 0x6d, 0x61, 0x6e, 0x61, 0x67, 0x65, 0x72, 0x5f, 0x63,
    0x68, 0x6f, 0x69, 0x63, 0x65, 0x3d, 0x22, 0x24, 0x7b, 0x6d, 0x61, 0x6e, 0x61, 0x67, 0x65, 0x72,
    0x5f, 0x63, 0x68, 0x6f, 0x69, 0x63, 0x65, 0x3a, 0x2d, 0x31, 0x7d, 0x22, 0x0a, 0x0a, 0x20, 0x20,
    0x72, 0x65, 0x73, 0x6f, 0x6c, 0x76, 0x65, 0x5f, 0x66, 0x69, 0x72, 0x73, 0x74, 0x5f, 0x65, 0x78,
    0x69, 0x73, 0x74, 0x69, 0x6e, 0x67, 0x28, 0x29, 0x20, 0x7b, 0x0a, 0x20, 0x20, 0x20, 0x20, 0x6c,
    0x6f, 0x63, 0x61, 0x6c, 0x20, 0x63, 0x61, 0x6e, 0x64, 0x69, 0x64, 0x61, 0x74, 0x65, 0x0a, 0x20,
    0x20, 0x20, 0x20, 0x66, 0x6f, 0x72, 0x20, 0x63, 0x61, 0x6e, 0x64, 0x69, 0x64, 0x61, 0x74, 0x65,
    0x20, 0x69, 0x6e, 0x20, 0x22, 0x24, 0x40, 0x22, 0x3b, 0x20, 0x64, 0x6f, 0x0a, 0x20, 0x20, 0x20,
    0x20, 0x20, 0x20, 0x69, 0x66, 0x20, 0x5b, 0x5b, 0x20, 0x2d, 0x78, 0x20, 0x22, 0x24, 0x63, 0x61,
    0x6e, 0x64, 0x69, 0x64, 0x61, 0x74, 0x65, 0x22, 0x20, 0x5d, 0x5d, 0x3b, 0x20, 0x74, 0x68, 0x65,
    0x6e, 0x0a, 0x20, 0x20, 0x20, 0x20, 0x20, 0x20, 0x20, 0x20, 0x70, 0x72, 0x69, 0x6e, 0x74, 0x66,
    0x20, 0x27, 0x25, 0x73, 0x27, 0x20, 0x22, 0x24, 0x63, 0x61, 0x6e, 0x64, 0x69, 0x64, 0x61, 0x74,
    0x65, 0x22, 0x0a, 0x20, 0x20, 0x20, 0x20, 0x20, 0x20, 0x20, 0x20, 0x72, 0x65, 0x74, 0x75, 0x72,
    0x6e, 0x20, 0x30, 0x0a, 0x20, 0x20, 0x20, 0x20, 0x20, 0x20, 0x66, 0x69, 0x0a, 0x20, 0x20, 0x20,
    0x20, 0x64, 0x6f, 0x6e, 0x65, 0x0a, 0x20, 0x20, 0x20, 0x20, 0x72, 0x65, 0x74, 0x75, 0x72, 0x6e,
    0x20, 0x31, 0x0a, 0x20, 0x20, 0x7d, 0x0a, 0x0a, 0x20, 0x20, 0x63, 0x61, 0x73, 0x65, 0x20, 0x22,
    0x24, 0x6d, 0x61, 0x6e, 0x61, 0x67, 0x65, 0x72, 0x5f, 0x63, 0x68, 0x6f, 0x69, 0x63, 0x65, 0x22,
    0x20, 0x69, 0x6e, 0x0a, 0x20, 0x20, 0x20, 0x20, 0x31, 0x29, 0x0a, 0x20, 0x20, 0x20, 0x20, 0x20,
    0x20, 0x6d, 0x61, 0x6e, 0x61, 0x67, 0x65, 0x72, 0x5f, 0x62, 0x69, 0x6e, 0x3d, 0x22, 0x24, 0x28,
    0x72, 0x65, 0x73, 0x6f, 0x6c, 0x76, 0x65, 0x5f, 0x66, 0x69, 0x72, 0x73, 0x74, 0x5f, 0x65, 0x78,
    0x69, 0x73, 0x74, 0x69, 0x6e, 0x67, 0x20, 0x20, 0x20, 0x20, 0x20, 0x20, 0x20, 0x20, 0x20, 0x22,
    0x24, 0x68, 0x6f, 0x6d, 0x65, 0x2f, 0x64, 0x61, 0x74, 0x61, 0x5f, 0x48, 0x44, 0x2f, 0x62, 0x69,
    0x6e, 0x2f, 0x6d, 0x69, 0x63, 0x72, 0x6f, 0x6d, 0x61, 0x6d, 0x62, 0x61, 0x22, 0x20, 0x20, 0x20,
    0x20, 0x20, 0x20, 0x20, 0x20, 0x20, 0x22, 0x24, 0x4d, 0x49, 0x43, 0x52, 0x4f, 0x4d, 0x41, 0x4d,
    0x42, 0x41, 0x5f, 0x53, 0x59, 0x53, 0x54, 0x45, 0x4d, 0x5f, 0x42, 0x49, 0x4e, 0x22, 0x20, 0x20,
    0x20, 0x20, 0x20, 0x20, 0x20, 0x20, 0x20, 0x22, 0x24, 0x4d, 0x49, 0x4e, 0x49, 0x46, 0x4f, 0x52,
    0x47, 0x45, 0x5f, 0x44, 0x45, 0x46, 0x41, 0x55, 0x4c, 0x54, 0x2f, 0x62, 0x69, 0x6e, 0x2f, 0x6d,
    0x61, 0x6d, 0x62, 0x61, 0x22, 0x20, 0x20, 0x20, 0x20, 0x20, 0x20, 0x20, 0x20, 0x20, 0x22, 0x24,
    0x68, 0x6f, 0x6d, 0x65, 0x2f, 0x64, 0x61, 0x74, 0x61, 0x5f, 0x48, 0x44, 0x2f, 0x6d, 0x69, 0x6e,
    0x69, 0x63, 0x6f, 0x6e, 0x64, 0x61, 0x33, 0x2f, 0x62, 0x69, 0x6e, 0x2f, 0x63, 0x6f, 0x6e, 0x64,
    0x61, 0x22, 0x20, 0x20, 0x20, 0x20, 0x20, 0x20, 0x20, 0x20, 0x20, 0x22, 0x24, 0x4d, 0x49, 0x4e,
    0x49, 0x43, 0x4f, 0x4e, 0x44, 0x41, 0x5f, 0x53, 0x59, 0x53, 0x54, 0x45, 0x4d, 0x5f, 0x44, 0x45,
    0x46, 0x41, 0x55, 0x4c, 0x54, 0x2f, 0x62, 0x69, 0x6e, 0x2f, 0x63, 0x6f, 0x6e, 0x64, 0x61, 0x22,
    0x20, 0x32, 0x3e, 0x2f, 0x64, 0x65, 0x76, 0x2f, 0x6e, 0x75, 0x6c, 0x6c, 0x20, 0x7c, 0x7c, 0x20,
    0x74, 0x72, 0x75, 0x65, 0x29, 0x22, 0x0a, 0x20, 0x20, 0x20, 0x20, 0x20, 0x20, 0x69, 0x66, 0x20,
    0x5b, 0x5b, 0x20, 0x2d, 0x7a, 0x20, 0x22, 0x24, 0x6d, 0x61, 0x6e, 0x61, 0x67, 0x65, 0x72, 0x5f,
    0x62, 0x69, 0x6e, 0x22, 0x20, 0x5d, 0x5d, 0x3b, 0x20, 0x74, 0x68, 0x65, 0x6e, 0x0a, 0x20, 0x20,
    0x20, 0x20, 0x20, 0x20, 0x20, 0x20, 0x69, 0x66, 0x20, 0x28, 0x28, 0x20, 0x44, 0x52, 0x59, 0x5f,
    0x52, 0x55, 0x4e, 0x20, 0x29, 0x29, 0x3b, 0x20, 0x74, 0x68, 0x65, 0x6e, 0x0a, 0x20, 0x20, 0x20,
    0x20, 0x20, 0x20, 0x20, 0x20, 0x20, 0x20, 0x6d, 0x61, 0x6e, 0x61, 0x67, 0x65, 0x72, 0x5f, 0x74,
    0x79, 0x70, 0x65, 0x3d, 0x22, 0x6d, 0x69, 0x63, 0x72, 0x6f, 0x6d, 0x61, 0x6d, 0x62, 0x61, 0x22,
    0x0a, 0x20, 0x20, 0x20, 0x20, 0x20, 0x20, 0x20, 0x20, 0x20, 0x20, 0x6d, 0x61, 0x6e, 0x61, 0x67,
    0x65, 0x72, 0x5f, 0x62, 0x69, 0x6e, 0x3d, 0x22, 0x24, 0x4d, 0x49, 0x43, 0x52, 0x4f, 0x4d, 0x41,
    0x4d, 0x42, 0x41, 0x5f, 0x53, 0x59, 0x53, 0x54, 0x45, 0x4d, 0x5f, 0x42, 0x49, 0x4e, 0x22, 0x0a,
    0x20, 0x20, 0x20, 0x20, 0x20, 0x20, 0x20, 0x20, 0x65, 0x6c, 0x73, 0x65, 0x0a, 0x20, 0x20, 0x20,
    0x20, 0x20, 0x20, 0x20, 0x20, 0x20, 0x20, 0x77, 0x61, 0x72, 0x6e, 0x20, 0x22, 0xe6, 0x9c, 0xaa,
    0xe6, 0x89, 0xbe, 0xe5, 0x88, 0xb0, 0x20, 0x6d, 0x69, 0x63, 0x72, 0x6f, 0x6d, 0x61, 0x6d, 0x62,
    0x61, 0xe3, 0x80, 0x81, 0x6d, 0x61, 0x6d, 0x62, 0x61, 0x20, 0xe6, 0x88, 0x96, 0x20, 0x63, 0x6f,
    0x6e, 0x64, 0x61, 0xef, 0xbc, 0x8c, 0xe8, 0xaf, 0xb7, 0xe5, 0x85, 0x88, 0xe5, 0xae, 0x89, 0xe8,
    0xa3, 0x85, 0xe5, 0x85, 0xb6, 0xe4, 0xb8, 0xad, 0xe4, 0xb8, 0x80, 0xe4, 0xb8, 0xaa, 0xe3, 0x80,
    0x82, 0x22, 0x0a, 0x20, 0x20, 0x20, 0x20, 0x20, 0x20, 0x20, 0x20, 0x20, 0x20, 0x72, 0x65, 0x74,
    0x75, 0x72, 0x6e, 0x20, 0x31, 0x0a, 0x20, 0x20, 0x20, 0x20, 0x20, 0x20, 0x20, 0x20, 0x66, 0x69,
    0x0a, 0x20, 0x20, 0x20, 0x20, 0x20, 0x20, 0x65, 0x6c, 0x69, 0x66, 0x20, 0x5b, 0x5b, 0x20, 0x22,
    0x24, 0x28, 0x62, 0x61, 0x73, 0x65, 0x6e, 0x61, 0x6d, 0x65, 0x20, 0x22, 0x24, 0x6d, 0x61, 0x6e,
    0x61, 0x67, 0x65, 0x72, 0x5f, 0x62, 0x69, 0x6e, 0x22, 0x29, 0x22, 0x20, 0x3d, 0x3d, 0x20, 0x22,
    0x6d, 0x69, 0x63, 0x72, 0x6f, 0x6d, 0x61, 0x6d, 0x62, 0x61, 0x22, 0x20, 0x5d, 0x5d, 0x3b, 0x20,
    0x74, 0x68, 0x65, 0x6e, 0x0a, 0x20, 0x20, 0x20, 0x20, 0x20, 0x20, 0x20, 0x20, 0x6d, 0x61, 0x6e,
    0x61, 0x67, 0x65, 0x72, 0x5f, 0x74, 0x79, 0x70, 0x65, 0x3d, 0x22, 0x6d, 0x69, 0x63, 0x72, 0x6f,
    0x6d, 0x61, 0x6d, 0x62, 0x61, 0x22, 0x0a, 0x20, 0x20, 0x20, 0x20, 0x20, 0x20, 0x65, 0x6c, 0x69,
    0x66, 0x20, 0x5b, 0x5b, 0x20, 0x22, 0x24, 0x28, 0x62, 0x61, 0x73, 0x65, 0x6e, 0x61, 0x6d, 0x65,
    0x20, 0x22, 0x24, 0x6d, 0x61, 0x6e, 0x61, 0x67, 0x65, 0x72, 0x5f, 0x62, 0x69, 0x6e, 0x22, 0x29,
    0x22, 0x20, 0x3d, 0x3d, 0x20, 0x22, 0x6d, 0x61, 0x6d, 0x62, 0x61, 0x22, 0x20, 0x5d, 0x5d, 0x3b,
    0x20, 0x74, 0x68, 0x65, 0x6e, 0x0a, 0x20, 0x20, 0x20, 0x20, 0x20, 0x20, 0x20, 0x20, 0x6d, 0x61,
    0x6e, 0x61, 0x67, 0x65, 0x72, 0x5f, 0x74, 0x79, 0x70, 0x65, 0x3d, 0x22, 0x6d, 0x61, 0x6d, 0x62,
    0x61, 0x22, 0x0a, 0x20, 0x20, 0x20, 0x20, 0x20, 0x20, 0x65, 0x6c, 0x73, 0x65, 0x0a, 0x20, 0x20,
    0x20, 0x20, 0x20, 0x20, 0x20, 0x20, 0x6d, 0x61, 0x6e, 0x61, 0x67, 0x65, 0x72, 0x5f, 0x74, 0x79,
    0x70, 0x65, 0x3d, 0x22, 0x63, 0x6f, 0x6e, 0x64, 0x61, 0x22, 0x0a, 0x20, 0x20, 0x20, 0x20, 0x20,
    0x20, 0x66, 0x69, 0x0a, 0x20, 0x20, 0x20, 0x20, 0x20, 0x20, 0x3b, 0x3b, 0x0a, 0x20, 0x20, 0x20,
    0x20, 0x32, 0x29, 0x0a, 0x20, 0x20, 0x20, 0x20, 0x20, 0x20, 0x6d, 0x61, 0x6e, 0x61, 0x67, 0x65,
    0x72, 0x5f, 0x74, 0x79, 0x70, 0x65, 0x3d, 0x22, 0x6d, 0x69, 0x63, 0x72, 0x6f, 0x6d, 0x61, 0x6d,
    0x62, 0x61, 0x22, 0x0a, 0x20, 0x20, 0x20, 0x20, 0x20, 0x20, 0x6d, 0x61, 0x6e, 0x61, 0x67, 0x65,
    0x72, 0x5f, 0x62, 0x69, 0x6e, 0x3d, 0x22, 0x24, 0x28, 0x72, 0x65, 0x73, 0x6f, 0x6c, 0x76, 0x65,
    0x5f, 0x66, 0x69, 0x72, 0x73, 0x74, 0x5f, 0x65, 0x78, 0x69, 0x73, 0x74, 0x69, 0x6e, 0x67, 0x20,
    0x22, 0x24, 0x68, 0x6f, 0x6d, 0x65, 0x2f, 0x64, 0x61, 0x74, 0x61, 0x5f, 0x48, 0x44, 0x2f, 0x62,
    0x69, 0x6e, 0x2f, 0x6d, 0x69, 0x63, 0x72, 0x6f, 0x6d, 0x61, 0x6d, 0x62, 0x61, 0x22, 0x20, 0x22,
    0x24, 0x4d, 0x49, 0x43, 0x52, 0x4f, 0x4d, 0x41, 0x4d, 0x42, 0x41, 0x5f, 0x53, 0x59, 0x53, 0x54,
    0x45, 0x4d, 0x5f, 0x42, 0x49, 0x4e, 0x22, 0x20, 0x32, 0x3e, 0x2f, 0x64, 0x65, 0x76, 0x2f, 0x6e,
    0x75, 0x6c, 0x6c, 0x20, 0x7c, 0x7c, 0x20, 0x74, 0x72, 0x75, 0x65, 0x29, 0x22, 0x0a, 0x20, 0x20,
    0x20, 0x20, 0x20, 0x20, 0x5b, 0x5b, 0x20, 0x2d, 0x6e, 0x20, 0x22, 0x24, 0x6d, 0x61, 0x6e, 0x61,
    0x67, 0x65, 0x72, 0x5f, 0x62, 0x69, 0x6e, 0x22, 0x20, 0x5d, 0x5d, 0x20, 0x7c, 0x7c, 0x20, 0x6d,
    0x61, 0x6e, 0x61, 0x67, 0x65, 0x72, 0x5f, 0x62, 0x69, 0x6e, 0x3d, 0x22, 0x24, 0x68, 0x6f, 0x6d,
    0x65, 0x2f, 0x64, 0x61, 0x74, 0x61, 0x5f, 0x48, 0x44, 0x2f, 0x62, 0x69, 0x6e, 0x2f, 0x6d, 0x69,
    0x63, 0x72, 0x6f, 0x6d, 0x61, 0x6d, 0x62, 0x61, 0x22, 0x0a, 0x20, 0x20, 0x20, 0x20, 0x20, 0x20,
    0x3b, 0x3b, 0x0a, 0x20, 0x20, 0x20, 0x20, 0x33, 0x29, 0x0a, 0x20, 0x20, 0x20, 0x20, 0x20, 0x20,
    0x6d, 0x61, 0x6e, 0x61, 0x67, 0x65, 0x72, 0x5f, 0x74, 0x79, 0x70, 0x65, 0x3d, 0x22, 0x6d, 0x61,
    0x6d, 0x62, 0x61, 0x22, 0x0a, 0x20, 0x20, 0x20, 0x20, 0x20, 0x20, 0x6d, 0x61, 0x6e, 0x61, 0x67,
    0x65, 0x72, 0x5f, 0x62, 0x69, 0x6e, 0x3d, 0x22, 0x24, 0x28, 0x72, 0x65, 0x73, 0x6f, 0x6c, 0x76,
    0x65, 0x5f, 0x66, 0x69, 0x72, 0x73, 0x74, 0x5f, 0x65, 0x78, 0x69, 0x73, 0x74, 0x69, 0x6e, 0x67,
    0x20, 0x22, 0x24, 0x4d, 0x49, 0x4e, 0x49, 0x46, 0x4f, 0x52, 0x47, 0x45, 0x5f, 0x44, 0x45, 0x46,
    0x41, 0x55, 0x4c, 0x54, 0x2f, 0x62, 0x69, 0x6e, 0x2f, 0x6d, 0x61, 0x6d, 0x62, 0x61, 0x22, 0x20,
    0x32, 0x3e, 0x2f, 0x64, 0x65, 0x76, 0x2f, 0x6e, 0x75, 0x6c, 0x6c, 0x20, 0x7c, 0x7c, 0x20, 0x74,
    0x72, 0x75, 0x65, 0x29, 0x22, 0x0a, 0x20, 0x20, 0x20, 0x20, 0x20, 0x20, 0x5b, 0x5b, 0x20, 0x2d,
    0x6e, 0x20, 0x22, 0x24, 0x6d, 0x61, 0x6e, 0x61, 0x67, 0x65, 0x72, 0x5f, 0x62, 0x69, 0x6e, 0x22,
    0x20, 0x5d, 0x5d, 0x20, 0x7c, 0x7c, 0x20, 0x6d, 0x61, 0x6e, 0x61, 0x67, 0x65, 0x72, 0x5f, 0x62,
    0x69, 0x6e, 0x3d, 0x22, 0x24, 0x4d, 0x49, 0x4e, 0x49, 0x46, 0x4f, 0x52, 0x47, 0x45, 0x5f, 0x44,
    0x45, 0x46, 0x41, 0x55, 0x4c, 0x54, 0x2f, 0x62, 0x69, 0x6e, 0x2f, 0x6d, 0x61, 0x6d, 0x62, 0x61,
    0x22, 0x0a, 0x20, 0x20, 0x20, 0x20, 0x20, 0x20, 0x3b, 0x3b, 0x0a, 0x20, 0x20, 0x20, 0x20, 0x34,
    0x29, 0x0a, 0x20, 0x20, 0x20, 0x20, 0x20, 0x20, 0x6d, 0x61, 0x6e, 0x61, 0x67, 0x65, 0x72, 0x5f,
    0x74, 0x79, 0x70, 0x65, 0x3d, 0x22, 0x63, 0x6f, 0x6e, 0x64, 0x61, 0x22, 0x0a, 0x20, 0x20, 0x20,
    0x20, 0x20, 0x20, 0x6d, 0x61, 0x6e, 0x61, 0x67, 0x65, 0x72, 0x5f, 0x62, 0x69, 0x6e, 0x3d, 0x22,
    0x24, 0x28, 0x72, 0x65, 0x73, 0x6f, 0x6c, 0x76, 0x65, 0x5f, 0x66, 0x69, 0x72, 0x73, 0x74, 0x5f,
    0x65, 0x78, 0x69, 0x73, 0x74, 0x69, 0x6e, 0x67, 0x20, 0x22, 0x24, 0x68, 0x6f, 0x6d, 0x65, 0x2f,
    0x64, 0x61, 0x74, 0x61, 0x5f, 0x48, 0x44, 0x2f, 0x6d, 0x69, 0x6e, 0x69, 0x63, 0x6f, 0x6e, 0x64,
    0x61, 0x33, 0x2f, 0x62, 0x69, 0x6e, 0x2f, 0x63, 0x6f, 0x6e, 0x64, 0x61, 0x22, 0x20, 0x22, 0x24,
    0x4d, 0x49, 0x4e, 0x49, 0x43, 0x4f, 0x4e, 0x44, 0x41, 0x5f, 0x53, 0x59, 0x53, 0x54, 0x45, 0x4d,
    0x5f, 0x44, 0x45, 0x46, 0x41, 0x55, 0x4c, 0x54, 0x2f, 0x62, 0x69, 0x6e, 0x2f, 0x63, 0x6f, 0x6e,
    0x64, 0x61, 0x22, 0x20, 0x22, 0x24, 0x4d, 0x49, 0x4e, 0x49, 0x46, 0x4f, 0x52, 0x47, 0x45, 0x5f,
    0x44, 0x45, 0x46, 0x41, 0x55, 0x4c, 0x54, 0x2f, 0x62, 0x69, 0x6e, 0x2f, 0x63, 0x6f, 0x6e, 0x64,
    0x61, 0x22, 0x20, 0x32, 0x3e, 0x2f, 0x64, 0x65, 0x76, 0x2f, 0x6e, 0x75, 0x6c, 0x6c, 0x20, 0x7c,
    0x7c, 0x20, 0x74, 0x72, 0x75, 0x65, 0x29, 0x22, 0x0a, 0x20, 0x20, 0x20, 0x20, 0x20, 0x20, 0x5b,
    0x5b, 0x20, 0x2d, 0x6e, 0x20, 0x22, 0x24, 0x6d, 0x61, 0x6e, 0x61, 0x67, 0x65, 0x72, 0x5f, 0x62,
    0x69, 0x6e, 0x22, 0x20, 0x5d, 0x5d, 0x20, 0x7c, 0x7c, 0x20, 0x6d, 0x61, 0x6e, 0x61, 0x67, 0x65,
    0x72, 0x5f, 0x62, 0x69, 0x6e, 0x3d, 0x22, 0x24, 0x68, 0x6f, 0x6d, 0x65, 0x2f, 0x64, 0x61, 0x74,
    0x61, 0x5f, 0x48, 0x44, 0x2f, 0x6d, 0x69, 0x6e, 0x69, 0x63, 0x6f, 0x6e, 0x64, 0x61, 0x33, 0x2f,
    0x62, 0x69, 0x6e, 0x2f, 0x63, 0x6f, 0x6e, 0x64, 0x61, 0x22, 0x0a, 0x20, 0x20, 0x20, 0x20, 0x20,
    0x20, 0x3b, 0x3b, 0x0a, 0x20, 0x20, 0x20, 0x20, 0x35, 0x29, 0x0a, 0x20, 0x20, 0x20, 0x20, 0x20,
    0x20, 0x72, 0x65, 0x61, 0x64, 0x20, 0x2d, 0x72, 0x20, 0x2d, 0x70, 0x20, 0x22, 0xe7, 0xae, 0xa1,
    0xe7, 0x90, 0x86, 0xe5, 0x99, 0xa8, 0xe7, 0xb1, 0xbb, 0xe5, 0x9e, 0x8b, 0x20, 0x5b, 0x6d, 0x69,
    0x63, 0x72, 0x6f, 0x6d, 0x61, 0x6d, 0x62, 0x61, 0x2f, 0x6d, 0x61, 0x6d, 0x62, 0x61, 0x2f, 0x63,
    0x6f, 0x6e, 0x64, 0x61, 0x5d, 0x3a, 0x20, 0x22, 0x20, 0x63, 0x75, 0x73, 0x74, 0x6f, 0x6d, 0x5f,
    0x74, 0x79, 0x70, 0x65, 0x0a, 0x20, 0x20, 0x20, 0x20, 0x20, 0x20, 0x63, 0x61, 0x73, 0x65, 0x20,
    0x22, 0x24, 0x63, 0x75, 0x73, 0x74, 0x6f, 0x6d, 0x5f, 0x74, 0x79, 0x70, 0x65, 0x22, 0x20, 0x69,
    0x6e, 0x0a, 0x20, 0x20, 0x20, 0x20, 0x20, 0x20, 0x20, 0x20, 0x6d, 0x69, 0x63, 0x72, 0x6f, 0x6d,
    0x61, 0x6d, 0x62, 0x61, 0x7c, 0x6d, 0x61, 0x6d, 0x62, 0x61, 0x7c, 0x63, 0x6f, 0x6e, 0x64, 0x61,
    0x29, 0x20, 0x6d, 0x61, 0x6e, 0x61, 0x67, 0x65, 0x72, 0x5f, 0x74, 0x79, 0x70, 0x65, 0x3d, 0x22,
    0x24, 0x63, 0x75, 0x73, 0x74, 0x6f, 0x6d, 0x5f, 0x74, 0x79, 0x70, 0x65, 0x22, 0x20, 0x3b, 0x3b,
    0x0a, 0x20, 0x20, 0x20, 0x20, 0x20, 0x20, 0x20, 0x20, 0x2a, 0x29, 0x20, 0x77, 0x61, 0x72, 0x6e,
    0x20, 0x22, 0xe6, 0x97, 0xa0, 0xe6, 0x95, 0x88, 0xe7, 0xae, 0xa1, 0xe7, 0x90, 0x86, 0xe5, 0x99,
    0xa8, 0xe7, 0xb1, 0xbb, 0xe5, 0x9e, 0x8b, 0xe3, 0x80, 0x82, 0x22, 0x3b, 0x20, 0x72, 0x65, 0x74,
    0x75, 0x72, 0x6e, 0x20, 0x31, 0x20, 0x3b, 0x3b, 0x0a, 0x20, 0x20, 0x20, 0x20, 0x20, 0x20, 0x65,
    0x73, 0x61, 0x63, 0x0a, 0x20, 0x20, 0x20, 0x20, 0x20, 0x20, 0x72, 0x65, 0x61, 0x64, 0x20, 0x2d,
    0x72, 0x20, 0x2d, 0x70, 0x20, 0x22, 0xe5, 0x8f, 0xaf, 0xe6, 0x89, 0xa7, 0xe8, 0xa1, 0x8c, 0xe6,
    0x96, 0x87, 0xe4, 0xbb, 0xb6, 0xe7, 0xbb, 0x9d, 0xe5, 0xaf, 0xb9, 0xe8, 0xb7, 0xaf, 0xe5, 0xbe,
    0x84, 0x3a, 0x20, 0x22, 0x20, 0x6d, 0x61, 0x6e, 0x61, 0x67, 0x65, 0x72, 0x5f, 0x62, 0x69, 0x6e,
    0x0a, 0x20, 0x20, 0x20, 0x20, 0x20, 0x20, 0x5b, 0x5b, 0x20, 0x22, 0x24, 0x6d, 0x61, 0x6e, 0x61,
    0x67, 0x65, 0x72, 0x5f, 0x62, 0x69, 0x6e, 0x22, 0x20, 0x3d, 0x3d, 0x20, 0x2f, 0x2a, 0x20, 0x5d,
    0x5d, 0x20, 0x7c, 0x7c, 0x20, 0x7b, 0x20, 0x77, 0x61, 0x72, 0x6e, 0x20, 0x22, 0xe5, 0xbf, 0x85,
    0xe9, 0xa1, 0xbb, 0xe4, 0xbd, 0xbf, 0xe7, 0x94, 0xa8, 0xe7, 0xbb, 0x9d, 0xe5, 0xaf, 0xb9, 0xe8,
    0xb7, 0xaf, 0xe5, 0xbe, 0x84, 0xe3, 0x80, 0x82, 0x22, 0x3b, 0x20, 0x72, 0x65, 0x74, 0x75, 0x72,
    0x6e, 0x20, 0x31, 0x3b, 0x20, 0x7d, 0x0a, 0x20, 0x20, 0x20, 0x20, 0x20, 0x20, 0x3b, 0x3b, 0x0a,
    0x20, 0x20, 0x20, 0x20, 0x2a, 0x29, 0x0a, 0x20, 0x20, 0x20, 0x20, 0x20, 0x20, 0x77, 0x61, 0x72,
    0x6e, 0x20, 0x22, 0xe6, 0x97, 0xa0, 0xe6, 0x95, 0x88, 0xe9, 0x80, 0x89, 0xe6, 0x8b, 0xa9, 0xe3,
    0x80, 0x82, 0x22, 0x0a, 0x20, 0x20, 0x20, 0x20, 0x20, 0x20, 0x72, 0x65, 0x74, 0x75, 0x72, 0x6e,
    0x20, 0x31, 0x0a, 0x20, 0x20, 0x20, 0x20, 0x20, 0x20, 0x3b, 0x3b, 0x0a, 0x20, 0x20, 0x65, 0x73,
    0x61, 0x63, 0x0a, 0x0a, 0x20, 0x20, 0x69, 0x66, 0x20, 0x5b, 0x5b, 0x20, 0x21, 0x20, 0x2d, 0x78,
    0x20, 0x22, 0x24, 0x6d, 0x61, 0x6e, 0x61, 0x67, 0x65, 0x72, 0x5f, 0x62, 0x69, 0x6e, 0x22, 0x20,
    0x5d, 0x5d, 0x20, 0x26, 0x26, 0x20, 0x28, 0x28, 0x20, 0x44, 0x52, 0x59, 0x5f, 0x52, 0x55, 0x4e,
    0x20, 0x3d, 0x3d, 0x20, 0x30, 0x20, 0x29, 0x29, 0x3b, 0x20, 0x74, 0x68, 0x65, 0x6e, 0x0a, 0x20,
    0x20, 0x20, 0x20, 0x77, 0x61, 0x72, 0x6e, 0x20, 0x22, 0xe6, 0x89, 0xbe, 0xe4, 0xb8, 0x8d, 0xe5,
    0x88, 0xb0, 0xe5, 0x8f, 0xaf, 0xe6, 0x89, 0xa7, 0xe8, 0xa1, 0x8c, 0xe6, 0x96, 0x87, 0xe4, 0xbb,
    0xb6, 0x3a, 0x20, 0x24, 0x6d, 0x61, 0x6e, 0x61, 0x67, 0x65, 0x72, 0x5f, 0x62, 0x69, 0x6e, 0x22,
    0x0a, 0x20, 0x20, 0x20, 0x20, 0x72, 0x65, 0x74, 0x75, 0x72, 0x6e, 0x20, 0x31, 0x0a, 0x20, 0x20,
    0x66, 0x69, 0x0a, 0x0a, 0x20, 0x20, 0x69, 0x6e, 0x66, 0x6f, 0x20, 0x22, 0xe4, 0xbd, 0xbf, 0xe7,
    0x94, 0xa8, 0x20, 0x24, 0x6d, 0x61, 0x6e, 0x61, 0x67, 0x65, 0x72, 0x5f, 0x74, 0x79, 0x70, 0x65,
    0x3a, 0x20, 0x24, 0x6d, 0x61, 0x6e, 0x61, 0x67, 0x65, 0x72, 0x5f, 0x62, 0x69, 0x6e, 0x22, 0x0a,
    0x0a, 0x20, 0x20, 0x69, 0x66, 0x20, 0x5b, 0x5b, 0x20, 0x22, 0x24, 0x6d, 0x61, 0x6e, 0x61, 0x67,
    0x65, 0x72, 0x5f, 0x74, 0x79, 0x70, 0x65, 0x22, 0x20, 0x3d, 0x3d, 0x20, 0x22, 0x6d, 0x69, 0x63,
    0x72, 0x6f, 0x6d, 0x61, 0x6d, 0x62, 0x61, 0x22, 0x20, 0x5d, 0x5d, 0x3b, 0x20, 0x74, 0x68, 0x65,
    0x6e, 0x0a, 0x20, 0x20, 0x20, 0x20, 0x61, 0x73, 0x5f, 0x6c, 0x6f, 0x67, 0x69, 0x6e, 0x5f, 0x75,
    0x73, 0x65, 0x72, 0x20, 0x6d, 0x6b, 0x64, 0x69, 0x72, 0x20, 0x2d, 0x70, 0x20, 0x22, 0x24, 0x72,
    0x6f, 0x6f, 0x74, 0x5f, 0x70, 0x72, 0x65, 0x66, 0x69, 0x78, 0x22, 0x0a, 0x20, 0x20, 0x20, 0x20,
    0x61, 0x73, 0x5f, 0x6c, 0x6f, 0x67, 0x69, 0x6e, 0x5f, 0x75, 0x73, 0x65, 0x72, 0x20, 0x65, 0x6e,
    0x76, 0x20, 0x4d, 0x41, 0x4d, 0x42, 0x41, 0x5f, 0x52, 0x4f, 0x4f, 0x54, 0x5f, 0x50, 0x52, 0x45,
    0x46, 0x49, 0x58, 0x3d, 0x22, 0x24, 0x72, 0x6f, 0x6f, 0x74, 0x5f, 0x70, 0x72, 0x65, 0x66, 0x69,
    0x78, 0x22, 0x20, 0x22, 0x24, 0x6d, 0x61, 0x6e, 0x61, 0x67, 0x65, 0x72, 0x5f, 0x62, 0x69, 0x6e,
    0x22, 0x20, 0x63, 0x6f, 0x6e, 0x66, 0x69, 0x67, 0x20, 0x73, 0x65, 0x74, 0x20, 0x75, 0x73, 0x65,
    0x5f, 0x73, 0x68, 0x61, 0x72, 0x64, 0x65, 0x64, 0x5f, 0x72, 0x65, 0x70, 0x6f, 0x64, 0x61, 0x74,
    0x61, 0x20, 0x66, 0x61, 0x6c, 0x73, 0x65, 0x0a, 0x20, 0x20, 0x65, 0x6c, 0x73, 0x65, 0x0a, 0x20,
    0x20, 0x20, 0x20, 0x62, 0x61, 0x73, 0x65, 0x5f, 0x70, 0x72, 0x65, 0x66, 0x69, 0x78, 0x3d, 0x22,
    0x24, 0x28, 0x64, 0x69, 0x72, 0x6e, 0x61, 0x6d, 0x65, 0x20, 0x22, 0x24, 0x28, 0x64, 0x69, 0x72,
    0x6e, 0x61, 0x6d, 0x65, 0x20, 0x22, 0x24, 0x6d, 0x61, 0x6e, 0x61, 0x67, 0x65, 0x72, 0x5f, 0x62,
    0x69, 0x6e, 0x22, 0x29, 0x22, 0x29, 0x22, 0x0a, 0x20, 0x20, 0x66, 0x69, 0x0a, 0x0a, 0x20, 0x20,
    0x63, 0x72, 0x65, 0x61, 0x74, 0x65, 0x5f, 0x65, 0x6e, 0x76, 0x28, 0x29, 0x20, 0x7b, 0x0a, 0x20,
    0x20, 0x20, 0x20, 0x6c, 0x6f, 0x63, 0x61, 0x6c, 0x20, 0x6e, 0x61, 0x6d, 0x65, 0x3d, 0x22, 0x24,
    0x31, 0x22, 0x3b, 0x20, 0x73, 0x68, 0x69, 0x66, 0x74, 0x0a, 0x20, 0x20, 0x20, 0x20, 0x6c, 0x6f,
    0x63, 0x61, 0x6c, 0x20, 0x65, 0x6e, 0x76, 0x5f, 0x65, 0x78, 0x69, 0x73, 0x74, 0x73, 0x3d, 0x30,
    0x0a, 0x0a, 0x20, 0x20, 0x20, 0x20, 0x69, 0x66, 0x20, 0x5b, 0x5b, 0x20, 0x22, 0x24, 0x6d, 0x61,
    0x6e, 0x61, 0x67, 0x65, 0x72, 0x5f, 0x74, 0x79, 0x70, 0x65, 0x22, 0x20, 0x3d, 0x3d, 0x20, 0x22,
    0x6d, 0x69, 0x63, 0x72, 0x6f, 0x6d, 0x61, 0x6d, 0x62, 0x61, 0x22, 0x20, 0x5d, 0x5d, 0x3b, 0x20,
    0x74, 0x68, 0x65, 0x6e, 0x0a, 0x20, 0x20, 0x20, 0x20, 0x20, 0x20, 0x5b, 0x5b, 0x20, 0x2d, 0x64,
    0x20, 0x22, 0x24, 0x72, 0x6f, 0x6f, 0x74, 0x5f, 0x70, 0x72, 0x65, 0x66, 0x69, 0x78, 0x2f, 0x65,
    0x6e, 0x76, 0x73, 0x2f, 0x24, 0x6e, 0x61, 0x6d, 0x65, 0x22, 0x20, 0x5d, 0x5d, 0x20, 0x26, 0x26,
    0x20, 0x65, 0x6e, 0x76, 0x5f, 0x65, 0x78, 0x69, 0x73, 0x74, 0x73, 0x3d, 0x31, 0x0a, 0x20, 0x20,
    0x20, 0x20, 0x65, 0x6c, 0x73, 0x65, 0x0a, 0x20, 0x20, 0x20, 0x20, 0x20, 0x20, 0x5b, 0x5b, 0x20,
    0x2d, 0x64, 0x20, 0x22, 0x24, 0x62, 0x61, 0x73, 0x65, 0x5f, 0x70, 0x72, 0x65, 0x66, 0x69, 0x78,
    0x2f, 0x65, 0x6e, 0x76, 0x73, 0x2f, 0x24, 0x6e, 0x61, 0x6d, 0x65, 0x22, 0x20, 0x7c, 0x7c, 0x20,
    0x2d, 0x64, 0x20, 0x22, 0x24, 0x68, 0x6f, 0x6d, 0x65, 0x2f, 0x2e, 0x63, 0x6f, 0x6e, 0x64, 0x61,
    0x2f, 0x65, 0x6e, 0x76, 0x73, 0x2f, 0x24, 0x6e, 0x61, 0x6d, 0x65, 0x22, 0x20, 0x5d, 0x5d, 0x20,
    0x26, 0x26, 0x20, 0x65, 0x6e, 0x76, 0x5f, 0x65, 0x78, 0x69, 0x73, 0x74, 0x73, 0x3d, 0x31, 0x0a,
    0x20, 0x20, 0x20, 0x20, 0x66, 0x69, 0x0a, 0x0a, 0x20, 0x20, 0x20, 0x20, 0x69, 0x66, 0x20, 0x28,
    0x28, 0x20, 0x65, 0x6e, 0x76, 0x5f, 0x65, 0x78, 0x69, 0x73, 0x74, 0x73, 0x20, 0x29, 0x29, 0x3b,
    0x20, 0x74, 0x68, 0x65, 0x6e, 0x0a, 0x20, 0x20, 0x20, 0x20, 0x20, 0x20, 0x69, 0x6e, 0x66, 0x6f,
    0x20, 0x22, 0xe7, 0x8e, 0xaf, 0xe5, 0xa2, 0x83, 0x20, 0x24, 0x6e, 0x61, 0x6d, 0x65, 0x20, 0xe5,
    0xb7, 0xb2, 0xe5, 0xad, 0x98, 0xe5, 0x9c, 0xa8, 0xef, 0xbc, 0x8c, 0xe8, 0xb7, 0xb3, 0xe8, 0xbf,
    0x87, 0xe3, 0x80, 0x82, 0x22, 0x0a, 0x20, 0x20, 0x20, 0x20, 0x20, 0x20, 0x72, 0x65, 0x74, 0x75,
    0x72, 0x6e, 0x20, 0x30, 0x0a, 0x20, 0x20, 0x20, 0x20, 0x66, 0x69, 0x0a, 0x0a, 0x20, 0x20, 0x20,
    0x20, 0x69, 0x66, 0x20, 0x5b, 0x5b, 0x20, 0x22, 0x24, 0x6d, 0x61, 0x6e, 0x61, 0x67, 0x65, 0x72,
    0x5f, 0x74, 0x79, 0x70, 0x65, 0x22, 0x20, 0x3d, 0x3d, 0x20, 0x22, 0x6d, 0x69, 0x63, 0x72, 0x6f,
    0x6d, 0x61, 0x6d, 0x62, 0x61, 0x22, 0x20, 0x5d, 0x5d, 0x3b, 0x20, 0x74, 0x68, 0x65, 0x6e, 0x0a,
    0x20, 0x20, 0x20, 0x20, 0x20, 0x20, 0x61, 0x73, 0x5f, 0x6c, 0x6f, 0x67, 0x69, 0x6e, 0x5f, 0x75,
    0x73, 0x65, 0x72, 0x20, 0x65, 0x6e, 0x76, 0x20, 0x4d, 0x41, 0x4d, 0x42, 0x41, 0x5f, 0x52, 0x4f,
    0x4f, 0x54, 0x5f, 0x50, 0x52, 0x45, 0x46, 0x49, 0x58, 0x3d, 0x22, 0x24, 0x72, 0x6f, 0x6f, 0x74,
    0x5f, 0x70, 0x72, 0x65, 0x66, 0x69, 0x78, 0x22, 0x20, 0x22, 0x24, 0x6d, 0x61, 0x6e, 0x61, 0x67,
    0x65, 0x72, 0x5f, 0x62, 0x69, 0x6e, 0x22, 0x20, 0x63, 0x72, 0x65, 0x61, 0x74, 0x65, 0x20, 0x2d,
    0x79, 0x20, 0x2d, 0x6e, 0x20, 0x22, 0x24, 0x6e, 0x61, 0x6d, 0x65, 0x22, 0x20, 0x2d, 0x63, 0x20,
    0x63, 0x6f, 0x6e, 0x64, 0x61, 0x2d, 0x66, 0x6f, 0x72, 0x67, 0x65, 0x20, 0x2d, 0x63, 0x20, 0x62,
    0x69, 0x6f, 0x63, 0x6f, 0x6e, 0x64, 0x61, 0x20, 0x22, 0x24, 0x40, 0x22, 0x0a, 0x20, 0x20, 0x20,
    0x20, 0x65, 0x6c, 0x73, 0x65, 0x0a, 0x20, 0x20, 0x20, 0x20, 0x20, 0x20, 0x61, 0x73, 0x5f, 0x6c,
    0x6f, 0x67, 0x69, 0x6e, 0x5f, 0x75, 0x73, 0x65, 0x72, 0x20, 0x22, 0x24, 0x6d, 0x61, 0x6e, 0x61,
    0x67, 0x65, 0x72, 0x5f, 0x62, 0x69, 0x6e, 0x22, 0x20, 0x63, 0x72, 0x65, 0x61, 0x74, 0x65, 0x20,
    0x2d, 0x79, 0x20, 0x2d, 0x6e, 0x20, 0x22, 0x24, 0x6e, 0x61, 0x6d, 0x65, 0x22, 0x20, 0x2d, 0x63,
    0x20, 0x63, 0x6f, 0x6e, 0x64, 0x61, 0x2d, 0x66, 0x6f, 0x72, 0x67, 0x65, 0x20, 0x2d, 0x63, 0x20,
    0x62, 0x69, 0x6f, 0x63, 0x6f, 0x6e, 0x64, 0x61, 0x20, 0x22, 0x24, 0x40, 0x22, 0x0a, 0x20, 0x20,
    0x20, 0x20, 0x66, 0x69, 0x0a, 0x20, 0x20, 0x7d, 0x0a, 0x0a, 0x20, 0x20, 0x63, 0x61, 0x73, 0x65,
    0x20, 0x22, 0x24, 0x63, 0x68, 0x6f, 0x69, 0x63, 0x65, 0x22, 0x20, 0x69, 0x6e, 0x0a, 0x20, 0x20,
    0x20, 0x20, 0x31, 0x29, 0x20, 0x63, 0x72, 0x65, 0x61, 0x74, 0x65, 0x5f, 0x65, 0x6e, 0x76, 0x20,
    0x52, 0x4e, 0x41, 0x53, 0x65, 0x71, 0x20, 0x70, 0x79, 0x74, 0x68, 0x6f, 0x6e, 0x3d, 0x33, 0x20,
    0x73, 0x61, 0x6d, 0x74, 0x6f, 0x6f, 0x6c, 0x73, 0x20, 0x66, 0x61, 0x73, 0x74, 0x71, 0x63, 0x20,
    0x6d, 0x75, 0x6c, 0x74, 0x69, 0x71, 0x63, 0x20, 0x63, 0x75, 0x74, 0x61, 0x64, 0x61, 0x70, 0x74,
    0x20, 0x66, 0x61, 0x73, 0x74, 0x70, 0x20, 0x62, 0x6f, 0x77, 0x74, 0x69, 0x65, 0x20, 0x62, 0x6f,
    0x77, 0x74, 0x69, 0x65, 0x32, 0x20, 0x62, 0x77, 0x61, 0x20, 0x73, 0x74, 0x61, 0x72, 0x20, 0x68,
    0x69, 0x73, 0x61, 0x74, 0x32, 0x20, 0x68, 0x74, 0x73, 0x65, 0x71, 0x20, 0x73, 0x75, 0x62, 0x72,
    0x65, 0x61, 0x64, 0x20, 0x63, 0x75, 0x66, 0x66, 0x6c, 0x69, 0x6e, 0x6b, 0x73, 0x20, 0x62, 0x65,
    0x64, 0x74, 0x6f, 0x6f, 0x6c, 0x73, 0x20, 0x73, 0x65, 0x71, 0x6b, 0x69, 0x74, 0x20, 0x3b, 0x3b,
    0x0a, 0x20, 0x20, 0x20, 0x20, 0x32, 0x29, 0x20, 0x63, 0x72, 0x65, 0x61, 0x74, 0x65, 0x5f, 0x65,
    0x6e, 0x76, 0x20, 0x43, 0x68, 0x49, 0x50, 0x53, 0x65, 0x71, 0x20, 0x70, 0x79, 0x74, 0x68, 0x6f,
    0x6e, 0x3d, 0x33, 0x20, 0x73, 0x61, 0x6d, 0x74, 0x6f, 0x6f, 0x6c, 0x73, 0x20, 0x66, 0x61, 0x73,
    0x74, 0x71, 0x63, 0x20, 0x6d, 0x75, 0x6c, 0x74, 0x69, 0x71, 0x63, 0x20, 0x63, 0x75, 0x74, 0x61,
    0x64, 0x61, 0x70, 0x74, 0x20, 0x66, 0x61, 0x73, 0x74, 0x70, 0x20, 0x62, 0x6f, 0x77, 0x74, 0x69,
    0x65, 0x20, 0x62, 0x6f, 0x77, 0x74, 0x69, 0x65, 0x32, 0x20, 0x62, 0x77, 0x61, 0x20, 0x73, 0x74,
    0x61, 0x72, 0x20, 0x68, 0x69, 0x73, 0x61, 0x74, 0x32, 0x20, 0x68, 0x74, 0x73, 0x65, 0x71, 0x20,
    0x73, 0x75, 0x62, 0x72, 0x65, 0x61, 0x64, 0x20, 0x62, 0x65, 0x64, 0x74, 0x6f, 0x6f, 0x6c, 0x73,
    0x20, 0x64, 0x65, 0x65, 0x70, 0x74, 0x6f, 0x6f, 0x6c, 0x73, 0x20, 0x73, 0x65, 0x71, 0x6b, 0x69,
    0x74, 0x20, 0x6d, 0x61, 0x63, 0x73, 0x32, 0x20, 0x3b, 0x3b, 0x0a, 0x20, 0x20, 0x20, 0x20, 0x33,
    0x29, 0x20, 0x63, 0x72, 0x65, 0x61, 0x74, 0x65, 0x5f, 0x65, 0x6e, 0x76, 0x20, 0x57, 0x47, 0x53,
    0x20, 0x70, 0x79, 0x74, 0x68, 0x6f, 0x6e, 0x3d, 0x33, 0x20, 0x73, 0x61, 0x6d, 0x74, 0x6f, 0x6f,
    0x6c, 0x73, 0x20, 0x66, 0x61, 0x73, 0x74, 0x71, 0x63, 0x20, 0x6d, 0x75, 0x6c, 0x74, 0x69, 0x71,
    0x63, 0x20, 0x63, 0x75, 0x74, 0x61, 0x64, 0x61, 0x70, 0x74, 0x20, 0x66, 0x61, 0x73, 0x74, 0x70,
    0x20, 0x62, 0x6f, 0x77, 0x74, 0x69, 0x65, 0x20, 0x62, 0x6f, 0x77, 0x74, 0x69, 0x65, 0x32, 0x20,
    0x62, 0x77, 0x61, 0x20, 0x6d, 0x69, 0x6e, 0x69, 0x6d, 0x61, 0x70, 0x32, 0x20, 0x73, 0x74, 0x61,
    0x72, 0x20, 0x68, 0x69, 0x73, 0x61, 0x74, 0x32, 0x20, 0x68, 0x74, 0x73, 0x65, 0x71, 0x20, 0x73,
    0x75, 0x62, 0x72, 0x65, 0x61, 0x64, 0x20, 0x62, 0x65, 0x64, 0x74, 0x6f, 0x6f, 0x6c, 0x73, 0x20,
    0x64, 0x65, 0x65, 0x70, 0x74, 0x6f, 0x6f, 0x6c, 0x73, 0x20, 0x73, 0x65, 0x71, 0x6b, 0x69, 0x74,
    0x20, 0x62, 0x63, 0x66, 0x74, 0x6f, 0x6f, 0x6c, 0x73, 0x20, 0x3b, 0x3b, 0x0a, 0x20, 0x20, 0x20,
    0x20, 0x34, 0x29, 0x20, 0x63, 0x72, 0x65, 0x61, 0x74, 0x65, 0x5f, 0x65, 0x6e, 0x76, 0x20, 0x73,
    0x63, 0x52, 0x4e, 0x41, 0x53, 0x65, 0x71, 0x20, 0x70, 0x79, 0x74, 0x68, 0x6f, 0x6e, 0x3d, 0x33,
    0x20, 0x73, 0x61, 0x6d, 0x74, 0x6f, 0x6f, 0x6c, 0x73, 0x20, 0x66, 0x61, 0x73, 0x74, 0x71, 0x63,
    0x20, 0x6d, 0x75, 0x6c, 0x74, 0x69, 0x71, 0x63, 0x20, 0x63, 0x75, 0x74, 0x61, 0x64, 0x61, 0x70,
    0x74, 0x20, 0x66, 0x61, 0x73, 0x74, 0x70, 0x20, 0x62, 0x6f, 0x77, 0x74, 0x69, 0x65, 0x20, 0x62,
    0x6f, 0x77, 0x74, 0x69, 0x65, 0x32, 0x20, 0x62, 0x77, 0x61, 0x20, 0x73, 0x74, 0x61, 0x72, 0x20,
    0x68, 0x69, 0x73, 0x61, 0x74, 0x32, 0x20, 0x68, 0x74, 0x73, 0x65, 0x71, 0x20, 0x73, 0x75, 0x62,
    0x72, 0x65, 0x61, 0x64, 0x20, 0x62, 0x65, 0x64, 0x74, 0x6f, 0x6f, 0x6c, 0x73, 0x20, 0x73, 0x65,
    0x71, 0x6b, 0x69, 0x74, 0x20, 0x73, 0x63, 0x61, 0x6e, 0x70, 0x79, 0x20, 0x70, 0x79, 0x74, 0x68,
    0x6f, 0x6e, 0x2d, 0x69, 0x67, 0x72, 0x61, 0x70, 0x68, 0x20, 0x6c, 0x65, 0x69, 0x64, 0x65, 0x6e,
    0x61, 0x6c, 0x67, 0x20, 0x73, 0x63, 0x76, 0x65, 0x6c, 0x6f, 0x20, 0x63, 0x65, 0x6c, 0x6c, 0x74,
    0x79, 0x70, 0x69, 0x73, 0x74, 0x20, 0x73, 0x63, 0x72, 0x75, 0x62, 0x6c, 0x65, 0x74, 0x20, 0x76,
    0x65, 0x6c, 0x6f, 0x63, 0x79, 0x74, 0x6f, 0x2e, 0x70, 0x79, 0x20, 0x73, 0x63, 0x69, 0x72, 0x70,
    0x79, 0x20, 0x3b, 0x3b, 0x0a, 0x20, 0x20, 0x20, 0x20, 0x35, 0x29, 0x0a, 0x20, 0x20, 0x20, 0x20,
    0x20, 0x20, 0x63, 0x72, 0x65, 0x61, 0x74, 0x65, 0x5f, 0x6d, 0x65, 0x74, 0x61, 0x77, 0x72, 0x61,
    0x70, 0x5f, 0x66, 0x6f, 0x72, 0x5f, 0x6c, 0x6f, 0x67, 0x69, 0x6e, 0x5f, 0x75, 0x73, 0x65, 0x72,
    0x20, 0x22, 0x24, 0x6d, 0x61, 0x6e, 0x61, 0x67, 0x65, 0x72, 0x5f, 0x74, 0x79, 0x70, 0x65, 0x22,
    0x20, 0x22, 0x24, 0x6d, 0x61, 0x6e, 0x61, 0x67, 0x65, 0x72, 0x5f, 0x62, 0x69, 0x6e, 0x22, 0x20,
    0x22, 0x24, 0x68, 0x6f, 0x6d, 0x65, 0x22, 0x20, 0x22, 0x24, 0x72, 0x6f, 0x6f, 0x74, 0x5f, 0x70,
    0x72, 0x65, 0x66, 0x69, 0x78, 0x22, 0x20, 0x22, 0x24, 0x7b, 0x62, 0x61, 0x73, 0x65, 0x5f, 0x70,
    0x72, 0x65, 0x66, 0x69, 0x78, 0x3a, 0x2d, 0x7d, 0x22, 0x0a, 0x20, 0x20, 0x20, 0x20, 0x20, 0x20,
    0x3b, 0x3b, 0x0a, 0x20, 0x20, 0x20, 0x20, 0x36, 0x29, 0x0a, 0x20, 0x20, 0x20, 0x20, 0x20, 0x20,
    0x63, 0x72, 0x65, 0x61, 0x74, 0x65, 0x5f, 0x6d, 0x65, 0x74, 0x61, 0x63, 0x61, 0x74, 0x5f, 0x66,
    0x6f, 0x72, 0x5f, 0x6c, 0x6f, 0x67, 0x69, 0x6e, 0x5f, 0x75, 0x73, 0x65, 0x72, 0x20, 0x22, 0x24,
    0x6d, 0x61, 0x6e, 0x61, 0x67, 0x65, 0x72, 0x5f, 0x74, 0x79, 0x70, 0x65, 0x22, 0x20, 0x22, 0x24,
    0x6d, 0x61, 0x6e, 0x61, 0x67, 0x65, 0x72, 0x5f, 0x62, 0x69, 0x6e, 0x22, 0x20, 0x22, 0x24, 0x68,
    0x6f, 0x6d, 0x65, 0x22, 0x20, 0x22, 0x24, 0x72, 0x6f, 0x6f, 0x74, 0x5f, 0x70, 0x72, 0x65, 0x66,
    0x69, 0x78, 0x22, 0x20, 0x22, 0x24, 0x7b, 0x62, 0x61, 0x73, 0x65, 0x5f, 0x70, 0x72, 0x65, 0x66,
    0x69, 0x78, 0x3a, 0x2d, 0x7d, 0x22, 0x0a, 0x20, 0x20, 0x20, 0x20, 0x20, 0x20, 0x3b, 0x3b, 0x0a,
    0x20, 0x20, 0x20, 0x20, 0x37, 0x29, 0x0a, 0x20, 0x20, 0x20, 0x20, 0x20, 0x20, 0x63, 0x72, 0x65,
    0x61, 0x74, 0x65, 0x5f, 0x65, 0x6e, 0x76, 0x20, 0x52, 0x4e, 0x41, 0x53, 0x65, 0x71, 0x20, 0x70,
    0x79, 0x74, 0x68, 0x6f, 0x6e, 0x3d, 0x33, 0x20, 0x73, 0x61, 0x6d, 0x74, 0x6f, 0x6f, 0x6c, 0x73,
    0x20, 0x66, 0x61, 0x73, 0x74, 0x71, 0x63, 0x20, 0x6d, 0x75, 0x6c, 0x74, 0x69, 0x71, 0x63, 0x20,
    0x63, 0x75, 0x74, 0x61, 0x64, 0x61, 0x70, 0x74, 0x20, 0x66, 0x61, 0x73, 0x74, 0x70, 0x20, 0x62,
    0x6f, 0x77, 0x74, 0x69, 0x65, 0x20, 0x62, 0x6f, 0x77, 0x74, 0x69, 0x65, 0x32, 0x20, 0x62, 0x77,
    0x61, 0x20, 0x73, 0x74, 0x61, 0x72, 0x20, 0x68, 0x69, 0x73, 0x61, 0x74, 0x32, 0x20, 0x68, 0x74,
    0x73, 0x65, 0x71, 0x20, 0x73, 0x75, 0x62, 0x72, 0x65, 0x61, 0x64, 0x20, 0x63, 0x75, 0x66, 0x66,
    0x6c, 0x69, 0x6e, 0x6b, 0x73, 0x20, 0x62, 0x65, 0x64, 0x74, 0x6f, 0x6f, 0x6c, 0x73, 0x20, 0x73,
    0x65, 0x71, 0x6b, 0x69, 0x74, 0x0a, 0x20, 0x20, 0x20, 0x20, 0x20, 0x20, 0x63, 0x72, 0x65, 0x61,
    0x74, 0x65, 0x5f, 0x65, 0x6e, 0x76, 0x20, 0x43, 0x68, 0x49, 0x50, 0x53, 0x65, 0x71, 0x20, 0x70,
    0x79, 0x74, 0x68, 0x6f, 0x6e, 0x3d, 0x33, 0x20, 0x73, 0x61, 0x6d, 0x74, 0x6f, 0x6f, 0x6c, 0x73,
    0x20, 0x66, 0x61, 0x73, 0x74, 0x71, 0x63, 0x20, 0x6d, 0x75, 0x6c, 0x74, 0x69, 0x71, 0x63, 0x20,
    0x63, 0x75, 0x74, 0x61, 0x64, 0x61, 0x70, 0x74, 0x20, 0x66, 0x61, 0x73, 0x74, 0x70, 0x20, 0x62,
    0x6f, 0x77, 0x74, 0x69, 0x65, 0x20, 0x62, 0x6f, 0x77, 0x74, 0x69, 0x65, 0x32, 0x20, 0x62, 0x77,
    0x61, 0x20, 0x73, 0x74, 0x61, 0x72, 0x20, 0x68, 0x69, 0x73, 0x61, 0x74, 0x32, 0x20, 0x68, 0x74,
    0x73, 0x65, 0x71, 0x20, 0x73, 0x75, 0x62, 0x72, 0x65, 0x61, 0x64, 0x20, 0x62, 0x65, 0x64, 0x74,
    0x6f, 0x6f, 0x6c, 0x73, 0x20, 0x64, 0x65, 0x65, 0x70, 0x74, 0x6f, 0x6f, 0x6c, 0x73, 0x20, 0x73,
    0x65, 0x71, 0x6b, 0x69, 0x74, 0x20, 0x6d, 0x61, 0x63, 0x73, 0x32, 0x0a, 0x20, 0x20, 0x20, 0x20,
    0x20, 0x20, 0x63, 0x72, 0x65, 0x61, 0x74, 0x65, 0x5f, 0x65, 0x6e, 0x76, 0x20, 0x57, 0x47, 0x53,
    0x20, 0x70, 0x79, 0x74, 0x68, 0x6f, 0x6e, 0x3d, 0x33, 0x20, 0x73, 0x61, 0x6d, 0x74, 0x6f, 0x6f,
    0x6c, 0x73, 0x20, 0x66, 0x61, 0x73, 0x74, 0x71, 0x63, 0x20, 0x6d, 0x75, 0x6c, 0x74, 0x69, 0x71,
    0x63, 0x20, 0x63, 0x75, 0x74, 0x61, 0x64, 0x61, 0x70, 0x74, 0x20, 0x66, 0x61, 0x73, 0x74, 0x70,
    0x20, 0x62, 0x6f, 0x77, 0x74, 0x69, 0x65, 0x20, 0x62, 0x6f, 0x77, 0x74, 0x69, 0x65, 0x32, 0x20,
    0x62, 0x77, 0x61, 0x20, 0x6d, 0x69, 0x6e, 0x69, 0x6d, 0x61, 0x70, 0x32, 0x20, 0x73, 0x74, 0x61,
    0x72, 0x20, 0x68, 0x69, 0x73, 0x61, 0x74, 0x32, 0x20, 0x68, 0x74, 0x73, 0x65, 0x71, 0x20, 0x73,
    0x75, 0x62, 0x72, 0x65, 0x61, 0x64, 0x20, 0x62, 0x65, 0x64, 0x74, 0x6f, 0x6f, 0x6c, 0x73, 0x20,
    0x64, 0x65, 0x65, 0x70, 0x74, 0x6f, 0x6f, 0x6c, 0x73, 0x20, 0x73, 0x65, 0x71, 0x6b, 0x69, 0x74,
    0x20, 0x62, 0x63, 0x66, 0x74, 0x6f, 0x6f, 0x6c, 0x73, 0x0a, 0x20, 0x20, 0x20, 0x20, 0x20, 0x20,
    0x63, 0x72, 0x65, 0x61, 0x74, 0x65, 0x5f, 0x65, 0x6e, 0x76, 0x20, 0x73, 0x63, 0x52, 0x4e, 0x41,
    0x53, 0x65, 0x71, 0x20, 0x70, 0x79, 0x74, 0x68, 0x6f, 0x6e, 0x3d, 0x33, 0x20, 0x73, 0x61, 0x6d,
    0x74, 0x6f, 0x6f, 0x6c, 0x73, 0x20, 0x66, 0x61, 0x73, 0x74, 0x71, 0x63, 0x20, 0x6d, 0x75, 0x6c,
    0x74, 0x69, 0x71, 0x63, 0x20, 0x63, 0x75, 0x74, 0x61, 0x64, 0x61, 0x70, 0x74, 0x20, 0x66, 0x61,
    0x73, 0x74, 0x70, 0x20, 0x62, 0x6f, 0x77, 0x74, 0x69, 0x65, 0x20, 0x62, 0x6f, 0x77, 0x74, 0x69,
    0x65, 0x32, 0x20, 0x62, 0x77, 0x61, 0x20, 0x73, 0x74, 0x61, 0x72, 0x20, 0x68, 0x69, 0x73, 0x61,
    0x74, 0x32, 0x20, 0x68, 0x74, 0x73, 0x65, 0x71, 0x20, 0x73, 0x75, 0x62, 0x72, 0x65, 0x61, 0x64,
    0x20, 0x62, 0x65, 0x64, 0x74, 0x6f, 0x6f, 0x6c, 0x73, 0x20, 0x73, 0x65, 0x71, 0x6b, 0x69, 0x74,
    0x20, 0x73, 0x63, 0x61, 0x6e, 0x70, 0x79, 0x20, 0x70, 0x79, 0x74, 0x68, 0x6f, 0x6e, 0x2d, 0x69,
    0x67, 0x72, 0x61, 0x70, 0x68, 0x20, 0x6c, 0x65, 0x69, 0x64, 0x65, 0x6e, 0x61, 0x6c, 0x67, 0x20,
    0x73, 0x63, 0x76, 0x65, 0x6c, 0x6f, 0x20, 0x63, 0x65, 0x6c, 0x6c, 0x74, 0x79, 0x70, 0x69, 0x73,
    0x74, 0x20, 0x73, 0x63, 0x72, 0x75, 0x62, 0x6c, 0x65, 0x74, 0x20, 0x76, 0x65, 0x6c, 0x6f, 0x63,
    0x79, 0x74, 0x6f, 0x2e, 0x70, 0x79, 0x20, 0x73, 0x63, 0x69, 0x72, 0x70, 0x79, 0x0a, 0x20, 0x20,
    0x20, 0x20, 0x20, 0x20, 0x3b, 0x3b, 0x0a, 0x20, 0x20, 0x20, 0x20, 0x2a, 0x29, 0x0a, 0x20, 0x20,
    0x20, 0x20, 0x20, 0x20, 0x77, 0x61, 0x72, 0x6e, 0x20, 0x22, 0xe6, 0x97, 0xa0, 0xe6, 0x95, 0x88,
    0xe9, 0x80, 0x89, 0xe6, 0x8b, 0xa9, 0xe3, 0x80, 0x82, 0x22, 0x0a, 0x20, 0x20, 0x20, 0x20, 0x20,
    0x20, 0x72, 0x65, 0x74, 0x75, 0x72, 0x6e, 0x20, 0x31, 0x0a, 0x20, 0x20, 0x20, 0x20, 0x20, 0x20,
    0x3b, 0x3b, 0x0a, 0x20, 0x20, 0x65, 0x73, 0x61, 0x63, 0x0a, 0x0a, 0x20, 0x20, 0x6c, 0x6f, 0x67,
    0x20, 0x22, 0xe7, 0x94, 0x9f, 0xe4, 0xbf, 0xa1, 0xe7, 0x8e, 0xaf, 0xe5, 0xa2, 0x83, 0xe5, 0x88,
    0x9b, 0xe5, 0xbb, 0xba, 0xe6, 0xb5, 0x81, 0xe7, 0xa8, 0x8b, 0xe5, 0xae, 0x8c, 0xe6, 0x88, 0x90,
    0xe3, 0x80, 0x82, 0x22, 0x0a, 0x7d, 0x0a, 0x0a, 0x69, 0x6e, 0x69, 0x74, 0x5f, 0x67, 0x72, 0x6f,
    0x75, 0x70, 0x73, 0x28, 0x29, 0x20, 0x7b, 0x0a, 0x20, 0x20, 0x6c, 0x6f, 0x63, 0x61, 0x6c, 0x20,
    0x2d, 0x61, 0x20, 0x67, 0x72, 0x6f, 0x75, 0x70, 0x73, 0x3d, 0x28, 0x61, 0x64, 0x6d, 0x69, 0x6e,
    0x20, 0x73, 0x68, 0x61, 0x72, 0x65, 0x76, 0x69, 0x70, 0x20, 0x70, 0x72, 0x69, 0x6d, 0x65, 0x76,
    0x69, 0x70, 0x20, 0x63, 0x6f, 0x75, 0x72, 0x73, 0x65, 0x76, 0x69, 0x70, 0x20, 0x6c, 0x61, 0x62,
    0x76, 0x69, 0x70, 0x29, 0x0a, 0x20, 0x20, 0x6c, 0x6f, 0x63, 0x61, 0x6c, 0x20, 0x2d, 0x61, 0x20,
    0x67, 0x69, 0x64, 0x73, 0x3d, 0x28, 0x31, 0x31, 0x30, 0x20, 0x33, 0x30, 0x30, 0x30, 0x32, 0x20,
    0x33, 0x30, 0x30, 0x30, 0x33, 0x20, 0x33, 0x30, 0x30, 0x30, 0x34, 0x20, 0x33, 0x30, 0x30, 0x30,
    0x35, 0x29, 0x0a, 0x20, 0x20, 0x6c, 0x6f, 0x63, 0x61, 0x6c, 0x20, 0x67, 0x72, 0x6f, 0x75, 0x70,
    0x20, 0x67, 0x69, 0x64, 0x20, 0x65, 0x78, 0x69, 0x73, 0x74, 0x69, 0x6e, 0x67, 0x5f, 0x67, 0x69,
    0x64, 0x20, 0x75, 0x73, 0x65, 0x64, 0x5f, 0x62, 0x79, 0x20, 0x69, 0x0a, 0x0a, 0x20, 0x20, 0x70,
    0x72, 0x69, 0x6e, 0x74, 0x66, 0x20, 0x27, 0x5c, 0x6e, 0x3d, 0x3d, 0x3d, 0x20, 0xe7, 0x94, 0xa8,
    0xe6, 0x88, 0xb7, 0xe7, 0xbb, 0x84, 0x20, 0x47, 0x49, 0x44, 0x20, 0xe8, 0xa7, 0x84, 0xe5, 0x88,
    0x92, 0x20, 0x3d, 0x3d, 0x3d, 0x5c, 0x6e, 0x27, 0x0a, 0x20, 0x20, 0x66, 0x6f, 0x72, 0x20, 0x69,
    0x20, 0x69, 0x6e, 0x20, 0x22, 0x24, 0x7b, 0x21, 0x67, 0x72, 0x6f, 0x75, 0x70, 0x73, 0x5b, 0x40,
    0x5d, 0x7d, 0x22, 0x3b, 0x20, 0x64, 0x6f, 0x0a, 0x20, 0x20, 0x20, 0x20, 0x67, 0x72, 0x6f, 0x75,
    0x70, 0x3d, 0x22, 0x24, 0x7b, 0x67, 0x72, 0x6f, 0x75, 0x70, 0x73, 0x5b, 0x24, 0x69, 0x5d, 0x7d,
    0x22, 0x0a, 0x20, 0x20, 0x20, 0x20, 0x67, 0x69, 0x64, 0x3d, 0x22, 0x24, 0x7b, 0x67, 0x69, 0x64,
    0x73, 0x5b, 0x24, 0x69, 0x5d, 0x7d, 0x22, 0x0a, 0x0a, 0x20, 0x20, 0x20, 0x20, 0x69, 0x66, 0x20,
    0x67, 0x65, 0x74, 0x65, 0x6e, 0x74, 0x20, 0x67, 0x72, 0x6f, 0x75, 0x70, 0x20, 0x22, 0x24, 0x67,
    0x72, 0x6f, 0x75, 0x70, 0x22, 0x20, 0x3e, 0x2f, 0x64, 0x65, 0x76, 0x2f, 0x6e, 0x75, 0x6c, 0x6c,
    0x20, 0x32, 0x3e, 0x26, 0x31, 0x3b, 0x20, 0x74, 0x68, 0x65, 0x6e, 0x0a, 0x20, 0x20, 0x20, 0x20,
    0x20, 0x20, 0x65, 0x78, 0x69, 0x73, 0x74, 0x69, 0x6e, 0x67, 0x5f, 0x67, 0x69, 0x64, 0x3d, 0x22,
    0x24, 0x28, 0x67, 0x65, 0x74, 0x65, 0x6e, 0x74, 0x20, 0x67, 0x72, 0x6f, 0x75, 0x70, 0x20, 0x22,
    0x24, 0x67, 0x72, 0x6f, 0x75, 0x70, 0x22, 0x20, 0x7c, 0x20, 0x63, 0x75, 0x74, 0x20, 0x2d, 0x64,
    0x3a, 0x20, 0x2d, 0x66, 0x33, 0x29, 0x22, 0x0a, 0x20, 0x20, 0x20, 0x20, 0x20, 0x20, 0x69, 0x66,
    0x20, 0x5b, 0x5b, 0x20, 0x22, 0x24, 0x65, 0x78, 0x69, 0x73, 0x74, 0x69, 0x6e, 0x67, 0x5f, 0x67,
    0x69, 0x64, 0x22, 0x20, 0x21, 0x3d, 0x20, 0x22, 0x24, 0x67, 0x69, 0x64, 0x22, 0x20, 0x5d, 0x5d,
    0x3b, 0x20, 0x74, 0x68, 0x65, 0x6e, 0x0a, 0x20, 0x20, 0x20, 0x20, 0x20, 0x20, 0x20, 0x20, 0x77,
    0x61, 0x72, 0x6e, 0x20, 0x22, 0xe7, 0xbb, 0x84, 0x20, 0x24, 0x67, 0x72, 0x6f, 0x75, 0x70, 0x20,
    0xe5, 0xb7, 0xb2, 0xe5, 0xad, 0x98, 0xe5, 0x9c, 0xa8, 0xef, 0xbc, 0x8c, 0xe4, 0xbd, 0x86, 0x20,
    0x47, 0x49, 0x44, 0x3d, 0x24, 0x65, 0x78, 0x69, 0x73, 0x74, 0x69, 0x6e, 0x67, 0x5f, 0x67, 0x69,
    0x64, 0xef, 0xbc, 0x9b, 0xe9, 0xa2, 0x84, 0xe6, 0x9c, 0x9f, 0x20, 0x47, 0x49, 0x44, 0x3d, 0x24,
    0x67, 0x69, 0x64, 0xe3, 0x80, 0x82, 0x22, 0x0a, 0x20, 0x20, 0x20, 0x20, 0x20, 0x20, 0x20, 0x20,
    0x77, 0x61, 0x72, 0x6e, 0x20, 0x22, 0xe4, 0xb8, 0xba, 0xe9, 0x81, 0xbf, 0xe5, 0x85, 0x8d, 0xe6,
    0x94, 0xb9, 0xe5, 0x8f, 0x98, 0xe7, 0x8e, 0xb0, 0xe6, 0x9c, 0x89, 0xe6, 0x96, 0x87, 0xe4, 0xbb,
    0xb6, 0xe5, 0xb1, 0x9e, 0xe7, 0xbb, 0x84, 0xef, 0xbc, 0x8c, 0xe8, 0x84, 0x9a, 0xe6, 0x9c, 0xac,
    0xe4, 0xb8, 0x8d, 0xe4, 0xbc, 0x9a, 0xe8, 0x87, 0xaa, 0xe5, 0x8a, 0xa8, 0xe4, 0xbf, 0xae, 0xe6,
    0x94, 0xb9, 0xe8, 0xaf, 0xa5, 0xe7, 0xbb, 0x84, 0x20, 0x47, 0x49, 0x44, 0xe3, 0x80, 0x82, 0x22,
    0x0a, 0x20, 0x20, 0x20, 0x20, 0x20, 0x20, 0x20, 0x20, 0x72, 0x65, 0x74, 0x75, 0x72, 0x6e, 0x20,
    0x31, 0x0a, 0x20, 0x20, 0x20, 0x20, 0x20, 0x20, 0x66, 0x69, 0x0a, 0x20, 0x20, 0x20, 0x20, 0x20,
    0x20, 0x70, 0x72, 0x69, 0x6e, 0x74, 0x66, 0x20, 0x27, 0x25, 0x2d, 0x31, 0x32, 0x73, 0x20, 0x65,
    0x78, 0x69, 0x73, 0x74, 0x69, 0x6e, 0x67, 0x20, 0x47, 0x49, 0x44, 0x3d, 0x25, 0x73, 0x5c, 0x6e,
    0x27, 0x20, 0x22, 0x24, 0x67, 0x72, 0x6f, 0x75, 0x70, 0x22, 0x20, 0x22, 0x24, 0x65, 0x78, 0x69,
    0x73, 0x74, 0x69, 0x6e, 0x67, 0x5f, 0x67, 0x69, 0x64, 0x22, 0x0a, 0x20, 0x20, 0x20, 0x20, 0x65,
    0x6c, 0x73, 0x65, 0x0a, 0x20, 0x20, 0x20, 0x20, 0x20, 0x20, 0x75, 0x73, 0x65, 0x64, 0x5f, 0x62,
    0x79, 0x3d, 0x22, 0x24, 0x28, 0x67, 0x65, 0x74, 0x65, 0x6e, 0x74, 0x20, 0x67, 0x72, 0x6f, 0x75,
    0x70, 0x20, 0x22, 0x24, 0x67, 0x69, 0x64, 0x22, 0x20, 0x32, 0x3e, 0x2f, 0x64, 0x65, 0x76, 0x2f,
    0x6e, 0x75, 0x6c, 0x6c, 0x20, 0x7c, 0x20, 0x63, 0x75, 0x74, 0x20, 0x2d, 0x64, 0x3a, 0x20, 0x2d,
    0x66, 0x31, 0x20, 0x7c, 0x7c, 0x20, 0x74, 0x72, 0x75, 0x65, 0x29, 0x22, 0x0a, 0x20, 0x20, 0x20,
    0x20, 0x20, 0x20, 0x69, 0x66, 0x20, 0x5b, 0x5b, 0x20, 0x2d, 0x6e, 0x20, 0x22, 0x24, 0x75, 0x73,
    0x65, 0x64, 0x5f, 0x62, 0x79, 0x22, 0x20, 0x5d, 0x5d, 0x3b, 0x20, 0x74, 0x68, 0x65, 0x6e, 0x0a,
    0x20, 0x20, 0x20, 0x20, 0x20, 0x20, 0x20, 0x20, 0x77, 0x61, 0x72, 0x6e, 0x20, 0x22, 0xe8, 0xae,
    0xa1, 0xe5, 0x88, 0x92, 0x20, 0x47, 0x49, 0x44, 0x20, 0x24, 0x67, 0x69, 0x64, 0x20, 0xe5, 0xb7,
    0xb2, 0xe8, 0xa2, 0xab, 0xe7, 0xbb, 0x84, 0x20, 0x24, 0x75, 0x73, 0x65, 0x64, 0x5f, 0x62, 0x79,
    0x20, 0xe4, 0xbd, 0xbf, 0xe7, 0x94, 0xa8, 0xef, 0xbc, 0x8c, 0xe6, 0x97, 0xa0, 0xe6, 0xb3, 0x95,
    0xe5, 0x88, 0x9b, 0xe5, 0xbb, 0xba, 0x20, 0x24, 0x67, 0x72, 0x6f, 0x75, 0x70, 0xe3, 0x80, 0x82,
    0x22, 0x0a, 0x20, 0x20, 0x20, 0x20, 0x20, 0x20, 0x20, 0x20, 0x72, 0x65, 0x74, 0x75, 0x72, 0x6e,
    0x20, 0x31, 0x0a, 0x20, 0x20, 0x20, 0x20, 0x20, 0x20, 0x66, 0x69, 0x0a, 0x20, 0x20, 0x20, 0x20,
    0x20, 0x20, 0x70, 0x72, 0x69, 0x6e, 0x74, 0x66, 0x20, 0x27, 0x25, 0x2d, 0x31, 0x32, 0x73, 0x20,
    0x63, 0x72, 0x65, 0x61, 0x74, 0x65, 0x20, 0x20, 0x20, 0x47, 0x49, 0x44, 0x3d, 0x25, 0x73, 0x5c,
    0x6e, 0x27, 0x20, 0x22, 0x24, 0x67, 0x72, 0x6f, 0x75, 0x70, 0x22, 0x20, 0x22, 0x24, 0x67, 0x69,
    0x64, 0x22, 0x0a, 0x20, 0x20, 0x20, 0x20, 0x66, 0x69, 0x0a, 0x20, 0x20, 0x64, 0x6f, 0x6e, 0x65,
    0x0a, 0x0a, 0x20, 0x20, 0x63, 0x6f, 0x6e, 0x66, 0x69, 0x72, 0x6d, 0x20, 0x22, 0xe7, 0xa1, 0xae,
    0xe8, 0xae, 0xa4, 0xe6, 0x8c, 0x89, 0xe4, 0xbb, 0xa5, 0xe4, 0xb8, 0x8a, 0xe5, 0x9b, 0xba, 0xe5,
    0xae, 0x9a, 0x20, 0x47, 0x49, 0x44, 0x20, 0xe5, 0x88, 0x9b, 0xe5, 0xbb, 0xba, 0xe6, 0x89, 0x80,
    0xe6, 0x9c, 0x89, 0xe7, 0xbc, 0xba, 0xe5, 0xa4, 0xb1, 0xe7, 0xbb, 0x84, 0xef, 0xbc, 0x9f, 0x22,
    0x20, 0x7c, 0x7c, 0x20, 0x7b, 0x20, 0x77, 0x61, 0x72, 0x6e, 0x20, 0x22, 0xe5, 0xb7, 0xb2, 0xe5,
    0x8f, 0x96, 0xe6, 0xb6, 0x88, 0xe3, 0x80, 0x82, 0x22, 0x3b, 0x20, 0x72, 0x65, 0x74, 0x75, 0x72,
    0x6e, 0x20, 0x30, 0x3b, 0x20, 0x7d, 0x0a, 0x0a, 0x20, 0x20, 0x66, 0x6f, 0x72, 0x20, 0x69, 0x20,
    0x69, 0x6e, 0x20, 0x22, 0x24, 0x7b, 0x21, 0x67, 0x72, 0x6f, 0x75, 0x70, 0x73, 0x5b, 0x40, 0x5d,
    0x7d, 0x22, 0x3b, 0x20, 0x64, 0x6f, 0x0a, 0x20, 0x20, 0x20, 0x20, 0x67, 0x72, 0x6f, 0x75, 0x70,
    0x3d, 0x22, 0x24, 0x7b, 0x67, 0x72, 0x6f, 0x75, 0x70, 0x73, 0x5b, 0x24, 0x69, 0x5d, 0x7d, 0x22,
    0x0a, 0x20, 0x20, 0x20, 0x20, 0x67, 0x69, 0x64, 0x3d, 0x22, 0x24, 0x7b, 0x67, 0x69, 0x64, 0x73,
    0x5b, 0x24, 0x69, 0x5d, 0x7d, 0x22, 0x0a, 0x20, 0x20, 0x20, 0x20, 0x69, 0x66, 0x20, 0x67, 0x65,
    0x74, 0x65, 0x6e, 0x74, 0x20, 0x67, 0x72, 0x6f, 0x75, 0x70, 0x20, 0x22, 0x24, 0x67, 0x72, 0x6f,
    0x75, 0x70, 0x22, 0x20, 0x3e, 0x2f, 0x64, 0x65, 0x76, 0x2f, 0x6e, 0x75, 0x6c, 0x6c, 0x20, 0x32,
    0x3e, 0x26, 0x31, 0x3b, 0x20, 0x74, 0x68, 0x65, 0x6e, 0x0a, 0x20, 0x20, 0x20, 0x20, 0x20, 0x20,
    0x69, 0x6e, 0x66, 0x6f, 0x20, 0x22, 0xe7, 0xbb, 0x84, 0xe5, 0xb7, 0xb2, 0xe5, 0xad, 0x98, 0xe5,
    0x9c, 0xa8, 0x3a, 0x20, 0x24, 0x67, 0x72, 0x6f, 0x75, 0x70, 0x20, 0x28, 0x47, 0x49, 0x44, 0x3d,
    0x24, 0x67, 0x69, 0x64, 0x29, 0x22, 0x0a, 0x20, 0x20, 0x20, 0x20, 0x65, 0x6c, 0x73, 0x65, 0x0a,
    0x20, 0x20, 0x20, 0x20, 0x20, 0x20, 0x61, 0x73, 0x5f, 0x72, 0x6f, 0x6f, 0x74, 0x20, 0x67, 0x72,
    0x6f, 0x75, 0x70, 0x61, 0x64, 0x64, 0x20, 0x2d, 0x67, 0x20, 0x22, 0x24, 0x67, 0x69, 0x64, 0x22,
    0x20, 0x22, 0x24, 0x67, 0x72, 0x6f, 0x75, 0x70, 0x22, 0x0a, 0x20, 0x20, 0x20, 0x20, 0x66, 0x69,
    0x0a, 0x20, 0x20, 0x64, 0x6f, 0x6e, 0x65, 0x0a, 0x0a, 0x20, 0x20, 0x6c, 0x6f, 0x67, 0x20, 0x22,
    0xe7, 0x94, 0xa8, 0xe6, 0x88, 0xb7, 0xe7, 0xbb, 0x84, 0xe5, 0x88, 0x9d, 0xe5, 0xa7, 0x8b, 0xe5,
    0x8c, 0x96, 0xe5, 0xae, 0x8c, 0xe6, 0x88, 0x90, 0xef, 0xbc, 0x9a, 0x61, 0x64, 0x6d, 0x69, 0x6e,
    0x3d, 0x31, 0x31, 0x30, 0x2c, 0x20, 0x73, 0x68, 0x61, 0x72, 0x65, 0x76, 0x69, 0x70, 0x3d, 0x33,
    0x30, 0x30, 0x30, 0x32, 0x2c, 0x20, 0x70, 0x72, 0x69, 0x6d, 0x65, 0x76, 0x69, 0x70, 0x3d, 0x33,
    0x30, 0x30, 0x30, 0x33, 0x2c, 0x20, 0x63, 0x6f, 0x75, 0x72, 0x73, 0x65, 0x76, 0x69, 0x70, 0x3d,
    0x33, 0x30, 0x30, 0x30, 0x34, 0x2c, 0x20, 0x6c, 0x61, 0x62, 0x76, 0x69, 0x70, 0x3d, 0x33, 0x30,
    0x30, 0x30, 0x35, 0xe3, 0x80, 0x82, 0x22, 0x0a, 0x7d, 0x0a, 0x0a, 0x72, 0x6f, 0x6c, 0x6c, 0x62,
    0x61, 0x63, 0x6b, 0x5f, 0x75, 0x73, 0x65, 0x72, 0x5f, 0x63, 0x72, 0x65, 0x61, 0x74, 0x69, 0x6f,
    0x6e, 0x28, 0x29, 0x20, 0x7b, 0x0a, 0x20, 0x20, 0x6c, 0x6f, 0x63, 0x61, 0x6c, 0x20, 0x75, 0x73,
    0x65, 0x72, 0x6e, 0x61, 0x6d, 0x65, 0x3d, 0x22, 0x24, 0x31, 0x22, 0x0a, 0x20, 0x20, 0x6c, 0x6f,
    0x63, 0x61, 0x6c, 0x20, 0x64, 0x61, 0x74, 0x61, 0x5f, 0x64, 0x69, 0x72, 0x3d, 0x22, 0x24, 0x32,
    0x22, 0x0a, 0x20, 0x20, 0x6c, 0x6f, 0x63, 0x61, 0x6c, 0x20, 0x68, 0x6f, 0x6d, 0x65, 0x5f, 0x66,
    0x73, 0x3d, 0x22, 0x24, 0x33, 0x22, 0x0a, 0x20, 0x20, 0x6c, 0x6f, 0x63, 0x61, 0x6c, 0x20, 0x64,
    0x61, 0x74, 0x61, 0x5f, 0x66, 0x73, 0x3d, 0x22, 0x24, 0x34, 0x22, 0x0a, 0x0a, 0x20, 0x20, 0x77,
    0x61, 0x72, 0x6e, 0x20, 0x22, 0xe5, 0x88, 0x9b, 0xe5, 0xbb, 0xba, 0xe7, 0x94, 0xa8, 0xe6, 0x88,
    0xb7, 0xe5, 0xa4, 0xb1, 0xe8, 0xb4, 0xa5, 0xef, 0xbc, 0x8c, 0xe5, 0xbc, 0x80, 0xe5, 0xa7, 0x8b,
    0xe5, 0x9b, 0x9e, 0xe6, 0xbb, 0x9a, 0x20, 0x24, 0x75, 0x73, 0x65, 0x72, 0x6e, 0x61, 0x6d, 0x65,
    0x20, 0x2e, 0x2e, 0x2e, 0x22, 0x0a, 0x0a, 0x20, 0x20, 0x69, 0x66, 0x20, 0x63, 0x6f, 0x6d, 0x6d,
    0x61, 0x6e, 0x64, 0x20, 0x2d, 0x76, 0x20, 0x78, 0x66, 0x73, 0x5f, 0x71, 0x75, 0x6f, 0x74, 0x61,
    0x20, 0x3e, 0x2f, 0x64, 0x65, 0x76, 0x2f, 0x6e, 0x75, 0x6c, 0x6c, 0x20, 0x32, 0x3e, 0x26, 0x31,
    0x3b, 0x20, 0x74, 0x68, 0x65, 0x6e, 0x0a, 0x20, 0x20, 0x20, 0x20, 0x69, 0x66, 0x20, 0x5b, 0x5b,
    0x20, 0x22, 0x24, 0x68, 0x6f, 0x6d, 0x65, 0x5f, 0x66, 0x73, 0x22, 0x20, 0x3d, 0x3d, 0x20, 0x22,
    0x78, 0x66, 0x73, 0x22, 0x20, 0x5d, 0x5d, 0x3b, 0x20, 0x74, 0x68, 0x65, 0x6e, 0x0a, 0x20, 0x20,
    0x20, 0x20, 0x20, 0x20, 0x61, 0x73, 0x5f, 0x72, 0x6f, 0x6f, 0x74, 0x20, 0x78, 0x66, 0x73, 0x5f,
    0x71, 0x75, 0x6f, 0x74, 0x61, 0x20, 0x2d, 0x78, 0x20, 0x2d, 0x63, 0x20, 0x22, 0x6c, 0x69, 0x6d,
    0x69, 0x74, 0x20, 0x2d, 0x75, 0x20, 0x62, 0x73, 0x6f, 0x66, 0x74, 0x3d, 0x30, 0x20, 0x62, 0x68,
    0x61, 0x72, 0x64, 0x3d, 0x30, 0x20, 0x24, 0x75, 0x73, 0x65, 0x72, 0x6e, 0x61, 0x6d, 0x65, 0x22,
    0x20, 0x2f, 0x68, 0x6f, 0x6d, 0x65, 0x20, 0x7c, 0x7c, 0x20, 0x74, 0x72, 0x75, 0x65, 0x0a, 0x20,
    0x20, 0x20, 0x20, 0x66, 0x69, 0x0a, 0x20, 0x20, 0x20, 0x20, 0x69, 0x66, 0x20, 0x5b, 0x5b, 0x20,
    0x22, 0x24, 0x64, 0x61, 0x74, 0x61, 0x5f, 0x66, 0x73, 0x22, 0x20, 0x3d, 0x3d, 0x20, 0x22, 0x78,
    0x66, 0x73, 0x22, 0x20, 0x5d, 0x5d, 0x3b, 0x20, 0x74, 0x68, 0x65, 0x6e, 0x0a, 0x20, 0x20, 0x20,
    0x20, 0x20, 0x20, 0x61, 0x73, 0x5f, 0x72, 0x6f, 0x6f, 0x74, 0x20, 0x78, 0x66, 0x73, 0x5f, 0x71,
    0x75, 0x6f, 0x74, 0x61, 0x20, 0x2d, 0x78, 0x20, 0x2d, 0x63, 0x20, 0x22, 0x6c, 0x69, 0x6d, 0x69,
    0x74, 0x20, 0x2d, 0x75, 0x20, 0x62, 0x73, 0x6f, 0x66, 0x74, 0x3d, 0x30, 0x20, 0x62, 0x68, 0x61,
    0x72, 0x64, 0x3d, 0x30, 0x20, 0x24, 0x75, 0x73, 0x65, 0x72, 0x6e, 0x61, 0x6d, 0x65, 0x22, 0x20,
    0x22, 0x24, 0x28, 0x64, 0x69, 0x72, 0x6e, 0x61, 0x6d, 0x65, 0x20, 0x22, 0x24, 0x28, 0x64, 0x69,
    0x72, 0x6e, 0x61, 0x6d, 0x65, 0x20, 0x22, 0x24, 0x64, 0x61, 0x74, 0x61, 0x5f, 0x64, 0x69, 0x72,
    0x22, 0x29, 0x22, 0x29, 0x22, 0x20, 0x7c, 0x7c, 0x20, 0x74, 0x72, 0x75, 0x65, 0x0a, 0x20, 0x20,
    0x20, 0x20, 0x66, 0x69, 0x0a, 0x20, 0x20, 0x66, 0x69, 0x0a, 0x0a, 0x20, 0x20, 0x69, 0x66, 0x20,
    0x69, 0x64, 0x20, 0x22, 0x24, 0x75, 0x73, 0x65, 0x72, 0x6e, 0x61, 0x6d, 0x65, 0x22, 0x20, 0x3e,
    0x2f, 0x64, 0x65, 0x76, 0x2f, 0x6e, 0x75, 0x6c, 0x6c, 0x20, 0x32, 0x3e, 0x26, 0x31, 0x3b, 0x20,
    0x74, 0x68, 0x65, 0x6e, 0x0a, 0x20, 0x20, 0x20, 0x20, 0x61, 0x73, 0x5f, 0x72, 0x6f, 0x6f, 0x74,
    0x20, 0x75, 0x73, 0x65, 0x72, 0x64, 0x65, 0x6c, 0x20, 0x2d, 0x72, 0x20, 0x22, 0x24, 0x75, 0x73,
    0x65, 0x72, 0x6e, 0x61, 0x6d, 0x65, 0x22, 0x20, 0x7c, 0x7c, 0x20, 0x74, 0x72, 0x75, 0x65, 0x0a,
    0x20, 0x20, 0x66, 0x69, 0x0a, 0x0a, 0x20, 0x20, 0x69, 0x66, 0x20, 0x5b, 0x5b, 0x20, 0x2d, 0x64,
    0x20, 0x22, 0x24, 0x64, 0x61, 0x74, 0x61, 0x5f, 0x64, 0x69, 0x72, 0x22, 0x20, 0x5d, 0x5d, 0x3b,
    0x20, 0x74, 0x68, 0x65, 0x6e, 0x0a, 0x20, 0x20, 0x20, 0x20, 0x69, 0x66, 0x20, 0x5b, 0x5b, 0x20,
    0x22, 0x24, 0x28, 0x62, 0x61, 0x73, 0x65, 0x6e, 0x61, 0x6d, 0x65, 0x20, 0x22, 0x24, 0x28, 0x64,
    0x69, 0x72, 0x6e, 0x61, 0x6d, 0x65, 0x20, 0x22, 0x24, 0x64, 0x61, 0x74, 0x61, 0x5f, 0x64, 0x69,
    0x72, 0x22, 0x29, 0x22, 0x29, 0x22, 0x20, 0x3d, 0x3d, 0x20, 0x22, 0x75, 0x73, 0x65, 0x72, 0x22,
    0x20, 0x26, 0x26, 0x20, 0x22, 0x24, 0x28, 0x62, 0x61, 0x73, 0x65, 0x6e, 0x61, 0x6d, 0x65, 0x20,
    0x22, 0x24, 0x64, 0x61, 0x74, 0x61, 0x5f, 0x64, 0x69, 0x72, 0x22, 0x29, 0x22, 0x20, 0x3d, 0x3d,
    0x20, 0x22, 0x24, 0x75, 0x73, 0x65, 0x72, 0x6e, 0x61, 0x6d, 0x65, 0x22, 0x20, 0x5d, 0x5d, 0x3b,
    0x20, 0x74, 0x68, 0x65, 0x6e, 0x0a, 0x20, 0x20, 0x20, 0x20, 0x20, 0x20, 0x61, 0x73, 0x5f, 0x72,
    0x6f, 0x6f, 0x74, 0x20, 0x72, 0x6d, 0x20, 0x2d, 0x72, 0x66, 0x20, 0x2d, 0x2d, 0x20, 0x22, 0x24,
    0x64, 0x61, 0x74, 0x61, 0x5f, 0x64, 0x69, 0x72, 0x22, 0x20, 0x7c, 0x7c, 0x20, 0x77, 0x61, 0x72,
    0x6e, 0x20, 0x22, 0xe6, 0x95, 0xb0, 0xe6, 0x8d, 0xae, 0xe7, 0x9b, 0xae, 0xe5, 0xbd, 0x95, 0xe5,
    0x9b, 0x9e, 0xe6, 0xbb, 0x9a, 0xe5, 0xa4, 0xb1, 0xe8, 0xb4, 0xa5, 0x3a, 0x20, 0x24, 0x64, 0x61,
    0x74, 0x61, 0x5f, 0x64, 0x69, 0x72, 0x22, 0x0a, 0x20, 0x20, 0x20, 0x20, 0x65, 0x6c, 0x73, 0x65,
    0x0a, 0x20, 0x20, 0x20, 0x20, 0x20, 0x20, 0x77, 0x61, 0x72, 0x6e, 0x20, 0x22, 0xe6, 0x95, 0xb0,
    0xe6, 0x8d, 0xae, 0xe7, 0x9b, 0xae, 0xe5, 0xbd, 0x95, 0xe8, 0xb7, 0xaf, 0xe5, 0xbe, 0x84, 0xe4,
    0xb8, 0x8d, 0xe7, 0xac, 0xa6, 0xe5, 0x90, 0x88, 0xe5, 0xae, 0x89, 0xe5, 0x85, 0xa8, 0xe5, 0x9b,
    0x9e, 0xe6, 0xbb, 0x9a, 0xe8, 0xa7, 0x84, 0xe5, 0x88, 0x99, 0xef, 0xbc, 0x8c, 0xe4, 0xbf, 0x9d,
    0xe7, 0x95, 0x99, 0xe6, 0x9c, 0xaa, 0xe5, 0x88, 0xa0, 0xe9, 0x99, 0xa4, 0x3a, 0x20, 0x24, 0x64,
    0x61, 0x74, 0x61, 0x5f, 0x64, 0x69, 0x72, 0x22, 0x0a, 0x20, 0x20, 0x20, 0x20, 0x66, 0x69, 0x0a,
    0x20, 0x20, 0x66, 0x69, 0x0a, 0x0a, 0x20, 0x20, 0x77, 0x61, 0x72, 0x6e, 0x20, 0x22, 0xe5, 0x9b,
    0x9e, 0xe6, 0xbb, 0x9a, 0xe7, 0xbb, 0x93, 0xe6, 0x9d, 0x9f, 0xe3, 0x80, 0x82, 0xe8, 0xaf, 0xb7,
    0xe6, 0x9f, 0xa5, 0xe7, 0x9c, 0x8b, 0xe6, 0x97, 0xa5, 0xe5, 0xbf, 0x97, 0xe7, 0xa1, 0xae, 0xe8,
    0xae, 0xa4, 0xe6, 0x98, 0xaf, 0xe5, 0x90, 0xa6, 0xe5, 0xad, 0x98, 0xe5, 0x9c, 0xa8, 0xe9, 0x9c,
    0x80, 0xe8, 0xa6, 0x81, 0xe4, 0xba, 0xba, 0xe5, 0xb7, 0xa5, 0xe5, 0xa4, 0x84, 0xe7, 0x90, 0x86,
    0xe7, 0x9a, 0x84, 0xe6, 0xae, 0x8b, 0xe7, 0x95, 0x99, 0xe3, 0x80, 0x82, 0x22, 0x0a, 0x7d, 0x0a,
    0x0a, 0x63, 0x72, 0x65, 0x61, 0x74, 0x65, 0x5f, 0x75, 0x73, 0x65, 0x72, 0x28, 0x29, 0x20, 0x7b,
    0x0a, 0x20, 0x20, 0x6c, 0x6f, 0x63, 0x61, 0x6c, 0x20, 0x75, 0x73, 0x65, 0x72, 0x6e, 0x61, 0x6d,
    0x65, 0x20, 0x75, 0x73, 0x65, 0x72, 0x5f, 0x74, 0x79, 0x70, 0x65, 0x20, 0x72, 0x65, 0x71, 0x75,
    0x65, 0x73, 0x74, 0x65, 0x64, 0x5f, 0x75, 0x69, 0x64, 0x20, 0x65, 0x78, 0x70, 0x65, 0x63, 0x74,
    0x65, 0x64, 0x5f, 0x67, 0x69, 0x64, 0x20, 0x70, 0x72, 0x69, 0x6d, 0x61, 0x72, 0x79, 0x5f, 0x67,
    0x69, 0x64, 0x0a, 0x20, 0x20, 0x6c, 0x6f, 0x63, 0x61, 0x6c, 0x20, 0x68, 0x6f, 0x6d, 0x65, 0x5f,
    0x73, 0x6f, 0x66, 0x74, 0x20, 0x68, 0x6f, 0x6d, 0x65, 0x5f, 0x68, 0x61, 0x72, 0x64, 0x20, 0x64,
    0x61, 0x74, 0x61, 0x5f, 0x73, 0x6f, 0x66, 0x74, 0x20, 0x64, 0x61, 0x74, 0x61, 0x5f, 0x68, 0x61,
    0x72, 0x64, 0x20, 0x65, 0x78, 0x70, 0x69, 0x72, 0x79, 0x20, 0x64, 0x61, 0x74, 0x61, 0x5f, 0x6d,
    0x6f, 0x75, 0x6e, 0x74, 0x0a, 0x20, 0x20, 0x6c, 0x6f, 0x63, 0x61, 0x6c, 0x20, 0x75, 0x73, 0x65,
    0x72, 0x5f, 0x68, 0x6f, 0x6d, 0x65, 0x20, 0x64, 0x61, 0x74, 0x61, 0x5f, 0x64, 0x69, 0x72, 0x20,
    0x72, 0x5f, 0x76, 0x65, 0x72, 0x20, 0x72, 0x70, 0x72, 0x6f, 0x66, 0x69, 0x6c, 0x65, 0x5f, 0x6c,
    0x69, 0x6e, 0x65, 0x20, 0x68, 0x6f, 0x6d, 0x65, 0x5f, 0x66, 0x73, 0x20, 0x64, 0x61, 0x74, 0x61,
    0x5f, 0x66, 0x73, 0x20, 0x61, 0x63, 0x74, 0x75, 0x61, 0x6c, 0x5f, 0x75, 0x69, 0x64, 0x20, 0x61,
    0x63, 0x74, 0x75, 0x61, 0x6c, 0x5f, 0x67, 0x69, 0x64, 0x20, 0x71, 0x0a, 0x20, 0x20, 0x6c, 0x6f,
    0x63, 0x61, 0x6c, 0x20, 0x2d, 0x61, 0x20, 0x75, 0x73, 0x65, 0x72, 0x61, 0x64, 0x64, 0x5f, 0x61,
    0x72, 0x67, 0x73, 0x3d, 0x28, 0x2d, 0x6d, 0x20, 0x2d, 0x73, 0x20, 0x2f, 0x62, 0x69, 0x6e, 0x2f,
    0x62, 0x61, 0x73, 0x68, 0x29, 0x0a, 0x0a, 0x20, 0x20, 0x72, 0x65, 0x61, 0x64, 0x20, 0x2d, 0x72,
    0x20, 0x2d, 0x70, 0x20, 0x22, 0xe6, 0x96, 0xb0, 0xe7, 0x94, 0xa8, 0xe6, 0x88, 0xb7, 0xe5, 0x90,
    0x8d, 0x3a, 0x20, 0x22, 0x20, 0x75, 0x73, 0x65, 0x72, 0x6e, 0x61, 0x6d, 0x65, 0x0a, 0x20, 0x20,
    0x76, 0x61, 0x6c, 0x69, 0x64, 0x61, 0x74, 0x65, 0x5f, 0x73, 0x69, 0x6d, 0x70, 0x6c, 0x65, 0x5f,
    0x6e, 0x61, 0x6d, 0x65, 0x20, 0x22, 0x24, 0x75, 0x73, 0x65, 0x72, 0x6e, 0x61, 0x6d, 0x65, 0x22,
    0x20, 0x7c, 0x7c, 0x20, 0x7b, 0x20, 0x77, 0x61, 0x72, 0x6e, 0x20, 0x22, 0xe7, 0x94, 0xa8, 0xe6,
    0x88, 0xb7, 0xe5, 0x90, 0x8d, 0xe6, 0xa0, 0xbc, 0xe5, 0xbc, 0x8f, 0xe4, 0xb8, 0x8d, 0xe5, 0x90,
    0x88, 0xe6, 0xb3, 0x95, 0xe3, 0x80, 0x82, 0x22, 0x3b, 0x20, 0x72, 0x65, 0x74, 0x75, 0x72, 0x6e,
    0x20, 0x31, 0x3b, 0x20, 0x7d, 0x0a, 0x20, 0x20, 0x69, 0x66, 0x20, 0x69, 0x64, 0x20, 0x22, 0x24,
    0x75, 0x73, 0x65, 0x72, 0x6e, 0x61, 0x6d, 0x65, 0x22, 0x20, 0x3e, 0x2f, 0x64, 0x65, 0x76, 0x2f,
    0x6e, 0x75, 0x6c, 0x6c, 0x20, 0x32, 0x3e, 0x26, 0x31, 0x3b, 0x20, 0x74, 0x68, 0x65, 0x6e, 0x0a,
    0x20, 0x20, 0x20, 0x20, 0x77, 0x61, 0x72, 0x6e, 0x20, 0x22, 0xe7, 0x94, 0xa8, 0xe6, 0x88, 0xb7,
    0x20, 0x24, 0x75, 0x73, 0x65, 0x72, 0x6e, 0x61, 0x6d, 0x65, 0x20, 0xe5, 0xb7, 0xb2, 0xe5, 0xad,
    0x98, 0xe5, 0x9c, 0xa8, 0xe3, 0x80, 0x82, 0x22, 0x0a, 0x20, 0x20, 0x20, 0x20, 0x72, 0x65, 0x74,
    0x75, 0x72, 0x6e, 0x20, 0x31, 0x0a, 0x20, 0x20, 0x66, 0x69, 0x0a, 0x20, 0x20, 0x69, 0x66, 0x20,
    0x5b, 0x5b, 0x20, 0x2d, 0x65, 0x20, 0x22, 0x2f, 0x68, 0x6f, 0x6d, 0x65, 0x2f, 0x24, 0x75, 0x73,
    0x65, 0x72, 0x6e, 0x61, 0x6d, 0x65, 0x22, 0x20, 0x5d, 0x5d, 0x3b, 0x20, 0x74, 0x68, 0x65, 0x6e,
    0x0a, 0x20, 0x20, 0x20, 0x20, 0x77, 0x61, 0x72, 0x6e, 0x20, 0x22, 0x2f, 0x68, 0x6f, 0x6d, 0x65,
    0x2f, 0x24, 0x75, 0x73, 0x65, 0x72, 0x6e, 0x61, 0x6d, 0x65, 0x20, 0xe5, 0xb7, 0xb2, 0xe5, 0xad,
    0x98, 0xe5, 0x9c, 0xa8, 0xef, 0xbc, 0x8c, 0xe4, 0xbd, 0x86, 0xe7, 0xb3, 0xbb, 0xe7, 0xbb, 0x9f,
    0xe4, 0xb8, 0xad, 0xe6, 0xb2, 0xa1, 0xe6, 0x9c, 0x89, 0xe5, 0x90, 0x8c, 0xe5, 0x90, 0x8d, 0xe7,
    0x94, 0xa8, 0xe6, 0x88, 0xb7, 0xef, 0xbc, 0x9b, 0xe4, 0xb8, 0xba, 0xe9, 0x81, 0xbf, 0xe5, 0x85,
    0x8d, 0xe6, 0x8e, 0xa5, 0xe7, 0xae, 0xa1, 0xe6, 0x9c, 0xaa, 0xe7, 0x9f, 0xa5, 0xe7, 0x9b, 0xae,
    0xe5, 0xbd, 0x95, 0xef, 0xbc, 0x8c, 0xe6, 0x8b, 0x92, 0xe7, 0xbb, 0x9d, 0xe7, 0xbb, 0xa7, 0xe7,
    0xbb, 0xad, 0xe3, 0x80, 0x82, 0x22, 0x0a, 0x20, 0x20, 0x20, 0x20, 0x72, 0x65, 0x74, 0x75, 0x72,
    0x6e, 0x20, 0x31, 0x0a, 0x20, 0x20, 0x66, 0x69, 0x0a, 0x0a, 0x20, 0x20, 0x70, 0x72, 0x69, 0x6e,
    0x74, 0x66, 0x20, 0x27, 0x5c, 0x6e, 0xe5, 0x8f, 0xaf, 0xe9, 0x80, 0x89, 0xe7, 0x94, 0xa8, 0xe6,
    0x88, 0xb7, 0xe4, 0xb8, 0xbb, 0xe7, 0xbb, 0x84, 0xef, 0xbc, 0x9a, 0x5c, 0x6e, 0x27, 0x0a, 0x20,
    0x20, 0x70, 0x72, 0x69, 0x6e, 0x74, 0x66, 0x20, 0x27, 0x20, 0x20, 0x61, 0x64, 0x6d, 0x69, 0x6e,
    0x20, 0x20, 0x20, 0x20, 0x20, 0x20, 0x28, 0x47, 0x49, 0x44, 0x20, 0x31, 0x31, 0x30, 0x29, 0x5c,
    0x6e, 0x27, 0x0a, 0x20, 0x20, 0x70, 0x72, 0x69, 0x6e, 0x74, 0x66, 0x20, 0x27, 0x20, 0x20, 0x73,
    0x68, 0x61, 0x72, 0x65, 0x76, 0x69, 0x70, 0x20, 0x20, 0x20, 0x28, 0x47, 0x49, 0x44, 0x20, 0x33,
    0x30, 0x30, 0x30, 0x32, 0x29, 0x5c, 0x6e, 0x27, 0x0a, 0x20, 0x20, 0x70, 0x72, 0x69, 0x6e, 0x74,
    0x66, 0x20, 0x27, 0x20, 0x20, 0x70, 0x72, 0x69, 0x6d, 0x65, 0x76, 0x69, 0x70, 0x20, 0x20, 0x20,
    0x28, 0x47, 0x49, 0x44, 0x20, 0x33, 0x30, 0x30, 0x30, 0x33, 0x29, 0x5c, 0x6e, 0x27, 0x0a, 0x20,
    0x20, 0x70, 0x72, 0x69, 0x6e, 0x74, 0x66, 0x20, 0x27, 0x20, 0x20, 0x63, 0x6f, 0x75, 0x72, 0x73,
    0x65, 0x76, 0x69, 0x70, 0x20, 0x20, 0x28, 0x47, 0x49, 0x44, 0x20, 0x33, 0x30, 0x30, 0x30, 0x34,
    0x29, 0x5c, 0x6e, 0x27, 0x0a, 0x20, 0x20, 0x70, 0x72, 0x69, 0x6e, 0x74, 0x66, 0x20, 0x27, 0x20,
    0x20, 0x6c, 0x61, 0x62, 0x76, 0x69, 0x70, 0x20, 0x20, 0x20, 0x20, 0x20, 0x28, 0x47, 0x49, 0x44,
    0x20, 0x33, 0x30, 0x30, 0x30, 0x35, 0x29, 0x5c, 0x6e, 0x27, 0x0a, 0x20, 0x20, 0x72, 0x65, 0x61,
    0x64, 0x20, 0x2d, 0x72, 0x20, 0x2d, 0x70, 0x20, 0x22, 0xe7, 0x94, 0xa8, 0xe6, 0x88, 0xb7, 0xe7,
    0xb1, 0xbb, 0xe5, 0x9e, 0x8b, 0x2f, 0xe4, 0xb8, 0xbb, 0xe7, 0xbb, 0x84, 0x20, 0x5b, 0x73, 0x68,
    0x61, 0x72, 0x65, 0x76, 0x69, 0x70, 0x5d, 0x3a, 0x20, 0x22, 0x20, 0x75, 0x73, 0x65, 0x72, 0x5f,
    0x74, 0x79, 0x70, 0x65, 0x0a, 0x20, 0x20, 0x5b, 0x5b, 0x20, 0x2d, 0x6e, 0x20, 0x22, 0x24, 0x75,
    0x73, 0x65, 0x72, 0x5f, 0x74, 0x79, 0x70, 0x65, 0x22, 0x20, 0x5d, 0x5d, 0x20, 0x7c, 0x7c, 0x20,
    0x75, 0x73, 0x65, 0x72, 0x5f, 0x74, 0x79, 0x70, 0x65, 0x3d, 0x22, 0x73, 0x68, 0x61, 0x72, 0x65,
    0x76, 0x69, 0x70, 0x22, 0x0a, 0x0a, 0x20, 0x20, 0x63, 0x61, 0x73, 0x65, 0x20, 0x22, 0x24, 0x75,
    0x73, 0x65, 0x72, 0x5f, 0x74, 0x79, 0x70, 0x65, 0x22, 0x20, 0x69, 0x6e, 0x0a, 0x20, 0x20, 0x20,
    0x20, 0x61, 0x64, 0x6d, 0x69, 0x6e, 0x7c, 0x73, 0x68, 0x61, 0x72, 0x65, 0x76, 0x69, 0x70, 0x7c,
    0x70, 0x72, 0x69, 0x6d, 0x65, 0x76, 0x69, 0x70, 0x7c, 0x63, 0x6f, 0x75, 0x72, 0x73, 0x65, 0x76,
    0x69, 0x70, 0x7c, 0x6c, 0x61, 0x62, 0x76, 0x69, 0x70, 0x29, 0x20, 0x3b, 0x3b, 0x0a, 0x20, 0x20,
    0x20, 0x20, 0x2a, 0x29, 0x0a, 0x20, 0x20, 0x20, 0x20, 0x20, 0x20, 0x77, 0x61, 0x72, 0x6e, 0x20,
    0x22, 0xe4, 0xb8, 0x8d, 0xe6, 0x94, 0xaf, 0xe6, 0x8c, 0x81, 0xe7, 0x9a, 0x84, 0xe7, 0x94, 0xa8,
    0xe6, 0x88, 0xb7, 0xe4, 0xb8, 0xbb, 0xe7, 0xbb, 0x84, 0x3a, 0x20, 0x24, 0x75, 0x73, 0x65, 0x72,
    0x5f, 0x74, 0x79, 0x70, 0x65, 0x22, 0x0a, 0x20, 0x20, 0x20, 0x20, 0x20, 0x20, 0x77, 0x61, 0x72,
    0x6e, 0x20, 0x22, 0xe4, 0xbb, 0x85, 0xe5, 0x85, 0x81, 0xe8, 0xae, 0xb8, 0xef, 0xbc, 0x9a, 0x61,
    0x64, 0x6d, 0x69, 0x6e, 0x2c, 0x20, 0x73, 0x68, 0x61, 0x72, 0x65, 0x76, 0x69, 0x70, 0x2c, 0x20,
    0x70, 0x72, 0x69, 0x6d, 0x65, 0x76, 0x69, 0x70, 0x2c, 0x20, 0x63, 0x6f, 0x75, 0x72, 0x73, 0x65,
    0x76, 0x69, 0x70, 0x2c, 0x20, 0x6c, 0x61, 0x62, 0x76, 0x69, 0x70, 0xe3, 0x80, 0x82, 0x22, 0x0a,
    0x20, 0x20, 0x20, 0x20, 0x20, 0x20, 0x72, 0x65, 0x74, 0x75, 0x72, 0x6e, 0x20, 0x31, 0x0a, 0x20,
    0x20, 0x20, 0x20, 0x20, 0x20, 0x3b, 0x3b, 0x0a, 0x20, 0x20, 0x65, 0x73, 0x61, 0x63, 0x0a, 0x0a,
    0x20, 0x20, 0x69, 0x66, 0x20, 0x67, 0x65, 0x74, 0x65, 0x6e, 0x74, 0x20, 0x67, 0x72, 0x6f, 0x75,
    0x70, 0x20, 0x22, 0x24, 0x75, 0x73, 0x65, 0x72, 0x5f, 0x74, 0x79, 0x70, 0x65, 0x22, 0x20, 0x3e,
    0x2f, 0x64, 0x65, 0x76, 0x2f, 0x6e, 0x75, 0x6c, 0x6c, 0x20, 0x32, 0x3e, 0x26, 0x31, 0x3b, 0x20,
    0x74, 0x68, 0x65, 0x6e, 0x0a, 0x20, 0x20, 0x20, 0x20, 0x70, 0x72, 0x69, 0x6d, 0x61, 0x72, 0x79,
    0x5f, 0x67, 0x69, 0x64, 0x3d, 0x22, 0x24, 0x28, 0x67, 0x65, 0x74, 0x65, 0x6e, 0x74, 0x20, 0x67,
    0x72, 0x6f, 0x75, 0x70, 0x20, 0x22, 0x24, 0x75, 0x73, 0x65, 0x72, 0x5f, 0x74, 0x79, 0x70, 0x65,
    0x22, 0x20, 0x7c, 0x20, 0x63, 0x75, 0x74, 0x20, 0x2d, 0x64, 0x3a, 0x20, 0x2d, 0x66, 0x33, 0x29,
    0x22, 0x0a, 0x20, 0x20, 0x65, 0x6c, 0x69, 0x66, 0x20, 0x28, 0x28, 0x20, 0x44, 0x52, 0x59, 0x5f,
    0x52, 0x55, 0x4e, 0x20, 0x29, 0x29, 0x3b, 0x20, 0x74, 0x68, 0x65, 0x6e, 0x0a, 0x20, 0x20, 0x20,
    0x20, 0x70, 0x72, 0x69, 0x6d, 0x61, 0x72, 0x79, 0x5f, 0x67, 0x69, 0x64, 0x3d, 0x22, 0x24, 0x28,
    0x65, 0x78, 0x70, 0x65, 0x63, 0x74, 0x65, 0x64, 0x5f, 0x62, 0x69, 0x6f, 0x69, 0x6e, 0x66, 0x6f,
    0x5f, 0x67, 0x72, 0x6f, 0x75, 0x70, 0x5f, 0x67, 0x69, 0x64, 0x20, 0x22, 0x24, 0x75, 0x73, 0x65,
    0x72, 0x5f, 0x74, 0x79, 0x70, 0x65, 0x22, 0x29, 0x22, 0x0a, 0x20, 0x20, 0x20, 0x20, 0x69, 0x6e,
    0x66, 0x6f, 0x20, 0x22, 0x64, 0x72, 0x79, 0x2d, 0x72, 0x75, 0x6e, 0xef, 0xbc, 0x9a, 0xe5, 0x81,
    0x87, 0xe5, 0xae, 0x9a, 0xe4, 0xb8, 0xbb, 0xe7, 0xbb, 0x84, 0x20, 0x24, 0x75, 0x73, 0x65, 0x72,
    0x5f, 0x74, 0x79, 0x70, 0x65, 0x20, 0xe5, 0xb7, 0xb2, 0xe6, 0x8c, 0x89, 0xe5, 0x9b, 0xba, 0xe5,
    0xae, 0x9a, 0x20, 0x47, 0x49, 0x44, 0x3d, 0x24, 0x70, 0x72, 0x69, 0x6d, 0x61, 0x72, 0x79, 0x5f,
    0x67, 0x69, 0x64, 0x20, 0xe5, 0x88, 0x9b, 0xe5, 0xbb, 0xba, 0xe3, 0x80, 0x82, 0x22, 0x0a, 0x20,
    0x20, 0x65, 0x6c, 0x73, 0x65, 0x0a, 0x20, 0x20, 0x20, 0x20, 0x77, 0x61, 0x72, 0x6e, 0x20, 0x22,
    0xe4, 0xb8, 0xbb, 0xe7, 0xbb, 0x84, 0x20, 0x24, 0x75, 0x73, 0x65, 0x72, 0x5f, 0x74, 0x79, 0x70,
    0x65, 0x20, 0xe4, 0xb8, 0x8d, 0xe5, 0xad, 0x98, 0xe5, 0x9c, 0xa8, 0xe3, 0x80, 0x82, 0xe8, 0xaf,
    0xb7, 0xe5, 0x85, 0x88, 0xe8, 0xbf, 0x90, 0xe8, 0xa1, 0x8c, 0xe3, 0x80, 0x8c, 0xe5, 0x88, 0x9d,
    0xe5, 0xa7, 0x8b, 0xe5, 0x8c, 0x96, 0xe7, 0x94, 0xa8, 0xe6, 0x88, 0xb7, 0xe7, 0xbb, 0x84, 0xe3,
    0x80, 0x8d, 0xe3, 0x80, 0x82, 0x22, 0x0a, 0x20, 0x20, 0x20, 0x20, 0x72, 0x65, 0x74, 0x75, 0x72,
    0x6e, 0x20, 0x31, 0x0a, 0x20, 0x20, 0x66, 0x69, 0x0a, 0x0a, 0x20, 0x20, 0x69, 0x6e, 0x66, 0x6f,
    0x20, 0x22, 0xe4, 0xb8, 0xbb, 0xe7, 0xbb, 0x84, 0x20, 0x24, 0x75, 0x73, 0x65, 0x72, 0x5f, 0x74,
    0x79, 0x70, 0x65, 0x20, 0xe5, 0xbd, 0x93, 0xe5, 0x89, 0x8d, 0x2f, 0xe8, 0xae, 0xa1, 0xe5, 0x88,
    0x92, 0x20, 0x47, 0x49, 0x44, 0x3a, 0x20, 0x24, 0x70, 0x72, 0x69, 0x6d, 0x61, 0x72, 0x79, 0x5f,
    0x67, 0x69, 0x64, 0x22, 0x0a, 0x0a, 0x20, 0x20, 0x72, 0x65, 0x61, 0x64, 0x20, 0x2d, 0x72, 0x20,
    0x2d, 0x70, 0x20, 0x22, 0xe6, 0x8c, 0x87, 0xe5, 0xae, 0x9a, 0x20, 0x55, 0x49, 0x44, 0xef, 0xbc,
    0x88, 0xe7, 0x95, 0x99, 0xe7, 0xa9, 0xba, 0xe8, 0x87, 0xaa, 0xe5, 0x8a, 0xa8, 0xe5, 0x88, 0x86,
    0xe9, 0x85, 0x8d, 0xef, 0xbc, 0x9b, 0xe9, 0x9b, 0x86, 0xe7, 0xbe, 0xa4, 0xe5, 0xbb, 0xba, 0xe8,
    0xae, 0xae, 0xe6, 0x98, 0xbe, 0xe5, 0xbc, 0x8f, 0xe6, 0x8c, 0x87, 0xe5, 0xae, 0x9a, 0xef, 0xbc,
    0x89, 0x3a, 0x20, 0x22, 0x20, 0x72, 0x65, 0x71, 0x75, 0x65, 0x73, 0x74, 0x65, 0x64, 0x5f, 0x75,
    0x69, 0x64, 0x0a, 0x20, 0x20, 0x69, 0x66, 0x20, 0x5b, 0x5b, 0x20, 0x2d, 0x6e, 0x20, 0x22, 0x24,
    0x72, 0x65, 0x71, 0x75, 0x65, 0x73, 0x74, 0x65, 0x64, 0x5f, 0x75, 0x69, 0x64, 0x22, 0x20, 0x5d,
    0x5d, 0x3b, 0x20, 0x74, 0x68, 0x65, 0x6e, 0x0a, 0x20, 0x20, 0x20, 0x20, 0x5b, 0x5b, 0x20, 0x22,
    0x24, 0x72, 0x65, 0x71, 0x75, 0x65, 0x73, 0x74, 0x65, 0x64, 0x5f, 0x75, 0x69, 0x64, 0x22, 0x20,
    0x3d, 0x7e, 0x20, 0x5e, 0x5b, 0x30, 0x2d, 0x39, 0x5d, 0x2b, 0x24, 0x20, 0x5d, 0x5d, 0x20, 0x7c,
    0x7c, 0x20, 0x7b, 0x20, 0x77, 0x61, 0x72, 0x6e, 0x20, 0x22, 0x55, 0x49, 0x44, 0x20, 0xe5, 0xbf,
    0x85, 0xe9, 0xa1, 0xbb, 0xe6, 0x98, 0xaf, 0xe6, 0x95, 0xb0, 0xe5, 0xad, 0x97, 0xe3, 0x80, 0x82,
    0x22, 0x3b, 0x20, 0x72, 0x65, 0x74, 0x75, 0x72, 0x6e, 0x20, 0x31, 0x3b, 0x20, 0x7d, 0x0a, 0x20,
    0x20, 0x20, 0x20, 0x69, 0x66, 0x20, 0x67, 0x65, 0x74, 0x65, 0x6e, 0x74, 0x20, 0x70, 0x61, 0x73,
    0x73, 0x77, 0x64, 0x20, 0x22, 0x24, 0x72, 0x65, 0x71, 0x75, 0x65, 0x73, 0x74, 0x65, 0x64, 0x5f,
    0x75, 0x69, 0x64, 0x22, 0x20, 0x3e, 0x2f, 0x64, 0x65, 0x76, 0x2f, 0x6e, 0x75, 0x6c, 0x6c, 0x20,
    0x32, 0x3e, 0x26, 0x31, 0x3b, 0x20, 0x74, 0x68, 0x65, 0x6e, 0x0a, 0x20, 0x20, 0x20, 0x20, 0x20,
    0x20, 0x77, 0x61, 0x72, 0x6e, 0x20, 0x22, 0x55, 0x49, 0x44, 0x20, 0x24, 0x72, 0x65, 0x71, 0x75,
    0x65, 0x73, 0x74, 0x65, 0x64, 0x5f, 0x75, 0x69, 0x64, 0x20, 0xe5, 0xb7, 0xb2, 0xe8, 0xa2, 0xab,
    0xe5, 0x8d, 0xa0, 0xe7, 0x94, 0xa8, 0xe3, 0x80, 0x82, 0x22, 0x0a, 0x20, 0x20, 0x20, 0x20, 0x20,
    0x20, 0x72, 0x65, 0x74, 0x75, 0x72, 0x6e, 0x20, 0x31, 0x0a, 0x20, 0x20, 0x20, 0x20, 0x66, 0x69,
    0x0a, 0x20, 0x20, 0x20, 0x20, 0x75, 0x73, 0x65, 0x72, 0x61, 0x64, 0x64, 0x5f, 0x61, 0x72, 0x67,
    0x73, 0x2b, 0x3d, 0x28, 0x2d, 0x75, 0x20, 0x22, 0x24, 0x72, 0x65, 0x71, 0x75, 0x65, 0x73, 0x74,
    0x65, 0x64, 0x5f, 0x75, 0x69, 0x64, 0x22, 0x29, 0x0a, 0x20, 0x20, 0x66, 0x69, 0x0a, 0x0a, 0x20,
    0x20, 0x72, 0x65, 0x61, 0x64, 0x20, 0x2d, 0x72, 0x20, 0x2d, 0x70, 0x20, 0x22, 0xe6, 0xa0, 0xa1,
    0xe9, 0xaa, 0x8c, 0xe4, 0xb8, 0xbb, 0xe7, 0xbb, 0x84, 0x20, 0x47, 0x49, 0x44, 0x20, 0x5b, 0x24,
    0x70, 0x72, 0x69, 0x6d, 0x61, 0x72, 0x79, 0x5f, 0x67, 0x69, 0x64, 0x5d, 0x3a, 0x20, 0x22, 0x20,
    0x65, 0x78, 0x70, 0x65, 0x63, 0x74, 0x65, 0x64, 0x5f, 0x67, 0x69, 0x64, 0x0a, 0x20, 0x20, 0x5b,
    0x5b, 0x20, 0x2d, 0x6e, 0x20, 0x22, 0x24, 0x65, 0x78, 0x70, 0x65, 0x63, 0x74, 0x65, 0x64, 0x5f,
    0x67, 0x69, 0x64, 0x22, 0x20, 0x5d, 0x5d, 0x20, 0x7c, 0x7c, 0x20, 0x65, 0x78, 0x70, 0x65, 0x63,
    0x74, 0x65, 0x64, 0x5f, 0x67, 0x69, 0x64, 0x3d, 0x22, 0x24, 0x70, 0x72, 0x69, 0x6d, 0x61, 0x72,
    0x79, 0x5f, 0x67, 0x69, 0x64, 0x22, 0x0a, 0x20, 0x20, 0x5b, 0x5b, 0x20, 0x22, 0x24, 0x65, 0x78,
    0x70, 0x65, 0x63, 0x74, 0x65, 0x64, 0x5f, 0x67, 0x69, 0x64, 0x22, 0x20, 0x3d, 0x7e, 0x20, 0x5e,
    0x5b, 0x30, 0x2d, 0x39, 0x5d, 0x2b, 0x24, 0x20, 0x5d, 0x5d, 0x20, 0x7c, 0x7c, 0x20, 0x7b, 0x20,
    0x77, 0x61, 0x72, 0x6e, 0x20, 0x22, 0x47, 0x49, 0x44, 0x20, 0xe5, 0xbf, 0x85, 0xe9, 0xa1, 0xbb,
    0xe6, 0x98, 0xaf, 0xe6, 0x95, 0xb0, 0xe5, 0xad, 0x97, 0xe3, 0x80, 0x82, 0x22, 0x3b, 0x20, 0x72,
    0x65, 0x74, 0x75, 0x72, 0x6e, 0x20, 0x31, 0x3b, 0x20, 0x7d, 0x0a, 0x20, 0x20, 0x69, 0x66, 0x20,
    0x5b, 0x5b, 0x20, 0x22, 0x24, 0x65, 0x78, 0x70, 0x65, 0x63, 0x74, 0x65, 0x64, 0x5f, 0x67, 0x69,
    0x64, 0x22, 0x20, 0x21, 0x3d, 0x20, 0x22, 0x24, 0x70, 0x72, 0x69, 0x6d, 0x61, 0x72, 0x79, 0x5f,
    0x67, 0x69, 0x64, 0x22, 0x20, 0x5d, 0x5d, 0x3b, 0x20, 0x74, 0x68, 0x65, 0x6e, 0x0a, 0x20, 0x20,
    0x20, 0x20, 0x77, 0x61, 0x72, 0x6e, 0x20, 0x22, 0x47, 0x49, 0x44, 0x20, 0xe4, 0xb8, 0x8d, 0xe4,
    0xb8, 0x80, 0xe8, 0x87, 0xb4, 0xef, 0xbc, 0x9a, 0xe8, 0xbe, 0x93, 0xe5, 0x85, 0xa5, 0x3d, 0x24,
    0x65, 0x78, 0x70, 0x65, 0x63, 0x74, 0x65, 0x64, 0x5f, 0x67, 0x69, 0x64, 0xef, 0xbc, 0x8c, 0xe6,
    0x9c, 0x8d, 0xe5, 0x8a, 0xa1, 0xe5, 0x99, 0xa8, 0xe4, 0xb8, 0x8a, 0xe7, 0x9a, 0x84, 0x20, 0x24,
    0x75, 0x73, 0x65, 0x72, 0x5f, 0x74, 0x79, 0x70, 0x65, 0x3d, 0x24, 0x70, 0x72, 0x69, 0x6d, 0x61,
    0x72, 0x79, 0x5f, 0x67, 0x69, 0x64, 0xe3, 0x80, 0x82, 0x22, 0x0a, 0x20, 0x20, 0x20, 0x20, 0x77,
    0x61, 0x72, 0x6e, 0x20, 0x22, 0xe4, 0xb8, 0xba, 0xe9, 0x81, 0xbf, 0xe5, 0x85, 0x8d, 0xe7, 0x94,
    0xa8, 0xe6, 0x88, 0xb7, 0xe7, 0xbb, 0x84, 0xe6, 0x9d, 0x83, 0xe9, 0x99, 0x90, 0xe6, 0xbc, 0x82,
    0xe7, 0xa7, 0xbb, 0xef, 0xbc, 0x8c, 0xe6, 0x8b, 0x92, 0xe7, 0xbb, 0x9d, 0xe5, 0x88, 0x9b, 0xe5,
    0xbb, 0xba, 0xe7, 0x94, 0xa8, 0xe6, 0x88, 0xb7, 0xe3, 0x80, 0x82, 0x22, 0x0a, 0x20, 0x20, 0x20,
    0x20, 0x72, 0x65, 0x74, 0x75, 0x72, 0x6e, 0x20, 0x31, 0x0a, 0x20, 0x20, 0x66, 0x69, 0x0a, 0x0a,
    0x20, 0x20, 0x72, 0x65, 0x61, 0x64, 0x20, 0x2d, 0x72, 0x20, 0x2d, 0x70, 0x20, 0x22, 0x68, 0x6f,
    0x6d, 0x65, 0x20, 0x73, 0x6f, 0x66, 0x74, 0x20, 0x71, 0x75, 0x6f, 0x74, 0x61, 0x20, 0x5b, 0x33,
    0x30, 0x47, 0x5d, 0x3a, 0x20, 0x22, 0x20, 0x68, 0x6f, 0x6d, 0x65, 0x5f, 0x73, 0x6f, 0x66, 0x74,
    0x3b, 0x20, 0x5b, 0x5b, 0x20, 0x2d, 0x6e, 0x20, 0x22, 0x24, 0x68, 0x6f, 0x6d, 0x65, 0x5f, 0x73,
    0x6f, 0x66, 0x74, 0x22, 0x20, 0x5d, 0x5d, 0x20, 0x7c, 0x7c, 0x20, 0x68, 0x6f, 0x6d, 0x65, 0x5f,
    0x73, 0x6f, 0x66, 0x74, 0x3d, 0x22, 0x33, 0x30, 0x47, 0x22, 0x0a, 0x20, 0x20, 0x72, 0x65, 0x61,
    0x64, 0x20, 0x2d, 0x72, 0x20, 0x2d, 0x70, 0x20, 0x22, 0x68, 0x6f, 0x6d, 0x65, 0x20, 0x68, 0x61,
    0x72, 0x64, 0x20, 0x71, 0x75, 0x6f, 0x74, 0x61, 0x20, 0x5b, 0x34, 0x30, 0x47, 0x5d, 0x3a, 0x20,
    0x22, 0x20, 0x68, 0x6f, 0x6d, 0x65, 0x5f, 0x68, 0x61, 0x72, 0x64, 0x3b, 0x20, 0x5b, 0x5b, 0x20,
    0x2d, 0x6e, 0x20, 0x22, 0x24, 0x68, 0x6f, 0x6d, 0x65, 0x5f, 0x68, 0x61, 0x72, 0x64, 0x22, 0x20,
    0x5d, 0x5d, 0x20, 0x7c, 0x7c, 0x20, 0x68, 0x6f, 0x6d, 0x65, 0x5f, 0x68, 0x61, 0x72, 0x64, 0x3d,
    0x22, 0x34, 0x30, 0x47, 0x22, 0x0a, 0x20, 0x20, 0x72, 0x65, 0x61, 0x64, 0x20, 0x2d, 0x72, 0x20,
    0x2d, 0x70, 0x20, 0x22, 0x64, 0x61, 0x74, 0x61, 0x20, 0x73, 0x6f, 0x66, 0x74, 0x20, 0x71, 0x75,
    0x6f, 0x74, 0x61, 0x20, 0x5b, 0x32, 0x54, 0x5d, 0x3a, 0x20, 0x22, 0x20, 0x64, 0x61, 0x74, 0x61,
    0x5f, 0x73, 0x6f, 0x66, 0x74, 0x3b, 0x20, 0x5b, 0x5b, 0x20, 0x2d, 0x6e, 0x20, 0x22, 0x24, 0x64,
    0x61, 0x74, 0x61, 0x5f, 0x73, 0x6f, 0x66, 0x74, 0x22, 0x20, 0x5d, 0x5d, 0x20, 0x7c, 0x7c, 0x20,
    0x64, 0x61, 0x74, 0x61, 0x5f, 0x73, 0x6f, 0x66, 0x74, 0x3d, 0x22, 0x32, 0x54, 0x22, 0x0a, 0x20,
    0x20, 0x72, 0x65, 0x61, 0x64, 0x20, 0x2d, 0x72, 0x20, 0x2d, 0x70, 0x20, 0x22, 0x64, 0x61, 0x74,
    0x61, 0x20, 0x68, 0x61, 0x72, 0x64, 0x20, 0x71, 0x75, 0x6f, 0x74, 0x61, 0x20, 0x5b, 0x32, 0x32,
    0x30, 0x30, 0x47, 0x5d, 0x3a, 0x20, 0x22, 0x20, 0x64, 0x61, 0x74, 0x61, 0x5f, 0x68, 0x61, 0x72,
    0x64, 0x3b, 0x20, 0x5b, 0x5b, 0x20, 0x2d, 0x6e, 0x20, 0x22, 0x24, 0x64, 0x61, 0x74, 0x61, 0x5f,
    0x68, 0x61, 0x72, 0x64, 0x22, 0x20, 0x5d, 0x5d, 0x20, 0x7c, 0x7c, 0x20, 0x64, 0x61, 0x74, 0x61,
    0x5f, 0x68, 0x61, 0x72, 0x64, 0x3d, 0x22, 0x32, 0x32, 0x30, 0x30, 0x47, 0x22, 0x0a, 0x20, 0x20,
    0x66, 0x6f, 0x72, 0x20, 0x71, 0x20, 0x69, 0x6e, 0x20, 0x22, 0x24, 0x68, 0x6f, 0x6d, 0x65, 0x5f,
    0x73, 0x6f, 0x66, 0x74, 0x22, 0x20, 0x22, 0x24, 0x68, 0x6f, 0x6d, 0x65, 0x5f, 0x68, 0x61, 0x72,
    0x64, 0x22, 0x20, 0x22, 0x24, 0x64, 0x61, 0x74, 0x61, 0x5f, 0x73, 0x6f, 0x66, 0x74, 0x22, 0x20,
    0x22, 0x24, 0x64, 0x61, 0x74, 0x61, 0x5f, 0x68, 0x61, 0x72, 0x64, 0x22, 0x3b, 0x20, 0x64, 0x6f,
    0x0a, 0x20, 0x20, 0x20, 0x20, 0x76, 0x61, 0x6c, 0x69, 0x64, 0x61, 0x74, 0x65, 0x5f, 0x71, 0x75,
    0x6f, 0x74, 0x61, 0x20, 0x22, 0x24, 0x71, 0x22, 0x20, 0x7c, 0x7c, 0x20, 0x7b, 0x20, 0x77, 0x61,
    0x72, 0x6e, 0x20, 0x22, 0x71, 0x75, 0x6f, 0x74, 0x61, 0x20, 0xe6, 0xa0, 0xbc, 0xe5, 0xbc, 0x8f,
    0xe4, 0xb8, 0x8d, 0xe5, 0x90, 0x88, 0xe6, 0xb3, 0x95, 0x3a, 0x20, 0x24, 0x71, 0x22, 0x3b, 0x20,
    0x72, 0x65, 0x74, 0x75, 0x72, 0x6e, 0x20, 0x31, 0x3b, 0x20, 0x7d, 0x0a, 0x20, 0x20, 0x64, 0x6f,
    0x6e, 0x65, 0x0a, 0x0a, 0x20, 0x20, 0x72, 0x65, 0x61, 0x64, 0x20, 0x2d, 0x72, 0x20, 0x2d, 0x70,
    0x20, 0x22, 0xe8, 0xb4, 0xa6, 0xe5, 0x8f, 0xb7, 0xe5, 0x88, 0xb0, 0xe6, 0x9c, 0x9f, 0xe6, 0x97,
    0xa5, 0x20, 0x59, 0x59, 0x59, 0x59, 0x2d, 0x4d, 0x4d, 0x2d, 0x44, 0x44, 0xef, 0xbc, 0x88, 0xe9,
    0x95, 0xbf, 0xe6, 0x9c, 0x9f, 0xe8, 0xb4, 0xa6, 0xe5, 0x8f, 0xb7, 0xe7, 0x95, 0x99, 0xe7, 0xa9,
    0xba, 0xef, 0xbc, 0x89, 0x3a, 0x20, 0x22, 0x20, 0x65, 0x78, 0x70, 0x69, 0x72, 0x79, 0x0a, 0x20,
    0x20, 0x69, 0x66, 0x20, 0x5b, 0x5b, 0x20, 0x2d, 0x6e, 0x20, 0x22, 0x24, 0x65, 0x78, 0x70, 0x69,
    0x72, 0x79, 0x22, 0x20, 0x5d, 0x5d, 0x3b, 0x20, 0x74, 0x68, 0x65, 0x6e, 0x0a, 0x20, 0x20, 0x20,
    0x20, 0x5b, 0x5b, 0x20, 0x22, 0x24, 0x65, 0x78, 0x70, 0x69, 0x72, 0x79, 0x22, 0x20, 0x3d, 0x7e,
    0x20, 0x5e, 0x5b, 0x30, 0x2d, 0x39, 0x5d, 0x7b, 0x34, 0x7d, 0x2d, 0x5b, 0x30, 0x2d, 0x39, 0x5d,
    0x7b, 0x32, 0x7d, 0x2d, 0x5b, 0x30, 0x2d, 0x39, 0x5d, 0x7b, 0x32, 0x7d, 0x24, 0x20, 0x5d, 0x5d,
    0x20, 0x7c, 0x7c, 0x20, 0x7b, 0x20, 0x77, 0x61, 0x72, 0x6e, 0x20, 0x22, 0xe5, 0x88, 0xb0, 0xe6,
    0x9c, 0x9f, 0xe6, 0x97, 0xa5, 0xe6, 0xa0, 0xbc, 0xe5, 0xbc, 0x8f, 0xe4, 0xb8, 0x8d, 0xe5, 0x90,
    0x88, 0xe6, 0xb3, 0x95, 0xe3, 0x80, 0x82, 0x22, 0x3b, 0x20, 0x72, 0x65, 0x74, 0x75, 0x72, 0x6e,
    0x20, 0x31, 0x3b, 0x20, 0x7d, 0x0a, 0x20, 0x20, 0x20, 0x20, 0x64, 0x61, 0x74, 0x65, 0x20, 0x2d,
    0x64, 0x20, 0x22, 0x24, 0x65, 0x78, 0x70, 0x69, 0x72, 0x79, 0x22, 0x20, 0x3e, 0x2f, 0x64, 0x65,
    0x76, 0x2f, 0x6e, 0x75, 0x6c, 0x6c, 0x20, 0x32, 0x3e, 0x26, 0x31, 0x20, 0x7c, 0x7c, 0x20, 0x7b,
    0x20, 0x77, 0x61, 0x72, 0x6e, 0x20, 0x22, 0xe5, 0x88, 0xb0, 0xe6, 0x9c, 0x9f, 0xe6, 0x97, 0xa5,
    0xe4, 0xb8, 0x8d, 0xe6, 0x98, 0xaf, 0xe6, 0x9c, 0x89, 0xe6, 0x95, 0x88, 0xe6, 0x97, 0xa5, 0xe6,
    0x9c, 0x9f, 0x3a, 0x20, 0x24, 0x65, 0x78, 0x70, 0x69, 0x72, 0x79, 0x22, 0x3b, 0x20, 0x72, 0x65,
    0x74, 0x75, 0x72, 0x6e, 0x20, 0x31, 0x3b, 0x20, 0x7d, 0x0a, 0x20, 0x20, 0x66, 0x69, 0x0a, 0x0a,
    0x20, 0x20, 0x72, 0x65, 0x61, 0x64, 0x20, 0x2d, 0x72, 0x20, 0x2d, 0x70, 0x20, 0x22, 0xe6, 0x95,
    0xb0, 0xe6, 0x8d, 0xae, 0xe6, 0x8c, 0x82, 0xe8, 0xbd, 0xbd, 0xe7, 0x9b, 0xae, 0xe5, 0xbd, 0x95,
    0x20, 0x5b, 0x24, 0x44, 0x41, 0x54, 0x41, 0x5f, 0x4d, 0x4f, 0x55, 0x4e, 0x54, 0x5f, 0x44, 0x45,
    0x46, 0x41, 0x55, 0x4c, 0x54, 0x5d, 0x3a, 0x20, 0x22, 0x20, 0x64, 0x61, 0x74, 0x61, 0x5f, 0x6d,
    0x6f, 0x75, 0x6e, 0x74, 0x0a, 0x20, 0x20, 0x5b, 0x5b, 0x20, 0x2d, 0x6e, 0x20, 0x22, 0x24, 0x64,
    0x61, 0x74, 0x61, 0x5f, 0x6d, 0x6f, 0x75, 0x6e, 0x74, 0x22, 0x20, 0x5d, 0x5d, 0x20, 0x7c, 0x7c,
    0x20, 0x64, 0x61, 0x74, 0x61, 0x5f, 0x6d, 0x6f, 0x75, 0x6e, 0x74, 0x3d, 0x22, 0x24, 0x44, 0x41,
    0x54, 0x41, 0x5f, 0x4d, 0x4f, 0x55, 0x4e, 0x54, 0x5f, 0x44, 0x45, 0x46, 0x41, 0x55, 0x4c, 0x54,
    0x22, 0x0a, 0x20, 0x20, 0x5b, 0x5b, 0x20, 0x22, 0x24, 0x64, 0x61, 0x74, 0x61, 0x5f, 0x6d, 0x6f,
    0x75, 0x6e, 0x74, 0x22, 0x20, 0x3d, 0x3d, 0x20, 0x2f, 0x2a, 0x20, 0x5d, 0x5d, 0x20, 0x7c, 0x7c,
    0x20, 0x7b, 0x20, 0x77, 0x61, 0x72, 0x6e, 0x20, 0x22, 0xe6, 0x95, 0xb0, 0xe6, 0x8d, 0xae, 0xe6,
    0x8c, 0x82, 0xe8, 0xbd, 0xbd, 0xe7, 0x9b, 0xae, 0xe5, 0xbd, 0x95, 0xe5, 0xbf, 0x85, 0xe9, 0xa1,
    0xbb, 0xe6, 0x98, 0xaf, 0xe7, 0xbb, 0x9d, 0xe5, 0xaf, 0xb9, 0xe8, 0xb7, 0xaf, 0xe5, 0xbe, 0x84,
    0xe3, 0x80, 0x82, 0x22, 0x3b, 0x20, 0x72, 0x65, 0x74, 0x75, 0x72, 0x6e, 0x20, 0x31, 0x3b, 0x20,
    0x7d, 0x0a, 0x0a, 0x20, 0x20, 0x64, 0x61, 0x74, 0x61, 0x5f, 0x64, 0x69, 0x72, 0x3d, 0x22, 0x24,
    0x64, 0x61, 0x74, 0x61, 0x5f, 0x6d, 0x6f, 0x75, 0x6e, 0x74, 0x2f, 0x75, 0x73, 0x65, 0x72, 0x2f,
    0x24, 0x75, 0x73, 0x65, 0x72, 0x6e, 0x61, 0x6d, 0x65, 0x22, 0x0a, 0x20, 0x20, 0x69, 0x66, 0x20,
    0x5b, 0x5b, 0x20, 0x2d, 0x65, 0x20, 0x22, 0x24, 0x64, 0x61, 0x74, 0x61, 0x5f, 0x64, 0x69, 0x72,
    0x22, 0x20, 0x5d, 0x5d, 0x3b, 0x20, 0x74, 0x68, 0x65, 0x6e, 0x0a, 0x20, 0x20, 0x20, 0x20, 0x77,
    0x61, 0x72, 0x6e, 0x20, 0x22, 0x24, 0x64, 0x61, 0x74, 0x61, 0x5f, 0x64, 0x69, 0x72, 0x20, 0xe5,
    0xb7, 0xb2, 0xe5, 0xad, 0x98, 0xe5, 0x9c, 0xa8, 0xef, 0xbc, 0x9b, 0xe4, 0xb8, 0xba, 0xe9, 0x81,
    0xbf, 0xe5, 0x85, 0x8d, 0xe6, 0x8e, 0xa5, 0xe7, 0xae, 0xa1, 0xe6, 0x9c, 0xaa, 0xe7, 0x9f, 0xa5,
    0xe6, 0x95, 0xb0, 0xe6, 0x8d, 0xae, 0xef, 0xbc, 0x8c, 0xe6, 0x8b, 0x92, 0xe7, 0xbb, 0x9d, 0xe7,
    0xbb, 0xa7, 0xe7, 0xbb, 0xad, 0xe3, 0x80, 0x82, 0x22, 0x0a, 0x20, 0x20, 0x20, 0x20, 0x72, 0x65,
    0x74, 0x75, 0x72, 0x6e, 0x20, 0x31, 0x0a, 0x20, 0x20, 0x66, 0x69, 0x0a, 0x0a, 0x20, 0x20, 0x69,
    0x66, 0x20, 0x28, 0x28, 0x20, 0x44, 0x52, 0x59, 0x5f, 0x52, 0x55, 0x4e, 0x20, 0x3d, 0x3d, 0x20,
    0x30, 0x20, 0x29, 0x29, 0x3b, 0x20, 0x74, 0x68, 0x65, 0x6e, 0x0a, 0x20, 0x20, 0x20, 0x20, 0x6d,
    0x6f, 0x75, 0x6e, 0x74, 0x70, 0x6f, 0x69, 0x6e, 0x74, 0x20, 0x2d, 0x71, 0x20, 0x22, 0x24, 0x64,
    0x61, 0x74, 0x61, 0x5f, 0x6d, 0x6f, 0x75, 0x6e, 0x74, 0x22, 0x20, 0x7c, 0x7c, 0x20, 0x7b, 0x0a,
    0x20, 0x20, 0x20, 0x20, 0x20, 0x20, 0x77, 0x61, 0x72, 0x6e, 0x20, 0x22, 0x24, 0x64, 0x61, 0x74,
    0x61, 0x5f, 0x6d, 0x6f, 0x75, 0x6e, 0x74, 0x20, 0xe4, 0xb8, 0x8d, 0xe6, 0x98, 0xaf, 0xe7, 0x8b,
    0xac, 0xe7, 0xab, 0x8b, 0xe6, 0x8c, 0x82, 0xe8, 0xbd, 0xbd, 0xe7, 0x82, 0xb9, 0xef, 0xbc, 0x9b,
    0xe8, 0xaf, 0xb7, 0xe5, 0x85, 0x88, 0xe5, 0x88, 0x9d, 0xe5, 0xa7, 0x8b, 0xe5, 0x8c, 0x96, 0xe6,
    0x88, 0x96, 0xe6, 0x8c, 0x82, 0xe8, 0xbd, 0xbd, 0xe6, 0x95, 0xb0, 0xe6, 0x8d, 0xae, 0xe7, 0x9b,
    0x98, 0xe3, 0x80, 0x82, 0x22, 0x0a, 0x20, 0x20, 0x20, 0x20, 0x20, 0x20, 0x72, 0x65, 0x74, 0x75,
    0x72, 0x6e, 0x20, 0x31, 0x0a, 0x20, 0x20, 0x20, 0x20, 0x7d, 0x0a, 0x20, 0x20, 0x66, 0x69, 0x0a,
    0x0a, 0x20, 0x20, 0x68, 0x6f, 0x6d, 0x65, 0x5f, 0x66, 0x73, 0x3d, 0x22, 0x24, 0x28, 0x66, 0x69,
    0x6e, 0x64, 0x6d, 0x6e, 0x74, 0x20, 0x2d, 0x6e, 0x20, 0x2d, 0x6f, 0x20, 0x46, 0x53, 0x54, 0x59,
    0x50, 0x45, 0x20, 0x2d, 0x2d, 0x74, 0x61, 0x72, 0x67, 0x65, 0x74, 0x20, 0x2f, 0x68, 0x6f, 0x6d,
    0x65, 0x20, 0x32, 0x3e, 0x2f, 0x64, 0x65, 0x76, 0x2f, 0x6e, 0x75, 0x6c, 0x6c, 0x20, 0x7c, 0x7c,
    0x20, 0x74, 0x72, 0x75, 0x65, 0x29, 0x22, 0x0a, 0x20, 0x20, 0x64, 0x61, 0x74, 0x61, 0x5f, 0x66,
    0x73, 0x3d, 0x22, 0x24, 0x28, 0x66, 0x69, 0x6e, 0x64, 0x6d, 0x6e, 0x74, 0x20, 0x2d, 0x6e, 0x20,
    0x2d, 0x6f, 0x20, 0x46, 0x53, 0x54, 0x59, 0x50, 0x45, 0x20, 0x2d, 0x2d, 0x74, 0x61, 0x72, 0x67,
    0x65, 0x74, 0x20, 0x22, 0x24, 0x64, 0x61, 0x74, 0x61, 0x5f, 0x6d, 0x6f, 0x75, 0x6e, 0x74, 0x22,
    0x20, 0x32, 0x3e, 0x2f, 0x64, 0x65, 0x76, 0x2f, 0x6e, 0x75, 0x6c, 0x6c, 0x20, 0x7c, 0x7c, 0x20,
    0x74, 0x72, 0x75, 0x65, 0x29, 0x22, 0x0a, 0x20, 0x20, 0x5b, 0x5b, 0x20, 0x22, 0x24, 0x68, 0x6f,
    0x6d, 0x65, 0x5f, 0x66, 0x73, 0x22, 0x20, 0x3d, 0x3d, 0x20, 0x22, 0x78, 0x66, 0x73, 0x22, 0x20,
    0x5d, 0x5d, 0x20, 0x7c, 0x7c, 0x20, 0x77, 0x61, 0x72, 0x6e, 0x20, 0x22, 0x2f, 0x68, 0x6f, 0x6d,
    0x65, 0x20, 0xe6, 0x98, 0xaf, 0x20, 0x24, 0x7b, 0x68, 0x6f, 0x6d, 0x65, 0x5f, 0x66, 0x73, 0x3a,
    0x2d, 0xe6, 0x9c, 0xaa, 0xe7, 0x9f, 0xa5, 0x7d, 0xef, 0xbc, 0x8c, 0xe4, 0xb8, 0x8d, 0xe4, 0xbc,
    0x9a, 0xe8, 0xae, 0xbe, 0xe7, 0xbd, 0xae, 0x20, 0x58, 0x46, 0x53, 0x20, 0x68, 0x6f, 0x6d, 0x65,
    0x20, 0x71, 0x75, 0x6f, 0x74, 0x61, 0xe3, 0x80, 0x82, 0x22, 0x0a, 0x20, 0x20, 0x5b, 0x5b, 0x20,
    0x22, 0x24, 0x64, 0x61, 0x74, 0x61, 0x5f, 0x66, 0x73, 0x22, 0x20, 0x3d, 0x3d, 0x20, 0x22, 0x78,
    0x66, 0x73, 0x22, 0x20, 0x5d, 0x5d, 0x20, 0x7c, 0x7c, 0x20, 0x77, 0x61, 0x72, 0x6e, 0x20, 0x22,
    0x24, 0x64, 0x61, 0x74, 0x61, 0x5f, 0x6d, 0x6f, 0x75, 0x6e, 0x74, 0x20, 0xe6, 0x98, 0xaf, 0x20,
    0x24, 0x7b, 0x64, 0x61, 0x74, 0x61, 0x5f, 0x66, 0x73, 0x3a, 0x2d, 0xe6, 0x9c, 0xaa, 0xe7, 0x9f,
    0xa5, 0x7d, 0xef, 0xbc, 0x8c, 0xe4, 0xb8, 0x8d, 0xe4, 0xbc, 0x9a, 0xe8, 0xae, 0xbe, 0xe7, 0xbd,
    0xae, 0x20, 0x58, 0x46, 0x53, 0x20, 0x64, 0x61, 0x74, 0x61, 0x20, 0x71, 0x75, 0x6f, 0x74, 0x61,
    0xe3, 0x80, 0x82, 0x22, 0x0a, 0x0a, 0x20, 0x20, 0x70, 0x72, 0x69, 0x6e, 0x74, 0x66, 0x20, 0x27,
    0x5c, 0x6e, 0x3d, 0x3d, 0x3d, 0x20, 0xe7, 0x94, 0xa8, 0xe6, 0x88, 0xb7, 0xe5, 0x88, 0x9b, 0xe5,
    0xbb, 0xba, 0xe9, 0xa2, 0x84, 0xe6, 0xa3, 0x80, 0xe6, 0x9f, 0xa5, 0x20, 0x3d, 0x3d, 0x3d, 0x5c,
    0x6e, 0x27, 0x0a, 0x20, 0x20, 0x70, 0x72, 0x69, 0x6e, 0x74, 0x66, 0x20, 0x27, 0xe7, 0x94, 0xa8,
    0xe6, 0x88, 0xb7, 0xe5, 0x90, 0x8d, 0x3a, 0x20, 0x20, 0x20, 0x20, 0x20, 0x20, 0x20, 0x25, 0x73,
    0x5c, 0x6e, 0x27, 0x20, 0x22, 0x24, 0x75, 0x73, 0x65, 0x72, 0x6e, 0x61, 0x6d, 0x65, 0x22, 0x0a,
    0x20, 0x20, 0x70, 0x72, 0x69, 0x6e, 0x74, 0x66, 0x20, 0x27, 0x55, 0x49, 0x44, 0x3a, 0x20, 0x20,
    0x20, 0x20, 0x20, 0x20, 0x20, 0x20, 0x20, 0x20, 0x25, 0x73, 0x5c, 0x6e, 0x27, 0x20, 0x22, 0x24,
    0x7b, 0x72, 0x65, 0x71, 0x75, 0x65, 0x73, 0x74, 0x65, 0x64, 0x5f, 0x75, 0x69, 0x64, 0x3a, 0x2d,
    0xe8, 0x87, 0xaa, 0xe5, 0x8a, 0xa8, 0xe5, 0x88, 0x86, 0xe9, 0x85, 0x8d, 0x7d, 0x22, 0x0a, 0x20,
    0x20, 0x70, 0x72, 0x69, 0x6e, 0x74, 0x66, 0x20, 0x27, 0xe4, 0xb8, 0xbb, 0xe7, 0xbb, 0x84, 0x3a,
    0x20, 0x20, 0x20, 0x20, 0x20, 0x20, 0x20, 0x20, 0x20, 0x25, 0x73, 0x20, 0x28, 0x47, 0x49, 0x44,
    0x3d, 0x25, 0x73, 0x29, 0x5c, 0x6e, 0x27, 0x20, 0x22, 0x24, 0x75, 0x73, 0x65, 0x72, 0x5f, 0x74,
    0x79, 0x70, 0x65, 0x22, 0x20, 0x22, 0x24, 0x70, 0x72, 0x69, 0x6d, 0x61, 0x72, 0x79, 0x5f, 0x67,
    0x69, 0x64, 0x22, 0x0a, 0x20, 0x20, 0x70, 0x72, 0x69, 0x6e, 0x74, 0x66, 0x20, 0x27, 0x68, 0x6f,
    0x6d, 0x65, 0x20, 0x71, 0x75, 0x6f, 0x74, 0x61, 0x3a, 0x20, 0x20, 0x20, 0x25, 0x73, 0x20, 0x2f,
    0x20, 0x25, 0x73, 0x5c, 0x6e, 0x27, 0x20, 0x22, 0x24, 0x68, 0x6f, 0x6d, 0x65, 0x5f, 0x73, 0x6f,
    0x66, 0x74, 0x22, 0x20, 0x22, 0x24, 0x68, 0x6f, 0x6d, 0x65, 0x5f, 0x68, 0x61, 0x72, 0x64, 0x22,
    0x0a, 0x20, 0x20, 0x70, 0x72, 0x69, 0x6e, 0x74, 0x66, 0x20, 0x27, 0x64, 0x61, 0x74, 0x61, 0x20,
    0x71, 0x75, 0x6f, 0x74, 0x61, 0x3a, 0x20, 0x20, 0x20, 0x25, 0x73, 0x20, 0x2f, 0x20, 0x25, 0x73,
    0x5c, 0x6e, 0x27, 0x20, 0x22, 0x24, 0x64, 0x61, 0x74, 0x61, 0x5f, 0x73, 0x6f, 0x66, 0x74, 0x22,
    0x20, 0x22, 0x24, 0x64, 0x61, 0x74, 0x61, 0x5f, 0x68, 0x61, 0x72, 0x64, 0x22, 0x0a, 0x20, 0x20,
    0x70, 0x72, 0x69, 0x6e, 0x74, 0x66, 0x20, 0x27, 0xe6, 0x95, 0xb0, 0xe6, 0x8d, 0xae, 0xe7, 0x9b,
    0xae, 0xe5, 0xbd, 0x95, 0x3a, 0x20, 0x20, 0x20, 0x20, 0x20, 0x25, 0x73, 0x5c, 0x6e, 0x27, 0x20,
    0x22, 0x24, 0x64, 0x61, 0x74, 0x61, 0x5f, 0x64, 0x69, 0x72, 0x22, 0x0a, 0x20, 0x20, 0x70, 0x72,
    0x69, 0x6e, 0x74, 0x66, 0x20, 0x27, 0xe5, 0x88, 0xb0, 0xe6, 0x9c, 0x9f, 0xe6, 0x97, 0xa5, 0x3a,
    0x20, 0x20, 0x20, 0x20, 0x20, 0x20, 0x20, 0x25, 0x73, 0x5c, 0x6e, 0x27, 0x20, 0x22, 0x24, 0x7b,
    0x65, 0x78, 0x70, 0x69, 0x72, 0x79, 0x3a, 0x2d, 0xe9, 0x95, 0xbf, 0xe6, 0x9c, 0x9f, 0x7d, 0x22,
    0x0a, 0x20, 0x20, 0x63, 0x6f, 0x6e, 0x66, 0x69, 0x72, 0x6d, 0x20, 0x22, 0xe9, 0xa2, 0x84, 0xe6,
    0xa3, 0x80, 0xe6, 0x9f, 0xa5, 0xe9, 0x80, 0x9a, 0xe8, 0xbf, 0x87, 0xef, 0xbc, 0x8c, 0xe7, 0xa1,
    0xae, 0xe8, 0xae, 0xa4, 0xe5, 0x88, 0x9b, 0xe5, 0xbb, 0xba, 0xef, 0xbc, 0x9f, 0x22, 0x20, 0x7c,
    0x7c, 0x20, 0x7b, 0x20, 0x77, 0x61, 0x72, 0x6e, 0x20, 0x22, 0xe5, 0xb7, 0xb2, 0xe5, 0x8f, 0x96,
    0xe6, 0xb6, 0x88, 0xe3, 0x80, 0x82, 0x22, 0x3b, 0x20, 0x72, 0x65, 0x74, 0x75, 0x72, 0x6e, 0x20,
    0x30, 0x3b, 0x20, 0x7d, 0x0a, 0x0a, 0x20, 0x20, 0x75, 0x73, 0x65, 0x72, 0x61, 0x64, 0x64, 0x5f,
    0x61, 0x72, 0x67, 0x73, 0x2b, 0x3d, 0x28, 0x2d, 0x67, 0x20, 0x22, 0x24, 0x75, 0x73, 0x65, 0x72,
    0x5f, 0x74, 0x79, 0x70, 0x65, 0x22, 0x20, 0x22, 0x24, 0x75, 0x73, 0x65, 0x72, 0x6e, 0x61, 0x6d,
    0x65, 0x22, 0x29, 0x0a, 0x20, 0x20, 0x69, 0x66, 0x20, 0x21, 0x20, 0x61, 0x73, 0x5f, 0x72, 0x6f,
    0x6f, 0x74, 0x20, 0x75, 0x73, 0x65, 0x72, 0x61, 0x64, 0x64, 0x20, 0x22, 0x24, 0x7b, 0x75, 0x73,
    0x65, 0x72, 0x61, 0x64, 0x64, 0x5f, 0x61, 0x72, 0x67, 0x73, 0x5b, 0x40, 0x5d, 0x7d, 0x22, 0x3b,
    0x20, 0x74, 0x68, 0x65, 0x6e, 0x0a, 0x20, 0x20, 0x20, 0x20, 0x77, 0x61, 0x72, 0x6e, 0x20, 0x22,
    0x75, 0x73, 0x65, 0x72, 0x61, 0x64, 0x64, 0x20, 0xe5, 0xa4, 0xb1, 0xe8, 0xb4, 0xa5, 0xef, 0xbc,
    0x8c, 0xe7, 0xb3, 0xbb, 0xe7, 0xbb, 0x9f, 0xe6, 0x9c, 0xaa, 0xe5, 0xae, 0x8c, 0xe6, 0x88, 0x90,
    0xe7, 0x94, 0xa8, 0xe6, 0x88, 0xb7, 0xe5, 0x88, 0x9b, 0xe5, 0xbb, 0xba, 0xe3, 0x80, 0x82, 0x22,
    0x0a, 0x20, 0x20, 0x20, 0x20, 0x72, 0x65, 0x74, 0x75, 0x72, 0x6e, 0x20, 0x31, 0x0a, 0x20, 0x20,
    0x66, 0x69, 0x0a, 0x0a, 0x20, 0x20, 0x75, 0x73, 0x65, 0x72, 0x5f, 0x68, 0x6f, 0x6d, 0x65, 0x3d,
    0x22, 0x24, 0x28, 0x67, 0x65, 0x74, 0x65, 0x6e, 0x74, 0x20, 0x70, 0x61, 0x73, 0x73, 0x77, 0x64,
    0x20, 0x22, 0x24, 0x75, 0x73, 0x65, 0x72, 0x6e, 0x61, 0x6d, 0x65, 0x22, 0x20, 0x32, 0x3e, 0x2f,
    0x64, 0x65, 0x76, 0x2f, 0x6e, 0x75, 0x6c, 0x6c, 0x20, 0x7c, 0x20, 0x63, 0x75, 0x74, 0x20, 0x2d,
    0x64, 0x3a, 0x20, 0x2d, 0x66, 0x36, 0x20, 0x7c, 0x7c, 0x20, 0x74, 0x72, 0x75, 0x65, 0x29, 0x22,
    0x0a, 0x20, 0x20, 0x5b, 0x5b, 0x20, 0x2d, 0x6e, 0x20, 0x22, 0x24, 0x75, 0x73, 0x65, 0x72, 0x5f,
    0x68, 0x6f, 0x6d, 0x65, 0x22, 0x20, 0x5d, 0x5d, 0x20, 0x7c, 0x7c, 0x20, 0x75, 0x73, 0x65, 0x72,
    0x5f, 0x68, 0x6f, 0x6d, 0x65, 0x3d, 0x22, 0x2f, 0x68, 0x6f, 0x6d, 0x65, 0x2f, 0x24, 0x75, 0x73,
    0x65, 0x72, 0x6e, 0x61, 0x6d, 0x65, 0x22, 0x0a, 0x0a, 0x20, 0x20, 0x69, 0x66, 0x20, 0x21, 0x20,
    0x61, 0x73, 0x5f, 0x72, 0x6f, 0x6f, 0x74, 0x20, 0x6d, 0x6b, 0x64, 0x69, 0x72, 0x20, 0x2d, 0x70,
    0x20, 0x22, 0x24, 0x64, 0x61, 0x74, 0x61, 0x5f, 0x64, 0x69, 0x72, 0x22, 0x20, 0x7c, 0x7c, 0x20,
    0x21, 0x20, 0x61, 0x73, 0x5f, 0x72, 0x6f, 0x6f, 0x74, 0x20, 0x63, 0x68, 0x6f, 0x77, 0x6e, 0x20,
    0x22, 0x24, 0x75, 0x73, 0x65, 0x72, 0x6e, 0x61, 0x6d, 0x65, 0x3a, 0x24, 0x75, 0x73, 0x65, 0x72,
    0x5f, 0x74, 0x79, 0x70, 0x65, 0x22, 0x20, 0x22, 0x24, 0x64, 0x61, 0x74, 0x61, 0x5f, 0x64, 0x69,
    0x72, 0x22, 0x3b, 0x20, 0x74, 0x68, 0x65, 0x6e, 0x0a, 0x20, 0x20, 0x20, 0x20, 0x72, 0x6f, 0x6c,
    0x6c, 0x62, 0x61, 0x63, 0x6b, 0x5f, 0x75, 0x73, 0x65, 0x72, 0x5f, 0x63, 0x72, 0x65, 0x61, 0x74,
    0x69, 0x6f, 0x6e, 0x20, 0x22, 0x24, 0x75, 0x73, 0x65, 0x72, 0x6e, 0x61, 0x6d, 0x65, 0x22, 0x20,
    0x22, 0x24, 0x64, 0x61, 0x74, 0x61, 0x5f, 0x64, 0x69, 0x72, 0x22, 0x20, 0x22, 0x24, 0x68, 0x6f,
    0x6d, 0x65, 0x5f, 0x66, 0x73, 0x22, 0x20, 0x22, 0x24, 0x64, 0x61, 0x74, 0x61, 0x5f, 0x66, 0x73,
    0x22, 0x0a, 0x20, 0x20, 0x20, 0x20, 0x72, 0x65, 0x74, 0x75, 0x72, 0x6e, 0x20, 0x31, 0x0a, 0x20,
    0x20, 0x66, 0x69, 0x0a, 0x0a, 0x20, 0x20, 0x69, 0x66, 0x20, 0x63, 0x6f, 0x6d, 0x6d, 0x61, 0x6e,
    0x64, 0x20, 0x2d, 0x76, 0x20, 0x78, 0x66, 0x73, 0x5f, 0x71, 0x75, 0x6f, 0x74, 0x61, 0x20, 0x3e,
    0x2f, 0x64, 0x65, 0x76, 0x2f, 0x6e, 0x75, 0x6c, 0x6c, 0x20, 0x32, 0x3e, 0x26, 0x31, 0x3b, 0x20,
    0x74, 0x68, 0x65, 0x6e, 0x0a, 0x20, 0x20, 0x20, 0x20, 0x69, 0x66, 0x20, 0x5b, 0x5b, 0x20, 0x22,
    0x24, 0x68, 0x6f, 0x6d, 0x65, 0x5f, 0x66, 0x73, 0x22, 0x20, 0x3d, 0x3d, 0x20, 0x22, 0x78, 0x66,
    0x73, 0x22, 0x20, 0x5d, 0x5d, 0x20, 0x26, 0x26, 0x20, 0x21, 0x20, 0x61, 0x73, 0x5f, 0x72, 0x6f,
    0x6f, 0x74, 0x20, 0x78, 0x66, 0x73, 0x5f, 0x71, 0x75, 0x6f, 0x74, 0x61, 0x20, 0x2d, 0x78, 0x20,
    0x2d, 0x63, 0x20, 0x22, 0x6c, 0x69, 0x6d, 0x69, 0x74, 0x20, 0x2d, 0x75, 0x20, 0x62, 0x73, 0x6f,
    0x66, 0x74, 0x3d, 0x24, 0x68, 0x6f, 0x6d, 0x65, 0x5f, 0x73, 0x6f, 0x66, 0x74, 0x20, 0x62, 0x68,
    0x61, 0x72, 0x64, 0x3d, 0x24, 0x68, 0x6f, 0x6d, 0x65, 0x5f, 0x68, 0x61, 0x72, 0x64, 0x20, 0x24,
    0x75, 0x73, 0x65, 0x72, 0x6e, 0x61, 0x6d, 0x65, 0x22, 0x20, 0x2f, 0x68, 0x6f, 0x6d, 0x65, 0x3b,
    0x20, 0x74, 0x68, 0x65, 0x6e, 0x0a, 0x20, 0x20, 0x20, 0x20, 0x20, 0x20, 0x72, 0x6f, 0x6c, 0x6c,
    0x62, 0x61, 0x63, 0x6b, 0x5f, 0x75, 0x73, 0x65, 0x72, 0x5f, 0x63, 0x72, 0x65, 0x61, 0x74, 0x69,
    0x6f, 0x6e, 0x20, 0x22, 0x24, 0x75, 0x73, 0x65, 0x72, 0x6e, 0x61, 0x6d, 0x65, 0x22, 0x20, 0x22,
    0x24, 0x64, 0x61, 0x74, 0x61, 0x5f, 0x64, 0x69, 0x72, 0x22, 0x20, 0x22, 0x24, 0x68, 0x6f, 0x6d,
    0x65, 0x5f, 0x66, 0x73, 0x22, 0x20, 0x22, 0x24, 0x64, 0x61, 0x74, 0x61, 0x5f, 0x66, 0x73, 0x22,
    0x0a, 0x20, 0x20, 0x20, 0x20, 0x20, 0x20, 0x72, 0x65, 0x74, 0x75, 0x72, 0x6e, 0x20, 0x31, 0x0a,
    0x20, 0x20, 0x20, 0x20, 0x66, 0x69, 0x0a, 0x20, 0x20, 0x20, 0x20, 0x69, 0x66, 0x20, 0x5b, 0x5b,
    0x20, 0x22, 0x24, 0x64, 0x61, 0x74, 0x61, 0x5f, 0x66, 0x73, 0x22, 0x20, 0x3d, 0x3d, 0x20, 0x22,
    0x78, 0x66, 0x73, 0x22, 0x20, 0x5d, 0x5d, 0x20, 0x26, 0x26, 0x20, 0x21, 0x20, 0x61, 0x73, 0x5f,
    0x72, 0x6f, 0x6f, 0x74, 0x20, 0x78, 0x66, 0x73, 0x5f, 0x71, 0x75, 0x6f, 0x74, 0x61, 0x20, 0x2d,
    0x78, 0x20, 0x2d, 0x63, 0x20, 0x22, 0x6c, 0x69, 0x6d, 0x69, 0x74, 0x20, 0x2d, 0x75, 0x20, 0x62,
    0x73, 0x6f, 0x66, 0x74, 0x3d, 0x24, 0x64, 0x61, 0x74, 0x61, 0x5f, 0x73, 0x6f, 0x66, 0x74, 0x20,
    0x62, 0x68, 0x61, 0x72, 0x64, 0x3d, 0x24, 0x64, 0x61, 0x74, 0x61, 0x5f, 0x68, 0x61, 0x72, 0x64,
    0x20, 0x24, 0x75, 0x73, 0x65, 0x72, 0x6e, 0x61, 0x6d, 0x65, 0x22, 0x20, 0x22, 0x24, 0x64, 0x61,
    0x74, 0x61, 0x5f, 0x6d, 0x6f, 0x75, 0x6e, 0x74, 0x22, 0x3b, 0x20, 0x74, 0x68, 0x65, 0x6e, 0x0a,
    0x20, 0x20, 0x20, 0x20, 0x20, 0x20, 0x72, 0x6f, 0x6c, 0x6c, 0x62, 0x61, 0x63, 0x6b, 0x5f, 0x75,
    0x73, 0x65, 0x72, 0x5f, 0x63, 0x72, 0x65, 0x61, 0x74, 0x69, 0x6f, 0x6e, 0x20, 0x22, 0x24, 0x75,
    0x73, 0x65, 0x72, 0x6e, 0x61, 0x6d, 0x65, 0x22, 0x20, 0x22, 0x24, 0x64, 0x61, 0x74, 0x61, 0x5f,
    0x64, 0x69, 0x72, 0x22, 0x20, 0x22, 0x24, 0x68, 0x6f, 0x6d, 0x65, 0x5f, 0x66, 0x73, 0x22, 0x20,
    0x22, 0x24, 0x64, 0x61, 0x74, 0x61, 0x5f, 0x66, 0x73, 0x22, 0x0a, 0x20, 0x20, 0x20, 0x20, 0x20,
    0x20, 0x72, 0x65, 0x74, 0x75, 0x72, 0x6e, 0x20, 0x31, 0x0a, 0x20, 0x20, 0x20, 0x20, 0x66, 0x69,
    0x0a, 0x20, 0x20, 0x66, 0x69, 0x0a, 0x0a, 0x20, 0x20, 0x69, 0x66, 0x20, 0x5b, 0x5b, 0x20, 0x2d,
    0x6e, 0x20, 0x22, 0x24, 0x65, 0x78, 0x70, 0x69, 0x72, 0x79, 0x22, 0x20, 0x5d, 0x5d, 0x20, 0x26,
    0x26, 0x20, 0x21, 0x20, 0x61, 0x73, 0x5f, 0x72, 0x6f, 0x6f, 0x74, 0x20, 0x63, 0x68, 0x61, 0x67,
    0x65, 0x20, 0x2d, 0x45, 0x20, 0x22, 0x24, 0x65, 0x78, 0x70, 0x69, 0x72, 0x79, 0x22, 0x20, 0x22,
    0x24, 0x75, 0x73, 0x65, 0x72, 0x6e, 0x61, 0x6d, 0x65, 0x22, 0x3b, 0x20, 0x74, 0x68, 0x65, 0x6e,
    0x0a, 0x20, 0x20, 0x20, 0x20, 0x72, 0x6f, 0x6c, 0x6c, 0x62, 0x61, 0x63, 0x6b, 0x5f, 0x75, 0x73,
    0x65, 0x72, 0x5f, 0x63, 0x72, 0x65, 0x61, 0x74, 0x69, 0x6f, 0x6e, 0x20, 0x22, 0x24, 0x75, 0x73,
    0x65, 0x72, 0x6e, 0x61, 0x6d, 0x65, 0x22, 0x20, 0x22, 0x24, 0x64, 0x61, 0x74, 0x61, 0x5f, 0x64,
    0x69, 0x72, 0x22, 0x20, 0x22, 0x24, 0x68, 0x6f, 0x6d, 0x65, 0x5f, 0x66, 0x73, 0x22, 0x20, 0x22,
    0x24, 0x64, 0x61, 0x74, 0x61, 0x5f, 0x66, 0x73, 0x22, 0x0a, 0x20, 0x20, 0x20, 0x20, 0x72, 0x65,
    0x74, 0x75, 0x72, 0x6e, 0x20, 0x31, 0x0a, 0x20, 0x20, 0x66, 0x69, 0x0a, 0x0a, 0x20, 0x20, 0x69,
    0x66, 0x20, 0x63, 0x6f, 0x6d, 0x6d, 0x61, 0x6e, 0x64, 0x20, 0x2d, 0x76, 0x20, 0x52, 0x73, 0x63,
    0x72, 0x69, 0x70, 0x74, 0x20, 0x3e, 0x2f, 0x64, 0x65, 0x76, 0x2f, 0x6e, 0x75, 0x6c, 0x6c, 0x20,
    0x32, 0x3e, 0x26, 0x31, 0x3b, 0x20, 0x74, 0x68, 0x65, 0x6e, 0x0a, 0x20, 0x20, 0x20, 0x20, 0x72,
    0x5f, 0x76, 0x65, 0x72, 0x3d, 0x22, 0x24, 0x28, 0x52, 0x73, 0x63, 0x72, 0x69, 0x70, 0x74, 0x20,
    0x2d, 0x65, 0x20, 0x27, 0x63, 0x61, 0x74, 0x28, 0x70, 0x61, 0x73, 0x74, 0x65, 0x28, 0x52, 0x2e,
    0x76, 0x65, 0x72, 0x73, 0x69, 0x6f, 0x6e, 0x24, 0x6d, 0x61, 0x6a, 0x6f, 0x72, 0x2c, 0x20, 0x73,
    0x74, 0x72, 0x73, 0x70, 0x6c, 0x69, 0x74, 0x28, 0x52, 0x2e, 0x76, 0x65, 0x72, 0x73, 0x69, 0x6f,
    0x6e, 0x24, 0x6d, 0x69, 0x6e, 0x6f, 0x72, 0x2c, 0x20, 0x22, 0x5c, 0x5c, 0x2e, 0x22, 0x29, 0x5b,
    0x5b, 0x31, 0x5d, 0x5d, 0x5b, 0x31, 0x5d, 0x2c, 0x20, 0x73, 0x65, 0x70, 0x3d, 0x22, 0x2e, 0x22,
    0x29, 0x29, 0x27, 0x20, 0x32, 0x3e, 0x2f, 0x64, 0x65, 0x76, 0x2f, 0x6e, 0x75, 0x6c, 0x6c, 0x20,
    0x7c, 0x7c, 0x20, 0x74, 0x72, 0x75, 0x65, 0x29, 0x22, 0x0a, 0x20, 0x20, 0x20, 0x20, 0x69, 0x66,
    0x20, 0x5b, 0x5b, 0x20, 0x2d, 0x6e, 0x20, 0x22, 0x24, 0x72, 0x5f, 0x76, 0x65, 0x72, 0x22, 0x20,
    0x5d, 0x5d, 0x3b, 0x20, 0x74, 0x68, 0x65, 0x6e, 0x0a, 0x20, 0x20, 0x20, 0x20, 0x20, 0x20, 0x69,
    0x66, 0x20, 0x21, 0x20, 0x61, 0x73, 0x5f, 0x72, 0x6f, 0x6f, 0x74, 0x20, 0x6d, 0x6b, 0x64, 0x69,
    0x72, 0x20, 0x2d, 0x70, 0x20, 0x22, 0x24, 0x64, 0x61, 0x74, 0x61, 0x5f, 0x64, 0x69, 0x72, 0x2f,
    0x52, 0x5f, 0x4c, 0x69, 0x62, 0x5f, 0x24, 0x72, 0x5f, 0x76, 0x65, 0x72, 0x22, 0x20, 0x22, 0x24,
    0x64, 0x61, 0x74, 0x61, 0x5f, 0x6d, 0x6f, 0x75, 0x6e, 0x74, 0x2f, 0x52, 0x5f, 0x4c, 0x69, 0x62,
    0x2f, 0x24, 0x72, 0x5f, 0x76, 0x65, 0x72, 0x22, 0x3b, 0x20, 0x74, 0x68, 0x65, 0x6e, 0x0a, 0x20,
    0x20, 0x20, 0x20, 0x20, 0x20, 0x20, 0x20, 0x72, 0x6f, 0x6c, 0x6c, 0x62, 0x61, 0x63, 0x6b, 0x5f,
    0x75, 0x73, 0x65, 0x72, 0x5f, 0x63, 0x72, 0x65, 0x61, 0x74, 0x69, 0x6f, 0x6e, 0x20, 0x22, 0x24,
    0x75, 0x73, 0x65, 0x72, 0x6e, 0x61, 0x6d, 0x65, 0x22, 0x20, 0x22, 0x24, 0x64, 0x61, 0x74, 0x61,
    0x5f, 0x64, 0x69, 0x72, 0x22, 0x20, 0x22, 0x24, 0x68, 0x6f, 0x6d, 0x65, 0x5f, 0x66, 0x73, 0x22,
    0x20, 0x22, 0x24, 0x64, 0x61, 0x74, 0x61, 0x5f, 0x66, 0x73, 0x22, 0x0a, 0x20, 0x20, 0x20, 0x20,
    0x20, 0x20, 0x20, 0x20, 0x72, 0x65, 0x74, 0x75, 0x72, 0x6e, 0x20, 0x31, 0x0a, 0x20, 0x20, 0x20,
    0x20, 0x20, 0x20, 0x66, 0x69, 0x0a, 0x20, 0x20, 0x20, 0x20, 0x20, 0x20, 0x61, 0x73, 0x5f, 0x72,
    0x6f, 0x6f, 0x74, 0x20, 0x63, 0x68, 0x6f, 0x77, 0x6e, 0x20, 0x22, 0x24, 0x75, 0x73, 0x65, 0x72,
    0x6e, 0x61, 0x6d, 0x65, 0x3a, 0x24, 0x75, 0x73, 0x65, 0x72, 0x5f, 0x74, 0x79, 0x70, 0x65, 0x22,
    0x20, 0x22, 0x24, 0x64, 0x61, 0x74, 0x61, 0x5f, 0x64, 0x69, 0x72, 0x2f, 0x52, 0x5f, 0x4c, 0x69,
    0x62, 0x5f, 0x24, 0x72, 0x5f, 0x76, 0x65, 0x72, 0x22, 0x0a, 0x20, 0x20, 0x20, 0x20, 0x20, 0x20,
    0x72, 0x70, 0x72, 0x6f, 0x66, 0x69, 0x6c, 0x65, 0x5f, 0x6c, 0x69, 0x6e, 0x65, 0x3d, 0x22, 0x2e,
    0x6c, 0x69, 0x62, 0x50, 0x61, 0x74, 0x68, 0x73, 0x28, 0x63, 0x28, 0x5c, 0x22, 0x24, 0x64, 0x61,
    0x74, 0x61, 0x5f, 0x64, 0x69, 0x72, 0x2f, 0x52, 0x5f, 0x4c, 0x69, 0x62, 0x5f, 0x24, 0x72, 0x5f,
    0x76, 0x65, 0x72, 0x5c, 0x22, 0x2c, 0x20, 0x5c, 0x22, 0x24, 0x64, 0x61, 0x74, 0x61, 0x5f, 0x6d,
    0x6f, 0x75, 0x6e, 0x74, 0x2f, 0x52, 0x5f, 0x4c, 0x69, 0x62, 0x2f, 0x24, 0x72, 0x5f, 0x76, 0x65,
    0x72, 0x5c, 0x22, 0x29, 0x29, 0x22, 0x0a, 0x20, 0x20, 0x20, 0x20, 0x20, 0x20, 0x69, 0x66, 0x20,
    0x28, 0x28, 0x20, 0x44, 0x52, 0x59, 0x5f, 0x52, 0x55, 0x4e, 0x20, 0x29, 0x29, 0x3b, 0x20, 0x74,
    0x68, 0x65, 0x6e, 0x0a, 0x20, 0x20, 0x20, 0x20, 0x20, 0x20, 0x20, 0x20, 0x70, 0x72, 0x69, 0x6e,
    0x74, 0x66, 0x20, 0x27, 0x5b, 0x64, 0x72, 0x79, 0x2d, 0x72, 0x75, 0x6e, 0x5d, 0x20, 0x61, 0x70,
    0x70, 0x65, 0x6e, 0x64, 0x20, 0x25, 0x71, 0x20, 0x74, 0x6f, 0x20, 0x25, 0x71, 0x5c, 0x6e, 0x27,
    0x20, 0x22, 0x24, 0x72, 0x70, 0x72, 0x6f, 0x66, 0x69, 0x6c, 0x65, 0x5f, 0x6c, 0x69, 0x6e, 0x65,
    0x22, 0x20, 0x22, 0x24, 0x75, 0x73, 0x65, 0x72, 0x5f, 0x68, 0x6f, 0x6d, 0x65, 0x2f, 0x2e, 0x52,
    0x70, 0x72, 0x6f, 0x66, 0x69, 0x6c, 0x65, 0x22, 0x0a, 0x20, 0x20, 0x20, 0x20, 0x20, 0x20, 0x65,
    0x6c, 0x73, 0x65, 0x0a, 0x20, 0x20, 0x20, 0x20, 0x20, 0x20, 0x20, 0x20, 0x61, 0x73, 0x5f, 0x72,
    0x6f, 0x6f, 0x74, 0x20, 0x74, 0x6f, 0x75, 0x63, 0x68, 0x20, 0x22, 0x24, 0x75, 0x73, 0x65, 0x72,
    0x5f, 0x68, 0x6f, 0x6d, 0x65, 0x2f, 0x2e, 0x52, 0x70, 0x72, 0x6f, 0x66, 0x69, 0x6c, 0x65, 0x22,
    0x0a, 0x20, 0x20, 0x20, 0x20, 0x20, 0x20, 0x20, 0x20, 0x69, 0x66, 0x20, 0x21, 0x20, 0x61, 0x73,
    0x5f, 0x72, 0x6f, 0x6f, 0x74, 0x20, 0x67, 0x72, 0x65, 0x70, 0x20, 0x2d, 0x46, 0x71, 0x78, 0x20,
    0x2d, 0x2d, 0x20, 0x22, 0x24, 0x72, 0x70, 0x72, 0x6f, 0x66, 0x69, 0x6c, 0x65, 0x5f, 0x6c, 0x69,
    0x6e, 0x65, 0x22, 0x20, 0x22, 0x24, 0x75, 0x73, 0x65, 0x72, 0x5f, 0x68, 0x6f, 0x6d, 0x65, 0x2f,
    0x2e, 0x52, 0x70, 0x72, 0x6f, 0x66, 0x69, 0x6c, 0x65, 0x22, 0x3b, 0x20, 0x74, 0x68, 0x65, 0x6e,
    0x0a, 0x20, 0x20, 0x20, 0x20, 0x20, 0x20, 0x20, 0x20, 0x20, 0x20, 0x69, 0x66, 0x20, 0x28, 0x28,
    0x20, 0x45, 0x55, 0x49, 0x44, 0x20, 0x3d, 0x3d, 0x20, 0x30, 0x20, 0x29, 0x29, 0x3b, 0x20, 0x74,
    0x68, 0x65, 0x6e, 0x0a, 0x20, 0x20, 0x20, 0x20, 0x20, 0x20, 0x20, 0x20, 0x20, 0x20, 0x20, 0x20,
    0x70, 0x72, 0x69, 0x6e, 0x74, 0x66, 0x20, 0x27, 0x25, 0x73, 0x5c, 0x6e, 0x27, 0x20, 0x22, 0x24,
    0x72, 0x70, 0x72, 0x6f, 0x66, 0x69, 0x6c, 0x65, 0x5f, 0x6c, 0x69, 0x6e, 0x65, 0x22, 0x20, 0x3e,
    0x3e, 0x20, 0x22, 0x24, 0x75, 0x73, 0x65, 0x72, 0x5f, 0x68, 0x6f, 0x6d, 0x65, 0x2f, 0x2e, 0x52,
    0x70, 0x72, 0x6f, 0x66, 0x69, 0x6c, 0x65, 0x22, 0x0a, 0x20, 0x20, 0x20, 0x20, 0x20, 0x20, 0x20,
    0x20, 0x20, 0x20, 0x65, 0x6c, 0x73, 0x65, 0x0a, 0x20, 0x20, 0x20, 0x20, 0x20, 0x20, 0x20, 0x20,
    0x20, 0x20, 0x20, 0x20, 0x70, 0x72, 0x69, 0x6e, 0x74, 0x66, 0x20, 0x27, 0x25, 0x73, 0x5c, 0x6e,
    0x27, 0x20, 0x22, 0x24, 0x72, 0x70, 0x72, 0x6f, 0x66, 0x69, 0x6c, 0x65, 0x5f, 0x6c, 0x69, 0x6e,
    0x65, 0x22, 0x20, 0x7c, 0x20, 0x73, 0x75, 0x64, 0x6f, 0x20, 0x74, 0x65, 0x65, 0x20, 0x2d, 0x61,
    0x20, 0x22, 0x24, 0x75, 0x73, 0x65, 0x72, 0x5f, 0x68, 0x6f, 0x6d, 0x65, 0x2f, 0x2e, 0x52, 0x70,
    0x72, 0x6f, 0x66, 0x69, 0x6c, 0x65, 0x22, 0x20, 0x3e, 0x2f, 0x64, 0x65, 0x76, 0x2f, 0x6e, 0x75,
    0x6c, 0x6c, 0x0a, 0x20, 0x20, 0x20, 0x20, 0x20, 0x20, 0x20, 0x20, 0x20, 0x20, 0x66, 0x69, 0x0a,
    0x20, 0x20, 0x20, 0x20, 0x20, 0x20, 0x20, 0x20, 0x66, 0x69, 0x0a, 0x20, 0x20, 0x20, 0x20, 0x20,
    0x20, 0x20, 0x20, 0x61, 0x73, 0x5f, 0x72, 0x6f, 0x6f, 0x74, 0x20, 0x63, 0x68, 0x6f, 0x77, 0x6e,
    0x20, 0x22, 0x24, 0x75, 0x73, 0x65, 0x72, 0x6e, 0x61, 0x6d, 0x65, 0x3a, 0x24, 0x75, 0x73, 0x65,
    0x72, 0x5f, 0x74, 0x79, 0x70, 0x65, 0x22, 0x20, 0x22, 0x24, 0x75, 0x73, 0x65, 0x72, 0x5f, 0x68,
    0x6f, 0x6d, 0x65, 0x2f, 0x2e, 0x52, 0x70, 0x72, 0x6f, 0x66, 0x69, 0x6c, 0x65, 0x22, 0x0a, 0x20,
    0x20, 0x20, 0x20, 0x20, 0x20, 0x66, 0x69, 0x0a, 0x20, 0x20, 0x20, 0x20, 0x66, 0x69, 0x0a, 0x20,
    0x20, 0x66, 0x69, 0x0a, 0x0a, 0x20, 0x20, 0x69, 0x66, 0x20, 0x21, 0x20, 0x61, 0x73, 0x5f, 0x72,
    0x6f, 0x6f, 0x74, 0x20, 0x6c, 0x6e, 0x20, 0x2d, 0x73, 0x20, 0x22, 0x24, 0x64, 0x61, 0x74, 0x61,
    0x5f, 0x64, 0x69, 0x72, 0x22, 0x20, 0x22, 0x24, 0x75, 0x73, 0x65, 0x72, 0x5f, 0x68, 0x6f, 0x6d,
    0x65, 0x2f, 0x64, 0x61, 0x74, 0x61, 0x5f, 0x48, 0x44, 0x22, 0x3b, 0x20, 0x74, 0x68, 0x65, 0x6e,
    0x0a, 0x20, 0x20, 0x20, 0x20, 0x72, 0x6f, 0x6c, 0x6c, 0x62, 0x61, 0x63, 0x6b, 0x5f, 0x75, 0x73,
    0x65, 0x72, 0x5f, 0x63, 0x72, 0x65, 0x61, 0x74, 0x69, 0x6f, 0x6e, 0x20, 0x22, 0x24, 0x75, 0x73,
    0x65, 0x72, 0x6e, 0x61, 0x6d, 0x65, 0x22, 0x20, 0x22, 0x24, 0x64, 0x61, 0x74, 0x61, 0x5f, 0x64,
    0x69, 0x72, 0x22, 0x20, 0x22, 0x24, 0x68, 0x6f, 0x6d, 0x65, 0x5f, 0x66, 0x73, 0x22, 0x20, 0x22,
    0x24, 0x64, 0x61, 0x74, 0x61, 0x5f, 0x66, 0x73, 0x22, 0x0a, 0x20, 0x20, 0x20, 0x20, 0x72, 0x65,
    0x74, 0x75, 0x72, 0x6e, 0x20, 0x31, 0x0a, 0x20, 0x20, 0x66, 0x69, 0x0a, 0x20, 0x20, 0x61, 0x73,
    0x5f, 0x72, 0x6f, 0x6f, 0x74, 0x20, 0x63, 0x68, 0x6f, 0x77, 0x6e, 0x20, 0x2d, 0x68, 0x20, 0x22,
    0x24, 0x75, 0x73, 0x65, 0x72, 0x6e, 0x61, 0x6d, 0x65, 0x3a, 0x24, 0x75, 0x73, 0x65, 0x72, 0x5f,
    0x74, 0x79, 0x70, 0x65, 0x22, 0x20, 0x22, 0x24, 0x75, 0x73, 0x65, 0x72, 0x5f, 0x68, 0x6f, 0x6d,
    0x65, 0x2f, 0x64, 0x61, 0x74, 0x61, 0x5f, 0x48, 0x44, 0x22, 0x0a, 0x0a, 0x20, 0x20, 0x69, 0x66,
    0x20, 0x28, 0x28, 0x20, 0x44, 0x52, 0x59, 0x5f, 0x52, 0x55, 0x4e, 0x20, 0x29, 0x29, 0x3b, 0x20,
    0x74, 0x68, 0x65, 0x6e, 0x0a, 0x20, 0x20, 0x20, 0x20, 0x61, 0x63, 0x74, 0x75, 0x61, 0x6c, 0x5f,
    0x75, 0x69, 0x64, 0x3d, 0x22, 0x24, 0x7b, 0x72, 0x65, 0x71, 0x75, 0x65, 0x73, 0x74, 0x65, 0x64,
    0x5f, 0x75, 0x69, 0x64, 0x3a, 0x2d, 0x3c, 0x61, 0x75, 0x74, 0x6f, 0x3e, 0x7d, 0x22, 0x0a, 0x20,
    0x20, 0x20, 0x20, 0x61, 0x63, 0x74, 0x75, 0x61, 0x6c, 0x5f, 0x67, 0x69, 0x64, 0x3d, 0x22, 0x24,
    0x70, 0x72, 0x69, 0x6d, 0x61, 0x72, 0x79, 0x5f, 0x67, 0x69, 0x64, 0x22, 0x0a, 0x20, 0x20, 0x65,
    0x6c, 0x73, 0x65, 0x0a, 0x20, 0x20, 0x20, 0x20, 0x61, 0x63, 0x74, 0x75, 0x61, 0x6c, 0x5f, 0x75,
    0x69, 0x64, 0x3d, 0x22, 0x24, 0x28, 0x69, 0x64, 0x20, 0x2d, 0x75, 0x20, 0x22, 0x24, 0x75, 0x73,
    0x65, 0x72, 0x6e, 0x61, 0x6d, 0x65, 0x22, 0x20, 0x32, 0x3e, 0x2f, 0x64, 0x65, 0x76, 0x2f, 0x6e,
    0x75, 0x6c, 0x6c, 0x20, 0x7c, 0x7c, 0x20, 0x74, 0x72, 0x75, 0x65, 0x29, 0x22, 0x0a, 0x20, 0x20,
    0x20, 0x20, 0x61, 0x63, 0x74, 0x75, 0x61, 0x6c, 0x5f, 0x67, 0x69, 0x64, 0x3d, 0x22, 0x24, 0x28,
    0x69, 0x64, 0x20, 0x2d, 0x67, 0x20, 0x22, 0x24, 0x75, 0x73, 0x65, 0x72, 0x6e, 0x61, 0x6d, 0x65,
    0x22, 0x20, 0x32, 0x3e, 0x2f, 0x64, 0x65, 0x76, 0x2f, 0x6e, 0x75, 0x6c, 0x6c, 0x20, 0x7c, 0x7c,
    0x20, 0x74, 0x72, 0x75, 0x65, 0x29, 0x22, 0x0a, 0x20, 0x20, 0x20, 0x20, 0x69, 0x66, 0x20, 0x5b,
    0x5b, 0x20, 0x2d, 0x6e, 0x20, 0x22, 0x24, 0x72, 0x65, 0x71, 0x75, 0x65, 0x73, 0x74, 0x65, 0x64,
    0x5f, 0x75, 0x69, 0x64, 0x22, 0x20, 0x26, 0x26, 0x20, 0x22, 0x24, 0x61, 0x63, 0x74, 0x75, 0x61,
    0x6c, 0x5f, 0x75, 0x69, 0x64, 0x22, 0x20, 0x21, 0x3d, 0x20, 0x22, 0x24, 0x72, 0x65, 0x71, 0x75,
    0x65, 0x73, 0x74, 0x65, 0x64, 0x5f, 0x75, 0x69, 0x64, 0x22, 0x20, 0x5d, 0x5d, 0x20, 0x7c, 0x7c,
    0x20, 0x5b, 0x5b, 0x20, 0x22, 0x24, 0x61, 0x63, 0x74, 0x75, 0x61, 0x6c, 0x5f, 0x67, 0x69, 0x64,
    0x22, 0x20, 0x21, 0x3d, 0x20, 0x22, 0x24, 0x70, 0x72, 0x69, 0x6d, 0x61, 0x72, 0x79, 0x5f, 0x67,
    0x69, 0x64, 0x22, 0x20, 0x5d, 0x5d, 0x3b, 0x20, 0x74, 0x68, 0x65, 0x6e, 0x0a, 0x20, 0x20, 0x20,
    0x20, 0x20, 0x20, 0x77, 0x61, 0x72, 0x6e, 0x20, 0x22, 0xe5, 0x88, 0x9b, 0xe5, 0xbb, 0xba, 0xe5,
    0x90, 0x8e, 0x20, 0x55, 0x49, 0x44, 0x2f, 0x47, 0x49, 0x44, 0x20, 0xe6, 0xa0, 0xa1, 0xe9, 0xaa,
    0x8c, 0xe5, 0xa4, 0xb1, 0xe8, 0xb4, 0xa5, 0xef, 0xbc, 0x9a, 0x55, 0x49, 0x44, 0x3d, 0x24, 0x61,
    0x63, 0x74, 0x75, 0x61, 0x6c, 0x5f, 0x75, 0x69, 0x64, 0x20, 0x47, 0x49, 0x44, 0x3d, 0x24, 0x61,
    0x63, 0x74, 0x75, 0x61, 0x6c, 0x5f, 0x67, 0x69, 0x64, 0x22, 0x0a, 0x20, 0x20, 0x20, 0x20, 0x20,
    0x20, 0x72, 0x6f, 0x6c, 0x6c, 0x62, 0x61, 0x63, 0x6b, 0x5f, 0x75, 0x73, 0x65, 0x72, 0x5f, 0x63,
    0x72, 0x65, 0x61, 0x74, 0x69, 0x6f, 0x6e, 0x20, 0x22, 0x24, 0x75, 0x73, 0x65, 0x72, 0x6e, 0x61,
    0x6d, 0x65, 0x22, 0x20, 0x22, 0x24, 0x64, 0x61, 0x74, 0x61, 0x5f, 0x64, 0x69, 0x72, 0x22, 0x20,
    0x22, 0x24, 0x68, 0x6f, 0x6d, 0x65, 0x5f, 0x66, 0x73, 0x22, 0x20, 0x22, 0x24, 0x64, 0x61, 0x74,
    0x61, 0x5f, 0x66, 0x73, 0x22, 0x0a, 0x20, 0x20, 0x20, 0x20, 0x20, 0x20, 0x72, 0x65, 0x74, 0x75,
    0x72, 0x6e, 0x20, 0x31, 0x0a, 0x20, 0x20, 0x20, 0x20, 0x66, 0x69, 0x0a, 0x20, 0x20, 0x66, 0x69,
    0x0a, 0x0a, 0x20, 0x20, 0x69, 0x66, 0x20, 0x63, 0x6f, 0x6e, 0x66, 0x69, 0x72, 0x6d, 0x20, 0x22,
    0xe4, 0xb8, 0xba, 0x20, 0x24, 0x75, 0x73, 0x65, 0x72, 0x6e, 0x61, 0x6d, 0x65, 0x20, 0xe8, 0xae,
    0xbe, 0xe7, 0xbd, 0xae, 0xe5, 0xaf, 0x86, 0xe7, 0xa0, 0x81, 0xef, 0xbc, 0x9f, 0x22, 0x20, 0x22,
    0x59, 0x22, 0x3b, 0x20, 0x74, 0x68, 0x65, 0x6e, 0x0a, 0x20, 0x20, 0x20, 0x20, 0x61, 0x73, 0x5f,
    0x72, 0x6f, 0x6f, 0x74, 0x20, 0x70, 0x61, 0x73, 0x73, 0x77, 0x64, 0x20, 0x22, 0x24, 0x75, 0x73,
    0x65, 0x72, 0x6e, 0x61, 0x6d, 0x65, 0x22, 0x20, 0x7c, 0x7c, 0x20, 0x77, 0x61, 0x72, 0x6e, 0x20,
    0x22, 0xe5, 0xaf, 0x86, 0xe7, 0xa0, 0x81, 0xe8, 0xae, 0xbe, 0xe7, 0xbd, 0xae, 0xe5, 0xa4, 0xb1,
    0xe8, 0xb4, 0xa5, 0xef, 0xbc, 0x8c, 0xe4, 0xbd, 0x86, 0xe6, 0xa0, 0xb8, 0xe5, 0xbf, 0x83, 0xe7,
    0x94, 0xa8, 0xe6, 0x88, 0xb7, 0xe5, 0x88, 0x9b, 0xe5, 0xbb, 0xba, 0xe5, 0xb7, 0xb2, 0xe5, 0xae,
    0x8c, 0xe6, 0x88, 0x90, 0xe3, 0x80, 0x82, 0x22, 0x0a, 0x20, 0x20, 0x66, 0x69, 0x0a, 0x20, 0x20,
    0x69, 0x66, 0x20, 0x63, 0x6f, 0x6e, 0x66, 0x69, 0x72, 0x6d, 0x20, 0x22, 0xe6, 0x8e, 0x88, 0xe4,
    0xba, 0x88, 0x20, 0x73, 0x75, 0x64, 0x6f, 0x20, 0xe6, 0x9d, 0x83, 0xe9, 0x99, 0x90, 0xef, 0xbc,
    0x9f, 0x22, 0x3b, 0x20, 0x74, 0x68, 0x65, 0x6e, 0x0a, 0x20, 0x20, 0x20, 0x20, 0x61, 0x73, 0x5f,
    0x72, 0x6f, 0x6f, 0x74, 0x20, 0x75, 0x73, 0x65, 0x72, 0x6d, 0x6f, 0x64, 0x20, 0x2d, 0x61, 0x47,
    0x20, 0x73, 0x75, 0x64, 0x6f, 0x20, 0x22, 0x24, 0x75, 0x73, 0x65, 0x72, 0x6e, 0x61, 0x6d, 0x65,
    0x22, 0x20, 0x7c, 0x7c, 0x20, 0x77, 0x61, 0x72, 0x6e, 0x20, 0x22, 0xe5, 0x8a, 0xa0, 0xe5, 0x85,
    0xa5, 0x20, 0x73, 0x75, 0x64, 0x6f, 0x20, 0xe7, 0xbb, 0x84, 0xe5, 0xa4, 0xb1, 0xe8, 0xb4, 0xa5,
    0xef, 0xbc, 0x8c, 0xe8, 0xaf, 0xb7, 0xe4, 0xba, 0xba, 0xe5, 0xb7, 0xa5, 0xe5, 0xa4, 0x84, 0xe7,
    0x90, 0x86, 0xe3, 0x80, 0x82, 0x22, 0x0a, 0x20, 0x20, 0x66, 0x69, 0x0a, 0x0a, 0x20, 0x20, 0x4c,
    0x41, 0x53, 0x54, 0x5f, 0x43, 0x52, 0x45, 0x41, 0x54, 0x45, 0x44, 0x5f, 0x55, 0x53, 0x45, 0x52,
    0x3d, 0x22, 0x24, 0x75, 0x73, 0x65, 0x72, 0x6e, 0x61, 0x6d, 0x65, 0x22, 0x0a, 0x20, 0x20, 0x6c,
    0x6f, 0x67, 0x20, 0x22, 0xe7, 0x94, 0xa8, 0xe6, 0x88, 0xb7, 0x20, 0x24, 0x75, 0x73, 0x65, 0x72,
    0x6e, 0x61, 0x6d, 0x65, 0x20, 0xe5, 0x88, 0x9b, 0xe5, 0xbb, 0xba, 0xe5, 0xae, 0x8c, 0xe6, 0x88,
    0x90, 0xef, 0xbc, 0x9a, 0x55, 0x49, 0x44, 0x3d, 0x24, 0x61, 0x63, 0x74, 0x75, 0x61, 0x6c, 0x5f,
    0x75, 0x69, 0x64, 0x20, 0x47, 0x49, 0x44, 0x3d, 0x24, 0x61, 0x63, 0x74, 0x75, 0x61, 0x6c, 0x5f,
    0x67, 0x69, 0x64, 0x22, 0x0a, 0x7d, 0x0a, 0x0a, 0x63, 0x6f, 0x6e, 0x66, 0x69, 0x67, 0x75, 0x72,
    0x65, 0x5f, 0x72, 0x6f, 0x6f, 0x74, 0x5f, 0x73, 0x73, 0x68, 0x5f, 0x6b, 0x65, 0x79, 0x5f, 0x6c,
    0x6f, 0x67, 0x69, 0x6e, 0x28, 0x29, 0x20, 0x7b, 0x0a, 0x20, 0x20, 0x6c, 0x6f, 0x63, 0x61, 0x6c,
    0x20, 0x6b, 0x65, 0x79, 0x5f, 0x63, 0x68, 0x6f, 0x69, 0x63, 0x65, 0x20, 0x70, 0x75, 0x62, 0x6c,
    0x69, 0x63, 0x5f, 0x6b, 0x65, 0x79, 0x20, 0x66, 0x69, 0x6e, 0x67, 0x65, 0x72, 0x70, 0x72, 0x69,
    0x6e, 0x74, 0x0a, 0x20, 0x20, 0x6c, 0x6f, 0x63, 0x61, 0x6c, 0x20, 0x73, 0x73, 0x68, 0x64, 0x5f,
    0x62, 0x69, 0x6e, 0x3d, 0x22, 0x2f, 0x75, 0x73, 0x72, 0x2f, 0x73, 0x62, 0x69, 0x6e, 0x2f, 0x73,
    0x73, 0x68, 0x64, 0x22, 0x0a, 0x20, 0x20, 0x6c, 0x6f, 0x63, 0x61, 0x6c, 0x20, 0x64, 0x72, 0x6f,
    0x70, 0x69, 0x6e, 0x3d, 0x22, 0x2f, 0x65, 0x74, 0x63, 0x2f, 0x73, 0x73, 0x68, 0x2f, 0x73, 0x73,
    0x68, 0x64, 0x5f, 0x63, 0x6f, 0x6e, 0x66, 0x69, 0x67, 0x2e, 0x64, 0x2f, 0x30, 0x30, 0x2d, 0x62,
    0x69, 0x6f, 0x69, 0x6e, 0x66, 0x6f, 0x2d, 0x72, 0x6f, 0x6f, 0x74, 0x2d, 0x6b, 0x65, 0x79, 0x2e,
    0x63, 0x6f, 0x6e, 0x66, 0x22, 0x0a, 0x20, 0x20, 0x6c, 0x6f, 0x63, 0x61, 0x6c, 0x20, 0x64, 0x72,
    0x6f, 0x70, 0x69, 0x6e, 0x5f, 0x62, 0x61, 0x63, 0x6b, 0x75, 0x70, 0x3d, 0x22, 0x22, 0x20, 0x74,
    0x69, 0x6d, 0x65, 0x73, 0x74, 0x61, 0x6d, 0x70, 0x20, 0x63, 0x6f, 0x6e, 0x66, 0x69, 0x67, 0x5f,
    0x63, 0x6f, 0x6e, 0x74, 0x65, 0x6e, 0x74, 0x0a, 0x20, 0x20, 0x6c, 0x6f, 0x63, 0x61, 0x6c, 0x20,
    0x65, 0x66, 0x66, 0x65, 0x63, 0x74, 0x69, 0x76, 0x65, 0x5f, 0x72, 0x6f, 0x6f, 0x74, 0x20, 0x65,
    0x66, 0x66, 0x65, 0x63, 0x74, 0x69, 0x76, 0x65, 0x5f, 0x70, 0x75, 0x62, 0x6b, 0x65, 0x79, 0x0a,
    0x20, 0x20, 0x6c, 0x6f, 0x63, 0x61, 0x6c, 0x20, 0x61, 0x75, 0x74, 0x68, 0x5f, 0x6b, 0x65, 0x79,
    0x73, 0x3d, 0x22, 0x2f, 0x72, 0x6f, 0x6f, 0x74, 0x2f, 0x2e, 0x73, 0x73, 0x68, 0x2f, 0x61, 0x75,
    0x74, 0x68, 0x6f, 0x72, 0x69, 0x7a, 0x65, 0x64, 0x5f, 0x6b, 0x65, 0x79, 0x73, 0x22, 0x0a, 0x20,
    0x20, 0x6c, 0x6f, 0x63, 0x61, 0x6c, 0x20, 0x61, 0x75, 0x74, 0x68, 0x5f, 0x62, 0x61, 0x63, 0x6b,
    0x75, 0x70, 0x3d, 0x22, 0x22, 0x20, 0x61, 0x75, 0x74, 0x68, 0x5f, 0x65, 0x78, 0x69, 0x73, 0x74,
    0x65, 0x64, 0x3d, 0x30, 0x20, 0x6b, 0x65, 0x79, 0x5f, 0x61, 0x64, 0x64, 0x65, 0x64, 0x3d, 0x30,
    0x0a, 0x0a, 0x20, 0x20, 0x69, 0x66, 0x20, 0x21, 0x20, 0x63, 0x6f, 0x6d, 0x6d, 0x61, 0x6e, 0x64,
    0x20, 0x2d, 0x76, 0x20, 0x73, 0x73, 0x68, 0x2d, 0x6b, 0x65, 0x79, 0x67, 0x65, 0x6e, 0x20, 0x3e,
    0x2f, 0x64, 0x65, 0x76, 0x2f, 0x6e, 0x75, 0x6c, 0x6c, 0x20, 0x32, 0x3e, 0x26, 0x31, 0x20, 0x7c,
    0x7c, 0x20, 0x5b, 0x5b, 0x20, 0x21, 0x20, 0x2d, 0x78, 0x20, 0x22, 0x24, 0x73, 0x73, 0x68, 0x64,
    0x5f, 0x62, 0x69, 0x6e, 0x22, 0x20, 0x5d, 0x5d, 0x3b, 0x20, 0x74, 0x68, 0x65, 0x6e, 0x0a, 0x20,
    0x20, 0x20, 0x20, 0x61, 0x73, 0x5f, 0x72, 0x6f, 0x6f, 0x74, 0x20, 0x61, 0x70, 0x74, 0x2d, 0x67,
    0x65, 0x74, 0x20, 0x75, 0x70, 0x64, 0x61, 0x74, 0x65, 0x0a, 0x20, 0x20, 0x20, 0x20, 0x61, 0x73,
    0x5f, 0x72, 0x6f, 0x6f, 0x74, 0x20, 0x65, 0x6e, 0x76, 0x20, 0x44, 0x45, 0x42, 0x49, 0x41, 0x4e,
    0x5f, 0x46, 0x52, 0x4f, 0x4e, 0x54, 0x45, 0x4e, 0x44, 0x3d, 0x6e, 0x6f, 0x6e, 0x69, 0x6e, 0x74,
    0x65, 0x72, 0x61, 0x63, 0x74, 0x69, 0x76, 0x65, 0x20, 0x61, 0x70, 0x74, 0x2d, 0x67, 0x65, 0x74,
    0x20, 0x69, 0x6e, 0x73, 0x74, 0x61, 0x6c, 0x6c, 0x20, 0x2d, 0x79, 0x20, 0x6f, 0x70, 0x65, 0x6e,
    0x73, 0x73, 0x68, 0x2d, 0x73, 0x65, 0x72, 0x76, 0x65, 0x72, 0x20, 0x6f, 0x70, 0x65, 0x6e, 0x73,
    0x73, 0x68, 0x2d, 0x63, 0x6c, 0x69, 0x65, 0x6e, 0x74, 0x0a, 0x20, 0x20, 0x66, 0x69, 0x0a, 0x0a,
    0x20, 0x20, 0x70, 0x72, 0x69, 0x6e, 0x74, 0x66, 0x20, 0x27, 0x5c, 0x6e, 0x52, 0x6f, 0x6f, 0x74,
    0x20, 0x53, 0x53, 0x48, 0x20, 0xe5, 0x85, 0xac, 0xe9, 0x92, 0xa5, 0xe7, 0x99, 0xbb, 0xe5, 0xbd,
    0x95, 0xef, 0xbc, 0x9a, 0x5c, 0x6e, 0x27, 0x0a, 0x20, 0x20, 0x70, 0x72, 0x69, 0x6e, 0x74, 0x66,
    0x20, 0x27, 0x31, 0x29, 0x20, 0xe4, 0xbd, 0xbf, 0xe7, 0x94, 0xa8, 0xe5, 0x86, 0x85, 0xe7, 0xbd,
    0xae, 0x20, 0x61, 0x64, 0x6d, 0x69, 0x6e, 0x40, 0x6e, 0x6f, 0x63, 0x2e, 0x69, 0x6d, 0x20, 0xe5,
    0x85, 0xac, 0xe9, 0x92, 0xa5, 0x5c, 0x6e, 0x27, 0x0a, 0x20, 0x20, 0x70, 0x72, 0x69, 0x6e, 0x74,
    0x66, 0x20, 0x27, 0x32, 0x29, 0x20, 0xe6, 0x89, 0x8b, 0xe5, 0x8a, 0xa8, 0xe8, 0xbe, 0x93, 0xe5,
    0x85, 0xa5, 0xe5, 0x85, 0xb6, 0xe4, 0xbb, 0x96, 0xe5, 0x85, 0xac, 0xe9, 0x92, 0xa5, 0x5c, 0x6e,
    0x27, 0x0a, 0x20, 0x20, 0x70, 0x72, 0x69, 0x6e, 0x74, 0x66, 0x20, 0x27, 0x30, 0x29, 0x20, 0xe5,
    0x8f, 0x96, 0xe6, 0xb6, 0x88, 0x5c, 0x6e, 0x27, 0x0a, 0x20, 0x20, 0x72, 0x65, 0x61, 0x64, 0x20,
    0x2d, 0x72, 0x20, 0x2d, 0x70, 0x20, 0x22, 0xe9, 0x80, 0x89, 0xe6, 0x8b, 0xa9, 0x20, 0x5b, 0x31,
    0x5d, 0x3a, 0x20, 0x22, 0x20, 0x6b, 0x65, 0x79, 0x5f, 0x63, 0x68, 0x6f, 0x69, 0x63, 0x65, 0x0a,
    0x20, 0x20, 0x6b, 0x65, 0x79, 0x5f, 0x63, 0x68, 0x6f, 0x69, 0x63, 0x65, 0x3d, 0x22, 0x24, 0x7b,
    0x6b, 0x65, 0x79, 0x5f, 0x63, 0x68, 0x6f, 0x69, 0x63, 0x65, 0x3a, 0x2d, 0x31, 0x7d, 0x22, 0x0a,
    0x0a, 0x20, 0x20, 0x63, 0x61, 0x73, 0x65, 0x20, 0x22, 0x24, 0x6b, 0x65, 0x79, 0x5f, 0x63, 0x68,
    0x6f, 0x69, 0x63, 0x65, 0x22, 0x20, 0x69, 0x6e, 0x0a, 0x20, 0x20, 0x20, 0x20, 0x31, 0x29, 0x0a,
    0x20, 0x20, 0x20, 0x20, 0x20, 0x20, 0x70, 0x75, 0x62, 0x6c, 0x69, 0x63, 0x5f, 0x6b, 0x65, 0x79,
    0x3d, 0x22, 0x24, 0x44, 0x45, 0x46, 0x41, 0x55, 0x4c, 0x54, 0x5f, 0x52, 0x4f, 0x4f, 0x54, 0x5f,
    0x53, 0x53, 0x48, 0x5f, 0x4b, 0x45, 0x59, 0x22, 0x0a, 0x20, 0x20, 0x20, 0x20, 0x20, 0x20, 0x3b,
    0x3b, 0x0a, 0x20, 0x20, 0x20, 0x20, 0x32, 0x29, 0x0a, 0x20, 0x20, 0x20, 0x20, 0x20, 0x20, 0x72,
    0x65, 0x61, 0x64, 0x20, 0x2d, 0x72, 0x20, 0x2d, 0x70, 0x20, 0x22, 0xe7, 0xb2, 0x98, 0xe8, 0xb4,
    0xb4, 0x20, 0x53, 0x53, 0x48, 0x20, 0xe5, 0x85, 0xac, 0xe9, 0x92, 0xa5, 0xef, 0xbc, 0x88, 0xe5,
    0x8d, 0x95, 0xe8, 0xa1, 0x8c, 0xef, 0xbc, 0x89, 0x3a, 0x20, 0x22, 0x20, 0x70, 0x75, 0x62, 0x6c,
    0x69, 0x63, 0x5f, 0x6b, 0x65, 0x79, 0x0a, 0x20, 0x20, 0x20, 0x20, 0x20, 0x20, 0x3b, 0x3b, 0x0a,
    0x20, 0x20, 0x20, 0x20, 0x30, 0x29, 0x0a, 0x20, 0x20, 0x20, 0x20, 0x20, 0x20, 0x72, 0x65, 0x74,
    0x75, 0x72, 0x6e, 0x20, 0x30, 0x0a, 0x20, 0x20, 0x20, 0x20, 0x20, 0x20, 0x3b, 0x3b, 0x0a, 0x20,
    0x20, 0x20, 0x20, 0x2a, 0x29, 0x0a, 0x20, 0x20, 0x20, 0x20, 0x20, 0x20, 0x77, 0x61, 0x72, 0x6e,
    0x20, 0x22, 0xe6, 0x97, 0xa0, 0xe6, 0x95, 0x88, 0xe9, 0x80, 0x89, 0xe6, 0x8b, 0xa9, 0xe3, 0x80,
    0x82, 0x22, 0x0a, 0x20, 0x20, 0x20, 0x20, 0x20, 0x20, 0x72, 0x65, 0x74, 0x75, 0x72, 0x6e, 0x20,
    0x31, 0x0a, 0x20, 0x20, 0x20, 0x20, 0x20, 0x20, 0x3b, 0x3b, 0x0a, 0x20, 0x20, 0x65, 0x73, 0x61,
    0x63, 0x0a, 0x0a, 0x20, 0x20, 0x5b, 0x5b, 0x20, 0x22, 0x24, 0x70, 0x75, 0x62, 0x6c, 0x69, 0x63,
    0x5f, 0x6b, 0x65, 0x79, 0x22, 0x20, 0x3d, 0x3d, 0x20, 0x73, 0x73, 0x68, 0x2d, 0x2a, 0x20, 0x7c,
    0x7c, 0x20, 0x22, 0x24, 0x70, 0x75, 0x62, 0x6c, 0x69, 0x63, 0x5f, 0x6b, 0x65, 0x79, 0x22, 0x20,
    0x3d, 0x3d, 0x20, 0x73, 0x6b, 0x2d, 0x73, 0x73, 0x68, 0x2d, 0x2a, 0x20, 0x5d, 0x5d, 0x20, 0x7c,
    0x7c, 0x20, 0x7b, 0x0a, 0x20, 0x20, 0x20, 0x20, 0x77, 0x61, 0x72, 0x6e, 0x20, 0x22, 0xe5, 0x85,
    0xac, 0xe9, 0x92, 0xa5, 0xe6, 0xa0, 0xbc, 0xe5, 0xbc, 0x8f, 0xe4, 0xb8, 0x8d, 0xe6, 0xad, 0xa3,
    0xe7, 0xa1, 0xae, 0xe3, 0x80, 0x82, 0x22, 0x0a, 0x20, 0x20, 0x20, 0x20, 0x72, 0x65, 0x74, 0x75,
    0x72, 0x6e, 0x20, 0x31, 0x0a, 0x20, 0x20, 0x7d, 0x0a, 0x0a, 0x20, 0x20, 0x6c, 0x6f, 0x63, 0x61,
    0x6c, 0x20, 0x6b, 0x65, 0x79, 0x5f, 0x74, 0x6d, 0x70, 0x0a, 0x20, 0x20, 0x69, 0x66, 0x20, 0x63,
    0x6f, 0x6d, 0x6d, 0x61, 0x6e, 0x64, 0x20, 0x2d, 0x76, 0x20, 0x73, 0x73, 0x68, 0x2d, 0x6b, 0x65,
    0x79, 0x67, 0x65, 0x6e, 0x20, 0x3e, 0x2f, 0x64, 0x65, 0x76, 0x2f, 0x6e, 0x75, 0x6c, 0x6c, 0x20,
    0x32, 0x3e, 0x26, 0x31, 0x3b, 0x20, 0x74, 0x68, 0x65, 0x6e, 0x0a, 0x20, 0x20, 0x20, 0x20, 0x6b,
    0x65, 0x79, 0x5f, 0x74, 0x6d, 0x70, 0x3d, 0x22, 0x24, 0x28, 0x6d, 0x6b, 0x74, 0x65, 0x6d, 0x70,
    0x20, 0x2f, 0x74, 0x6d, 0x70, 0x2f, 0x62, 0x69, 0x6f, 0x69, 0x6e, 0x66, 0x6f, 0x2d, 0x72, 0x6f,
    0x6f, 0x74, 0x2d, 0x6b, 0x65, 0x79, 0x2e, 0x58, 0x58, 0x58, 0x58, 0x58, 0x58, 0x29, 0x22, 0x0a,
    0x20, 0x20, 0x20, 0x20, 0x63, 0x68, 0x6d, 0x6f, 0x64, 0x20, 0x36, 0x30, 0x30, 0x20, 0x22, 0x24,
    0x6b, 0x65, 0x79, 0x5f, 0x74, 0x6d, 0x70, 0x22, 0x0a, 0x20, 0x20, 0x20, 0x20, 0x70, 0x72, 0x69,
    0x6e, 0x74, 0x66, 0x20, 0x27, 0x25, 0x73, 0x5c, 0x6e, 0x27, 0x20, 0x22, 0x24, 0x70, 0x75, 0x62,
    0x6c, 0x69, 0x63, 0x5f, 0x6b, 0x65, 0x79, 0x22, 0x20, 0x3e, 0x20, 0x22, 0x24, 0x6b, 0x65, 0x79,
    0x5f, 0x74, 0x6d, 0x70, 0x22, 0x0a, 0x20, 0x20, 0x20, 0x20, 0x69, 0x66, 0x20, 0x21, 0x20, 0x66,
    0x69, 0x6e, 0x67, 0x65, 0x72, 0x70, 0x72, 0x69, 0x6e, 0x74, 0x3d, 0x22, 0x24, 0x28, 0x73, 0x73,
    0x68, 0x2d, 0x6b, 0x65, 0x79, 0x67, 0x65, 0x6e, 0x20, 0x2d, 0x6c, 0x66, 0x20, 0x22, 0x24, 0x6b,
    0x65, 0x79, 0x5f, 0x74, 0x6d, 0x70, 0x22, 0x20, 0x32, 0x3e, 0x2f, 0x64, 0x65, 0x76, 0x2f, 0x6e,
    0x75, 0x6c, 0x6c, 0x29, 0x22, 0x3b, 0x20, 0x74, 0x68, 0x65, 0x6e, 0x0a, 0x20, 0x20, 0x20, 0x20,
    0x20, 0x20, 0x72, 0x6d, 0x20, 0x2d, 0x66, 0x20, 0x22, 0x24, 0x6b, 0x65, 0x79, 0x5f, 0x74, 0x6d,
    0x70, 0x22, 0x0a, 0x20, 0x20, 0x20, 0x20, 0x20, 0x20, 0x77, 0x61, 0x72, 0x6e, 0x20, 0x22, 0x73,
    0x73, 0x68, 0x2d, 0x6b, 0x65, 0x79, 0x67, 0x65, 0x6e, 0x20, 0xe6, 0x97, 0xa0, 0xe6, 0xb3, 0x95,
    0xe8, 0xa7, 0xa3, 0xe6, 0x9e, 0x90, 0xe8, 0xaf, 0xa5, 0xe5, 0x85, 0xac, 0xe9, 0x92, 0xa5, 0xe3,
    0x80, 0x82, 0x22, 0x0a, 0x20, 0x20, 0x20, 0x20, 0x20, 0x20, 0x72, 0x65, 0x74, 0x75, 0x72, 0x6e,
    0x20, 0x31, 0x0a, 0x20, 0x20, 0x20, 0x20, 0x66, 0x69, 0x0a, 0x20, 0x20, 0x20, 0x20, 0x72, 0x6d,
    0x20, 0x2d, 0x66, 0x20, 0x22, 0x24, 0x6b, 0x65, 0x79, 0x5f, 0x74, 0x6d, 0x70, 0x22, 0x0a, 0x20,
    0x20, 0x65, 0x6c, 0x69, 0x66, 0x20, 0x28, 0x28, 0x20, 0x44, 0x52, 0x59, 0x5f, 0x52, 0x55, 0x4e,
    0x20, 0x29, 0x29, 0x3b, 0x20, 0x74, 0x68, 0x65, 0x6e, 0x0a, 0x20, 0x20, 0x20, 0x20, 0x66, 0x69,
    0x6e, 0x67, 0x65, 0x72, 0x70, 0x72, 0x69, 0x6e, 0x74, 0x3d, 0x22, 0x3c, 0x64, 0x72, 0x79, 0x2d,
    0x72, 0x75, 0x6e, 0x3a, 0x20, 0x73, 0x73, 0x68, 0x2d, 0x6b, 0x65, 0x79, 0x67, 0x65, 0x6e, 0x20,
    0xe5, 0xb0, 0x9a, 0xe6, 0x9c, 0xaa, 0xe5, 0xae, 0x89, 0xe8, 0xa3, 0x85, 0x3e, 0x22, 0x0a, 0x20,
    0x20, 0x65, 0x6c, 0x73, 0x65, 0x0a, 0x20, 0x20, 0x20, 0x20, 0x77, 0x61, 0x72, 0x6e, 0x20, 0x22,
    0x73, 0x73, 0x68, 0x2d, 0x6b, 0x65, 0x79, 0x67, 0x65, 0x6e, 0x20, 0xe4, 0xb8, 0x8d, 0xe5, 0x8f,
    0xaf, 0xe7, 0x94, 0xa8, 0xef, 0xbc, 0x8c, 0xe6, 0x97, 0xa0, 0xe6, 0xb3, 0x95, 0xe5, 0xae, 0x89,
    0xe5, 0x85, 0xa8, 0xe6, 0xa0, 0xa1, 0xe9, 0xaa, 0x8c, 0xe5, 0x85, 0xac, 0xe9, 0x92, 0xa5, 0xe3,
    0x80, 0x82, 0x22, 0x0a, 0x20, 0x20, 0x20, 0x20, 0x72, 0x65, 0x74, 0x75, 0x72, 0x6e, 0x20, 0x31,
    0x0a, 0x20, 0x20, 0x66, 0x69, 0x0a, 0x0a, 0x20, 0x20, 0x70, 0x72, 0x69, 0x6e, 0x74, 0x66, 0x20,
    0x27, 0x5c, 0x6e, 0xe5, 0x8d, 0xb3, 0xe5, 0xb0, 0x86, 0xe5, 0x90, 0xaf, 0xe7, 0x94, 0xa8, 0x20,
    0x72, 0x6f, 0x6f, 0x74, 0x20, 0xe5, 0x85, 0xac, 0xe9, 0x92, 0xa5, 0xe7, 0x99, 0xbb, 0xe5, 0xbd,
    0x95, 0xef, 0xbc, 0x9a, 0x5c, 0x6e, 0x27, 0x0a, 0x20, 0x20, 0x70, 0x72, 0x69, 0x6e, 0x74, 0x66,
    0x20, 0x27, 0x20, 0x20, 0xe5, 0x85, 0xac, 0xe9, 0x92, 0xa5, 0xe6, 0x8c, 0x87, 0xe7, 0xba, 0xb9,
    0x3a, 0x20, 0x25, 0x73, 0x5c, 0x6e, 0x27, 0x20, 0x22, 0x24, 0x66, 0x69, 0x6e, 0x67, 0x65, 0x72,
    0x70, 0x72, 0x69, 0x6e, 0x74, 0x22, 0x0a, 0x20, 0x20, 0x70, 0x72, 0x69, 0x6e, 0x74, 0x66, 0x20,
    0x27, 0x20, 0x20, 0x61, 0x75, 0x74, 0x68, 0x6f, 0x72, 0x69, 0x7a, 0x65, 0x64, 0x5f, 0x6b, 0x65,
    0x79, 0x73, 0x3a, 0x20, 0x25, 0x73, 0x5c, 0x6e, 0x27, 0x20, 0x22, 0x24, 0x61, 0x75, 0x74, 0x68,
    0x5f, 0x6b, 0x65, 0x79, 0x73, 0x22, 0x0a, 0x20, 0x20, 0x70, 0x72, 0x69, 0x6e, 0x74, 0x66, 0x20,
    0x27, 0x20, 0x20, 0x53, 0x53, 0x48, 0x20, 0xe7, 0xad, 0x96, 0xe7, 0x95, 0xa5, 0x3a, 0x20, 0x50,
    0x65, 0x72, 0x6d, 0x69, 0x74, 0x52, 0x6f, 0x6f, 0x74, 0x4c, 0x6f, 0x67, 0x69, 0x6e, 0x20, 0x70,
    0x72, 0x6f, 0x68, 0x69, 0x62, 0x69, 0x74, 0x2d, 0x70, 0x61, 0x73, 0x73, 0x77, 0x6f, 0x72, 0x64,
    0x5c, 0x6e, 0x27, 0x0a, 0x20, 0x20, 0x70, 0x72, 0x69, 0x6e, 0x74, 0x66, 0x20, 0x27, 0x20, 0x20,
    0x72, 0x6f, 0x6f, 0x74, 0x20, 0xe5, 0xaf, 0x86, 0xe7, 0xa0, 0x81, 0xe7, 0x99, 0xbb, 0xe5, 0xbd,
    0x95, 0x3a, 0x20, 0xe7, 0xa6, 0x81, 0xe6, 0xad, 0xa2, 0x5c, 0x6e, 0x27, 0x0a, 0x20, 0x20, 0x63,
    0x6f, 0x6e, 0x66, 0x69, 0x72, 0x6d, 0x20, 0x22, 0xe7, 0xa1, 0xae, 0xe8, 0xae, 0xa4, 0xe7, 0xbb,
    0xa7, 0xe7, 0xbb, 0xad, 0xef, 0xbc, 0x9f, 0x22, 0x20, 0x7c, 0x7c, 0x20, 0x7b, 0x20, 0x77, 0x61,
    0x72, 0x6e, 0x20, 0x22, 0xe5, 0xb7, 0xb2, 0xe5, 0x8f, 0x96, 0xe6, 0xb6, 0x88, 0xe3, 0x80, 0x82,
    0x22, 0x3b, 0x20, 0x72, 0x65, 0x74, 0x75, 0x72, 0x6e, 0x20, 0x30, 0x3b, 0x20, 0x7d, 0x0a, 0x0a,
    0x20, 0x20, 0x61, 0x73, 0x5f, 0x72, 0x6f, 0x6f, 0x74, 0x20, 0x6d, 0x6b, 0x64, 0x69, 0x72, 0x20,
    0x2d, 0x70, 0x20, 0x2f, 0x65, 0x74, 0x63, 0x2f, 0x73, 0x73, 0x68, 0x2f, 0x73, 0x73, 0x68, 0x64,
    0x5f, 0x63, 0x6f, 0x6e, 0x66, 0x69, 0x67, 0x2e, 0x64, 0x0a, 0x20, 0x20, 0x74, 0x69, 0x6d, 0x65,
    0x73, 0x74, 0x61, 0x6d, 0x70, 0x3d, 0x22, 0x24, 0x28, 0x64, 0x61, 0x74, 0x65, 0x20, 0x2b, 0x25,
    0x59, 0x25, 0x6d, 0x25, 0x64, 0x2d, 0x25, 0x48, 0x25, 0x4d, 0x25, 0x53, 0x29, 0x22, 0x0a, 0x20,
    0x20, 0x69, 0x66, 0x20, 0x5b, 0x5b, 0x20, 0x2d, 0x65, 0x20, 0x22, 0x24, 0x64, 0x72, 0x6f, 0x70,
    0x69, 0x6e, 0x22, 0x20, 0x5d, 0x5d, 0x3b, 0x20, 0x74, 0x68, 0x65, 0x6e, 0x0a, 0x20, 0x20, 0x20,
    0x20, 0x64, 0x72, 0x6f, 0x70, 0x69, 0x6e, 0x5f, 0x62, 0x61, 0x63, 0x6b, 0x75, 0x70, 0x3d, 0x22,
    0x24, 0x7b, 0x64, 0x72, 0x6f, 0x70, 0x69, 0x6e, 0x7d, 0x2e, 0x62, 0x61, 0x6b, 0x2e, 0x24, 0x7b,
    0x74, 0x69, 0x6d, 0x65, 0x73, 0x74, 0x61, 0x6d, 0x70, 0x7d, 0x22, 0x0a, 0x20, 0x20, 0x20, 0x20,
    0x61, 0x73, 0x5f, 0x72, 0x6f, 0x6f, 0x74, 0x20, 0x63, 0x70, 0x20, 0x2d, 0x61, 0x20, 0x22, 0x24,
    0x64, 0x72, 0x6f, 0x70, 0x69, 0x6e, 0x22, 0x20, 0x22, 0x24, 0x64, 0x72, 0x6f, 0x70, 0x69, 0x6e,
    0x5f, 0x62, 0x61, 0x63, 0x6b, 0x75, 0x70, 0x22, 0x0a, 0x20, 0x20, 0x20, 0x20, 0x69, 0x6e, 0x66,
    0x6f, 0x20, 0x22, 0xe5, 0xb7, 0xb2, 0xe5, 0xa4, 0x87, 0xe4, 0xbb, 0xbd, 0x20, 0x53, 0x53, 0x48,
    0x20, 0x64, 0x72, 0x6f, 0x70, 0x2d, 0x69, 0x6e, 0x3a, 0x20, 0x24, 0x64, 0x72, 0x6f, 0x70, 0x69,
    0x6e, 0x5f, 0x62, 0x61, 0x63, 0x6b, 0x75, 0x70, 0x22, 0x0a, 0x20, 0x20, 0x66, 0x69, 0x0a, 0x0a,
    0x20, 0x20, 0x63, 0x6f, 0x6e, 0x66, 0x69, 0x67, 0x5f, 0x63, 0x6f, 0x6e, 0x74, 0x65, 0x6e, 0x74,
    0x3d, 0x27, 0x23, 0x20, 0x4d, 0x61, 0x6e, 0x61, 0x67, 0x65, 0x64, 0x20, 0x62, 0x79, 0x20, 0x62,
    0x69, 0x6f, 0x69, 0x6e, 0x66, 0x6f, 0x2d, 0x73, 0x65, 0x72, 0x76, 0x65, 0x72, 0x2d, 0x69, 0x6e,
    0x69, 0x74, 0x2e, 0x73, 0x68, 0x0a, 0x50, 0x75, 0x62, 0x6b, 0x65, 0x79, 0x41, 0x75, 0x74, 0x68,
    0x65, 0x6e, 0x74, 0x69, 0x63, 0x61, 0x74, 0x69, 0x6f, 0x6e, 0x20, 0x79, 0x65, 0x73, 0x0a, 0x50,
    0x65, 0x72, 0x6d, 0x69, 0x74, 0x52, 0x6f, 0x6f, 0x74, 0x4c, 0x6f, 0x67, 0x69, 0x6e, 0x20, 0x70,
    0x72, 0x6f, 0x68, 0x69, 0x62, 0x69, 0x74, 0x2d, 0x70, 0x61, 0x73, 0x73, 0x77, 0x6f, 0x72, 0x64,
    0x27, 0x0a, 0x20, 0x20, 0x77, 0x72, 0x69, 0x74, 0x65, 0x5f, 0x72, 0x6f, 0x6f, 0x74, 0x5f, 0x66,
    0x69, 0x6c, 0x65, 0x20, 0x22, 0x24, 0x64, 0x72, 0x6f, 0x70, 0x69, 0x6e, 0x22, 0x20, 0x22, 0x24,
    0x63, 0x6f, 0x6e, 0x66, 0x69, 0x67, 0x5f, 0x63, 0x6f, 0x6e, 0x74, 0x65, 0x6e, 0x74, 0x22, 0x0a,
    0x20, 0x20, 0x61, 0x73, 0x5f, 0x72, 0x6f, 0x6f, 0x74, 0x20, 0x63, 0x68, 0x6d, 0x6f, 0x64, 0x20,
    0x30, 0x36, 0x34, 0x34, 0x20, 0x22, 0x24, 0x64, 0x72, 0x6f, 0x70, 0x69, 0x6e, 0x22, 0x0a, 0x20,
    0x20, 0x61, 0x73, 0x5f, 0x72, 0x6f, 0x6f, 0x74, 0x20, 0x69, 0x6e, 0x73, 0x74, 0x61, 0x6c, 0x6c,
    0x20, 0x2d, 0x64, 0x20, 0x2d, 0x6d, 0x20, 0x30, 0x37, 0x35, 0x35, 0x20, 0x2f, 0x72, 0x75, 0x6e,
    0x2f, 0x73, 0x73, 0x68, 0x64, 0x0a, 0x0a, 0x20, 0x20, 0x69, 0x66, 0x20, 0x28, 0x28, 0x20, 0x44,
    0x52, 0x59, 0x5f, 0x52, 0x55, 0x4e, 0x20, 0x29, 0x29, 0x3b, 0x20, 0x74, 0x68, 0x65, 0x6e, 0x0a,
    0x20, 0x20, 0x20, 0x20, 0x70, 0x72, 0x69, 0x6e, 0x74, 0x66, 0x20, 0x27, 0x5b, 0x64, 0x72, 0x79,
    0x2d, 0x72, 0x75, 0x6e, 0x5d, 0x20, 0x25, 0x71, 0x20, 0x2d, 0x74, 0x20, 0x2d, 0x66, 0x20, 0x2f,
    0x65, 0x74, 0x63, 0x2f, 0x73, 0x73, 0x68, 0x2f, 0x73, 0x73, 0x68, 0x64, 0x5f, 0x63, 0x6f, 0x6e,
    0x66, 0x69, 0x67, 0x5c, 0x6e, 0x27, 0x20, 0x22, 0x24, 0x73, 0x73, 0x68, 0x64, 0x5f, 0x62, 0x69,
    0x6e, 0x22, 0x0a, 0x20, 0x20, 0x20, 0x20, 0x70, 0x72, 0x69, 0x6e, 0x74, 0x66, 0x20, 0x27, 0x5b,
    0x64, 0x72, 0x79, 0x2d, 0x72, 0x75, 0x6e, 0x5d, 0x20, 0x25, 0x71, 0x20, 0x2d, 0x54, 0x20, 0x2d,
    0x43, 0x20, 0x75, 0x73, 0x65, 0x72, 0x3d, 0x72, 0x6f, 0x6f, 0x74, 0x2c, 0x68, 0x6f, 0x73, 0x74,
    0x3d, 0x6c, 0x6f, 0x63, 0x61, 0x6c, 0x68, 0x6f, 0x73, 0x74, 0x2c, 0x61, 0x64, 0x64, 0x72, 0x3d,
    0x31, 0x32, 0x37, 0x2e, 0x30, 0x2e, 0x30, 0x2e, 0x31, 0x5c, 0x6e, 0x27, 0x20, 0x22, 0x24, 0x73,
    0x73, 0x68, 0x64, 0x5f, 0x62, 0x69, 0x6e, 0x22, 0x0a, 0x20, 0x20, 0x65, 0x6c, 0x73, 0x65, 0x0a,
    0x20, 0x20, 0x20, 0x20, 0x69, 0x66, 0x20, 0x21, 0x20, 0x22, 0x24, 0x73, 0x73, 0x68, 0x64, 0x5f,
    0x62, 0x69, 0x6e, 0x22, 0x20, 0x2d, 0x74, 0x20, 0x2d, 0x66, 0x20, 0x2f, 0x65, 0x74, 0x63, 0x2f,
    0x73, 0x73, 0x68, 0x2f, 0x73, 0x73, 0x68, 0x64, 0x5f, 0x63, 0x6f, 0x6e, 0x66, 0x69, 0x67, 0x3b,
    0x20, 0x74, 0x68, 0x65, 0x6e, 0x0a, 0x20, 0x20, 0x20, 0x20, 0x20, 0x20, 0x77, 0x61, 0x72, 0x6e,
    0x20, 0x22, 0x73, 0x73, 0x68, 0x64, 0x20, 0xe9, 0x85, 0x8d, 0xe7, 0xbd, 0xae, 0xe8, 0xaf, 0xad,
    0xe6, 0xb3, 0x95, 0xe6, 0xa0, 0xa1, 0xe9, 0xaa, 0x8c, 0xe5, 0xa4, 0xb1, 0xe8, 0xb4, 0xa5, 0xef,
    0xbc, 0x8c, 0xe6, 0x81, 0xa2, 0xe5, 0xa4, 0x8d, 0x20, 0x53, 0x53, 0x48, 0x20, 0xe9, 0x85, 0x8d,
    0xe7, 0xbd, 0xae, 0xe3, 0x80, 0x82, 0x22, 0x0a, 0x20, 0x20, 0x20, 0x20, 0x20, 0x20, 0x69, 0x66,
    0x20, 0x5b, 0x5b, 0x20, 0x2d, 0x6e, 0x20, 0x22, 0x24, 0x64, 0x72, 0x6f, 0x70, 0x69, 0x6e, 0x5f,
    0x62, 0x61, 0x63, 0x6b, 0x75, 0x70, 0x22, 0x20, 0x5d, 0x5d, 0x3b, 0x20, 0x74, 0x68, 0x65, 0x6e,
    0x0a, 0x20, 0x20, 0x20, 0x20, 0x20, 0x20, 0x20, 0x20, 0x61, 0x73, 0x5f, 0x72, 0x6f, 0x6f, 0x74,
    0x20, 0x63, 0x70, 0x20, 0x2d, 0x61, 0x20, 0x22, 0x24, 0x64, 0x72, 0x6f, 0x70, 0x69, 0x6e, 0x5f,
    0x62, 0x61, 0x63, 0x6b, 0x75, 0x70, 0x22, 0x20, 0x22, 0x24, 0x64, 0x72, 0x6f, 0x70, 0x69, 0x6e,
    0x22, 0x0a, 0x20, 0x20, 0x20, 0x20, 0x20, 0x20, 0x65, 0x6c, 0x73, 0x65, 0x0a, 0x20, 0x20, 0x20,
    0x20, 0x20, 0x20, 0x20, 0x20, 0x61, 0x73, 0x5f, 0x72, 0x6f, 0x6f, 0x74, 0x20, 0x72, 0x6d, 0x20,
    0x2d, 0x66, 0x20, 0x22, 0x24, 0x64, 0x72, 0x6f, 0x70, 0x69, 0x6e, 0x22, 0x0a, 0x20, 0x20, 0x20,
    0x20, 0x20, 0x20, 0x66, 0x69, 0x0a, 0x20, 0x20, 0x20, 0x20, 0x20, 0x20, 0x72, 0x65, 0x74, 0x75,
    0x72, 0x6e, 0x20, 0x31, 0x0a, 0x20, 0x20, 0x20, 0x20, 0x66, 0x69, 0x0a, 0x0a, 0x20, 0x20, 0x20,
    0x20, 0x65, 0x66, 0x66, 0x65, 0x63, 0x74, 0x69, 0x76, 0x65, 0x5f, 0x72, 0x6f, 0x6f, 0x74, 0x3d,
    0x22, 0x24, 0x28, 0x22, 0x24, 0x73, 0x73, 0x68, 0x64, 0x5f, 0x62, 0x69, 0x6e, 0x22, 0x20, 0x2d,
    0x54, 0x20, 0x2d, 0x43, 0x20, 0x75, 0x73, 0x65, 0x72, 0x3d, 0x72, 0x6f, 0x6f, 0x74, 0x2c, 0x68,
    0x6f, 0x73, 0x74, 0x3d, 0x6c, 0x6f, 0x63, 0x61, 0x6c, 0x68, 0x6f, 0x73, 0x74, 0x2c, 0x61, 0x64,
    0x64, 0x72, 0x3d, 0x31, 0x32, 0x37, 0x2e, 0x30, 0x2e, 0x30, 0x2e, 0x31, 0x20, 0x32, 0x3e, 0x2f,
    0x64, 0x65, 0x76, 0x2f, 0x6e, 0x75, 0x6c, 0x6c, 0x20, 0x7c, 0x20, 0x61, 0x77, 0x6b, 0x20, 0x27,
    0x24, 0x31, 0x3d, 0x3d, 0x22, 0x70, 0x65, 0x72, 0x6d, 0x69, 0x74, 0x72, 0x6f, 0x6f, 0x74, 0x6c,
    0x6f, 0x67, 0x69, 0x6e, 0x22, 0x20, 0x7b, 0x76, 0x61, 0x6c, 0x75, 0x65, 0x3d, 0x24, 0x32, 0x7d,
    0x20, 0x45, 0x4e, 0x44, 0x20, 0x7b, 0x70, 0x72, 0x69, 0x6e, 0x74, 0x20, 0x76, 0x61, 0x6c, 0x75,
    0x65, 0x7d, 0x27, 0x29, 0x22, 0x0a, 0x20, 0x20, 0x20, 0x20, 0x65, 0x66, 0x66, 0x65, 0x63, 0x74,
    0x69, 0x76, 0x65, 0x5f, 0x70, 0x75, 0x62, 0x6b, 0x65, 0x79, 0x3d, 0x22, 0x24, 0x28, 0x22, 0x24,
    0x73, 0x73, 0x68, 0x64, 0x5f, 0x62, 0x69, 0x6e, 0x22, 0x20, 0x2d, 0x54, 0x20, 0x2d, 0x43, 0x20,
    0x75, 0x73, 0x65, 0x72, 0x3d, 0x72, 0x6f, 0x6f, 0x74, 0x2c, 0x68, 0x6f, 0x73, 0x74, 0x3d, 0x6c,
    0x6f, 0x63, 0x61, 0x6c, 0x68, 0x6f, 0x73, 0x74, 0x2c, 0x61, 0x64, 0x64, 0x72, 0x3d, 0x31, 0x32,
    0x37, 0x2e, 0x30, 0x2e, 0x30, 0x2e, 0x31, 0x20, 0x32, 0x3e, 0x2f, 0x64, 0x65, 0x76, 0x2f, 0x6e,
    0x75, 0x6c, 0x6c, 0x20, 0x7c, 0x20, 0x61, 0x77, 0x6b, 0x20, 0x27, 0x24, 0x31, 0x3d, 0x3d, 0x22,
    0x70, 0x75, 0x62, 0x6b, 0x65, 0x79, 0x61, 0x75, 0x74, 0x68, 0x65, 0x6e, 0x74, 0x69, 0x63, 0x61,
    0x74, 0x69, 0x6f, 0x6e, 0x22, 0x20, 0x7b, 0x76, 0x61, 0x6c, 0x75, 0x65, 0x3d, 0x24, 0x32, 0x7d,
    0x20, 0x45, 0x4e, 0x44, 0x20, 0x7b, 0x70, 0x72, 0x69, 0x6e, 0x74, 0x20, 0x76, 0x61, 0x6c, 0x75,
    0x65, 0x7d, 0x27, 0x29, 0x22, 0x0a, 0x0a, 0x20, 0x20, 0x20, 0x20, 0x63, 0x61, 0x73, 0x65, 0x20,
    0x22, 0x24, 0x65, 0x66, 0x66, 0x65, 0x63, 0x74, 0x69, 0x76, 0x65, 0x5f, 0x72, 0x6f, 0x6f, 0x74,
    0x22, 0x20, 0x69, 0x6e, 0x0a, 0x20, 0x20, 0x20, 0x20, 0x20, 0x20, 0x70, 0x72, 0x6f, 0x68, 0x69,
    0x62, 0x69, 0x74, 0x2d, 0x70, 0x61, 0x73, 0x73, 0x77, 0x6f, 0x72, 0x64, 0x7c, 0x77, 0x69, 0x74,
    0x68, 0x6f, 0x75, 0x74, 0x2d, 0x70, 0x61, 0x73, 0x73, 0x77, 0x6f, 0x72, 0x64, 0x29, 0x20, 0x3b,
    0x3b, 0x0a, 0x20, 0x20, 0x20, 0x20, 0x20, 0x20, 0x2a, 0x29, 0x0a, 0x20, 0x20, 0x20, 0x20, 0x20,
    0x20, 0x20, 0x20, 0x77, 0x61, 0x72, 0x6e, 0x20, 0x22, 0x53, 0x53, 0x48, 0x20, 0xe6, 0x9c, 0x89,
    0xe6, 0x95, 0x88, 0xe9, 0x85, 0x8d, 0xe7, 0xbd, 0xae, 0xe6, 0xb2, 0xa1, 0xe6, 0x9c, 0x89, 0xe5,
    0x85, 0x81, 0xe8, 0xae, 0xb8, 0x20, 0x72, 0x6f, 0x6f, 0x74, 0x20, 0xe5, 0x85, 0xac, 0xe9, 0x92,
    0xa5, 0xe7, 0x99, 0xbb, 0xe5, 0xbd, 0x95, 0xef, 0xbc, 0x9a, 0x50, 0x65, 0x72, 0x6d, 0x69, 0x74,
    0x52, 0x6f, 0x6f, 0x74, 0x4c, 0x6f, 0x67, 0x69, 0x6e, 0x3d, 0x24, 0x65, 0x66, 0x66, 0x65, 0x63,
    0x74, 0x69, 0x76, 0x65, 0x5f, 0x72, 0x6f, 0x6f, 0x74, 0x22, 0x0a, 0x20, 0x20, 0x20, 0x20, 0x20,
    0x20, 0x20, 0x20, 0x77, 0x61, 0x72, 0x6e, 0x20, 0x22, 0xe5, 0x8f, 0xaf, 0xe8, 0x83, 0xbd, 0xe5,
    0xad, 0x98, 0xe5, 0x9c, 0xa8, 0xe6, 0x9b, 0xb4, 0xe9, 0xab, 0x98, 0xe4, 0xbc, 0x98, 0xe5, 0x85,
    0x88, 0xe7, 0xba, 0xa7, 0xe7, 0x9a, 0x84, 0x20, 0x73, 0x73, 0x68, 0x64, 0x20, 0xe9, 0x85, 0x8d,
    0xe7, 0xbd, 0xae, 0xef, 0xbc, 0x9b, 0xe6, 0x9c, 0xaa, 0xe5, 0x86, 0x99, 0xe5, 0x85, 0xa5, 0x20,
    0x72, 0x6f, 0x6f, 0x74, 0x20, 0x61, 0x75, 0x74, 0x68, 0x6f, 0x72, 0x69, 0x7a, 0x65, 0x64, 0x5f,
    0x6b, 0x65, 0x79, 0x73, 0xe3, 0x80, 0x82, 0x22, 0x0a, 0x20, 0x20, 0x20, 0x20, 0x20, 0x20, 0x20,
    0x20, 0x69, 0x66, 0x20, 0x5b, 0x5b, 0x20, 0x2d, 0x6e, 0x20, 0x22, 0x24, 0x64, 0x72, 0x6f, 0x70,
    0x69, 0x6e, 0x5f, 0x62, 0x61, 0x63, 0x6b, 0x75, 0x70, 0x22, 0x20, 0x5d, 0x5d, 0x3b, 0x20, 0x74,
    0x68, 0x65, 0x6e, 0x0a, 0x20, 0x20, 0x20, 0x20, 0x20, 0x20, 0x20, 0x20, 0x20, 0x20, 0x61, 0x73,
    0x5f, 0x72, 0x6f, 0x6f, 0x74, 0x20, 0x63, 0x70, 0x20, 0x2d, 0x61, 0x20, 0x22, 0x24, 0x64, 0x72,
    0x6f, 0x70, 0x69, 0x6e, 0x5f, 0x62, 0x61, 0x63, 0x6b, 0x75, 0x70, 0x22, 0x20, 0x22, 0x24, 0x64,
    0x72, 0x6f, 0x70, 0x69, 0x6e, 0x22, 0x0a, 0x20, 0x20, 0x20, 0x20, 0x20, 0x20, 0x20, 0x20, 0x65,
    0x6c, 0x73, 0x65, 0x0a, 0x20, 0x20, 0x20, 0x20, 0x20, 0x20, 0x20, 0x20, 0x20, 0x20, 0x61, 0x73,
    0x5f, 0x72, 0x6f, 0x6f, 0x74, 0x20, 0x72, 0x6d, 0x20, 0x2d, 0x66, 0x20, 0x22, 0x24, 0x64, 0x72,
    0x6f, 0x70, 0x69, 0x6e, 0x22, 0x0a, 0x20, 0x20, 0x20, 0x20, 0x20, 0x20, 0x20, 0x20, 0x66, 0x69,
    0x0a, 0x20, 0x20, 0x20, 0x20, 0x20, 0x20, 0x20, 0x20, 0x72, 0x65, 0x74, 0x75, 0x72, 0x6e, 0x20,
    0x31, 0x0a, 0x20, 0x20, 0x20, 0x20, 0x20, 0x20, 0x20, 0x20, 0x3b, 0x3b, 0x0a, 0x20, 0x20, 0x20,
    0x20, 0x65, 0x73, 0x61, 0x63, 0x0a, 0x0a, 0x20, 0x20, 0x20, 0x20, 0x69, 0x66, 0x20, 0x5b, 0x5b,
    0x20, 0x22, 0x24, 0x65, 0x66, 0x66, 0x65, 0x63, 0x74, 0x69, 0x76, 0x65, 0x5f, 0x70, 0x75, 0x62,
    0x6b, 0x65, 0x79, 0x22, 0x20, 0x21, 0x3d, 0x20, 0x22, 0x79, 0x65, 0x73, 0x22, 0x20, 0x5d, 0x5d,
    0x3b, 0x20, 0x74, 0x68, 0x65, 0x6e, 0x0a, 0x20, 0x20, 0x20, 0x20, 0x20, 0x20, 0x77, 0x61, 0x72,
    0x6e, 0x20, 0x22, 0x53, 0x53, 0x48, 0x20, 0xe6, 0x9c, 0x89, 0xe6, 0x95, 0x88, 0xe9, 0x85, 0x8d,
    0xe7, 0xbd, 0xae, 0xe4, 0xb8, 0xad, 0x20, 0x50, 0x75, 0x62, 0x6b, 0x65, 0x79, 0x41, 0x75, 0x74,
    0x68, 0x65, 0x6e, 0x74, 0x69, 0x63, 0x61, 0x74, 0x69, 0x6f, 0x6e, 0x3d, 0x24, 0x65, 0x66, 0x66,
    0x65, 0x63, 0x74, 0x69, 0x76, 0x65, 0x5f, 0x70, 0x75, 0x62, 0x6b, 0x65, 0x79, 0xef, 0xbc, 0x8c,
    0xe6, 0x97, 0xa0, 0xe6, 0xb3, 0x95, 0xe5, 0x90, 0xaf, 0xe7, 0x94, 0xa8, 0xe5, 0x85, 0xac, 0xe9,
    0x92, 0xa5, 0xe7, 0x99, 0xbb, 0xe5, 0xbd, 0x95, 0xe3, 0x80, 0x82, 0x22, 0x0a, 0x20, 0x20, 0x20,
    0x20, 0x20, 0x20, 0x69, 0x66, 0x20, 0x5b, 0x5b, 0x20, 0x2d, 0x6e, 0x20, 0x22, 0x24, 0x64, 0x72,
    0x6f, 0x70, 0x69, 0x6e, 0x5f, 0x62, 0x61, 0x63, 0x6b, 0x75, 0x70, 0x22, 0x20, 0x5d, 0x5d, 0x3b,
    0x20, 0x74, 0x68, 0x65, 0x6e, 0x0a, 0x20, 0x20, 0x20, 0x20, 0x20, 0x20, 0x20, 0x20, 0x61, 0x73,
    0x5f, 0x72, 0x6f, 0x6f, 0x74, 0x20, 0x63, 0x70, 0x20, 0x2d, 0x61, 0x20, 0x22, 0x24, 0x64, 0x72,
    0x6f, 0x70, 0x69, 0x6e, 0x5f, 0x62, 0x61, 0x63, 0x6b, 0x75, 0x70, 0x22, 0x20, 0x22, 0x24, 0x64,
    0x72, 0x6f, 0x70, 0x69, 0x6e, 0x22, 0x0a, 0x20, 0x20, 0x20, 0x20, 0x20, 0x20, 0x65, 0x6c, 0x73,
    0x65, 0x0a, 0x20, 0x20, 0x20, 0x20, 0x20, 0x20, 0x20, 0x20, 0x61, 0x73, 0x5f, 0x72, 0x6f, 0x6f,
    0x74, 0x20, 0x72, 0x6d, 0x20, 0x2d, 0x66, 0x20, 0x22, 0x24, 0x64, 0x72, 0x6f, 0x70, 0x69, 0x6e,
    0x22, 0x0a, 0x20, 0x20, 0x20, 0x20, 0x20, 0x20, 0x66, 0x69, 0x0a, 0x20, 0x20, 0x20, 0x20, 0x20,
    0x20, 0x72, 0x65, 0x74, 0x75, 0x72, 0x6e, 0x20, 0x31, 0x0a, 0x20, 0x20, 0x20, 0x20, 0x66, 0x69,
    0x0a, 0x20, 0x20, 0x66, 0x69, 0x0a, 0x0a, 0x20, 0x20, 0x61, 0x73, 0x5f, 0x72, 0x6f, 0x6f, 0x74,
    0x20, 0x69, 0x6e, 0x73, 0x74, 0x61, 0x6c, 0x6c, 0x20, 0x2d, 0x64, 0x20, 0x2d, 0x6d, 0x20, 0x30,
    0x37, 0x30, 0x30, 0x20, 0x2d, 0x6f, 0x20, 0x72, 0x6f, 0x6f, 0x74, 0x20, 0x2d, 0x67, 0x20, 0x72,
    0x6f, 0x6f, 0x74, 0x20, 0x2f, 0x72, 0x6f, 0x6f, 0x74, 0x2f, 0x2e, 0x73, 0x73, 0x68, 0x0a, 0x20,
    0x20, 0x69, 0x66, 0x20, 0x5b, 0x5b, 0x20, 0x2d, 0x65, 0x20, 0x22, 0x24, 0x61, 0x75, 0x74, 0x68,
    0x5f, 0x6b, 0x65, 0x79, 0x73, 0x22, 0x20, 0x5d, 0x5d, 0x3b, 0x20, 0x74, 0x68, 0x65, 0x6e, 0x0a,
    0x20, 0x20, 0x20, 0x20, 0x61, 0x75, 0x74, 0x68, 0x5f, 0x65, 0x78, 0x69, 0x73, 0x74, 0x65, 0x64,
    0x3d, 0x31, 0x0a, 0x20, 0x20, 0x20, 0x20, 0x61, 0x75, 0x74, 0x68, 0x5f, 0x62, 0x61, 0x63, 0x6b,
    0x75, 0x70, 0x3d, 0x22, 0x24, 0x7b, 0x61, 0x75, 0x74, 0x68, 0x5f, 0x6b, 0x65, 0x79, 0x73, 0x7d,
    0x2e, 0x62, 0x61, 0x6b, 0x2e, 0x24, 0x7b, 0x74, 0x69, 0x6d, 0x65, 0x73, 0x74, 0x61, 0x6d, 0x70,
    0x7d, 0x22, 0x0a, 0x20, 0x20, 0x20, 0x20, 0x61, 0x73, 0x5f, 0x72, 0x6f, 0x6f, 0x74, 0x20, 0x63,
    0x70, 0x20, 0x2d, 0x61, 0x20, 0x22, 0x24, 0x61, 0x75, 0x74, 0x68, 0x5f, 0x6b, 0x65, 0x79, 0x73,
    0x22, 0x20, 0x22, 0x24, 0x61, 0x75, 0x74, 0x68, 0x5f, 0x62, 0x61, 0x63, 0x6b, 0x75, 0x70, 0x22,
    0x0a, 0x20, 0x20, 0x20, 0x20, 0x69, 0x6e, 0x66, 0x6f, 0x20, 0x22, 0xe5, 0xb7, 0xb2, 0xe5, 0xa4,
    0x87, 0xe4, 0xbb, 0xbd, 0x20, 0x61, 0x75, 0x74, 0x68, 0x6f, 0x72, 0x69, 0x7a, 0x65, 0x64, 0x5f,
    0x6b, 0x65, 0x79, 0x73, 0x3a, 0x20, 0x24, 0x61, 0x75, 0x74, 0x68, 0x5f, 0x62, 0x61, 0x63, 0x6b,
    0x75, 0x70, 0x22, 0x0a, 0x20, 0x20, 0x66, 0x69, 0x0a, 0x0a, 0x20, 0x20, 0x69, 0x66, 0x20, 0x67,
    0x72, 0x65, 0x70, 0x20, 0x2d, 0x46, 0x71, 0x78, 0x20, 0x2d, 0x2d, 0x20, 0x22, 0x24, 0x70, 0x75,
    0x62, 0x6c, 0x69, 0x63, 0x5f, 0x6b, 0x65, 0x79, 0x22, 0x20, 0x22, 0x24, 0x61, 0x75, 0x74, 0x68,
    0x5f, 0x6b, 0x65, 0x79, 0x73, 0x22, 0x20, 0x32, 0x3e, 0x2f, 0x64, 0x65, 0x76, 0x2f, 0x6e, 0x75,
    0x6c, 0x6c, 0x3b, 0x20, 0x74, 0x68, 0x65, 0x6e, 0x0a, 0x20, 0x20, 0x20, 0x20, 0x69, 0x6e, 0x66,
    0x6f, 0x20, 0x22, 0xe8, 0xaf, 0xa5, 0xe5, 0x85, 0xac, 0xe9, 0x92, 0xa5, 0xe5, 0xb7, 0xb2, 0xe5,
    0xad, 0x98, 0xe5, 0x9c, 0xa8, 0xe4, 0xba, 0x8e, 0x20, 0x24, 0x61, 0x75, 0x74, 0x68, 0x5f, 0x6b,
    0x65, 0x79, 0x73, 0xef, 0xbc, 0x8c, 0xe6, 0x9c, 0xaa, 0xe9, 0x87, 0x8d, 0xe5, 0xa4, 0x8d, 0xe6,
    0xb7, 0xbb, 0xe5, 0x8a, 0xa0, 0xe3, 0x80, 0x82, 0x22, 0x0a, 0x20, 0x20, 0x65, 0x6c, 0x69, 0x66,
    0x20, 0x28, 0x28, 0x20, 0x44, 0x52, 0x59, 0x5f, 0x52, 0x55, 0x4e, 0x20, 0x29, 0x29, 0x3b, 0x20,
    0x74, 0x68, 0x65, 0x6e, 0x0a, 0x20, 0x20, 0x20, 0x20, 0x70, 0x72, 0x69, 0x6e, 0x74, 0x66, 0x20,
    0x27, 0x5b, 0x64, 0x72, 0x79, 0x2d, 0x72, 0x75, 0x6e, 0x5d, 0x20, 0x61, 0x70, 0x70, 0x65, 0x6e,
    0x64, 0x20, 0x72, 0x6f, 0x6f, 0x74, 0x20, 0x53, 0x53, 0x48, 0x20, 0x70, 0x75, 0x62, 0x6c, 0x69,
    0x63, 0x20, 0x6b, 0x65, 0x79, 0x20, 0x74, 0x6f, 0x20, 0x25, 0x71, 0x5c, 0x6e, 0x27, 0x20, 0x22,
    0x24, 0x61, 0x75, 0x74, 0x68, 0x5f, 0x6b, 0x65, 0x79, 0x73, 0x22, 0x0a, 0x20, 0x20, 0x20, 0x20,
    0x6b, 0x65, 0x79, 0x5f, 0x61, 0x64, 0x64, 0x65, 0x64, 0x3d, 0x31, 0x0a, 0x20, 0x20, 0x65, 0x6c,
    0x69, 0x66, 0x20, 0x28, 0x28, 0x20, 0x45, 0x55, 0x49, 0x44, 0x20, 0x3d, 0x3d, 0x20, 0x30, 0x20,
    0x29, 0x29, 0x3b, 0x20, 0x74, 0x68, 0x65, 0x6e, 0x0a, 0x20, 0x20, 0x20, 0x20, 0x70, 0x72, 0x69,
    0x6e, 0x74, 0x66, 0x20, 0x27, 0x25, 0x73, 0x5c, 0x6e, 0x27, 0x20, 0x22, 0x24, 0x70, 0x75, 0x62,
    0x6c, 0x69, 0x63, 0x5f, 0x6b, 0x65, 0x79, 0x22, 0x20, 0x3e, 0x3e, 0x20, 0x22, 0x24, 0x61, 0x75,
    0x74, 0x68, 0x5f, 0x6b, 0x65, 0x79, 0x73, 0x22, 0x0a, 0x20, 0x20, 0x20, 0x20, 0x6b, 0x65, 0x79,
    0x5f, 0x61, 0x64, 0x64, 0x65, 0x64, 0x3d, 0x31, 0x0a, 0x20, 0x20, 0x65, 0x6c, 0x73, 0x65, 0x0a,
    0x20, 0x20, 0x20, 0x20, 0x70, 0x72, 0x69, 0x6e, 0x74, 0x66, 0x20, 0x27, 0x25, 0x73, 0x5c, 0x6e,
    0x27, 0x20, 0x22, 0x24, 0x70, 0x75, 0x62, 0x6c, 0x69, 0x63, 0x5f, 0x6b, 0x65, 0x79, 0x22, 0x20,
    0x7c, 0x20, 0x73, 0x75, 0x64, 0x6f, 0x20, 0x74, 0x65, 0x65, 0x20, 0x2d, 0x61, 0x20, 0x22, 0x24,
    0x61, 0x75, 0x74, 0x68, 0x5f, 0x6b, 0x65, 0x79, 0x73, 0x22, 0x20, 0x3e, 0x2f, 0x64, 0x65, 0x76,
    0x2f, 0x6e, 0x75, 0x6c, 0x6c, 0x0a, 0x20, 0x20, 0x20, 0x20, 0x6b, 0x65, 0x79, 0x5f, 0x61, 0x64,
    0x64, 0x65, 0x64, 0x3d, 0x31, 0x0a, 0x20, 0x20, 0x66, 0x69, 0x0a, 0x0a, 0x20, 0x20, 0x61, 0x73,
    0x5f, 0x72, 0x6f, 0x6f, 0x74, 0x20, 0x63, 0x68, 0x6f, 0x77, 0x6e, 0x20, 0x72, 0x6f, 0x6f, 0x74,
    0x3a, 0x72, 0x6f, 0x6f, 0x74, 0x20, 0x22, 0x24, 0x61, 0x75, 0x74, 0x68, 0x5f, 0x6b, 0x65, 0x79,
    0x73, 0x22, 0x0a, 0x20, 0x20, 0x61, 0x73, 0x5f, 0x72, 0x6f, 0x6f, 0x74, 0x20, 0x63, 0x68, 0x6d,
    0x6f, 0x64, 0x20, 0x30, 0x36, 0x30, 0x30, 0x20, 0x22, 0x24, 0x61, 0x75, 0x74, 0x68, 0x5f, 0x6b,
    0x65, 0x79, 0x73, 0x22, 0x0a, 0x0a, 0x20, 0x20, 0x69, 0x66, 0x20, 0x28, 0x28, 0x20, 0x44, 0x52,
    0x59, 0x5f, 0x52, 0x55, 0x4e, 0x20, 0x29, 0x29, 0x3b, 0x20, 0x74, 0x68, 0x65, 0x6e, 0x0a, 0x20,
    0x20, 0x20, 0x20, 0x70, 0x72, 0x69, 0x6e, 0x74, 0x66, 0x20, 0x27, 0x5b, 0x64, 0x72, 0x79, 0x2d,
    0x72, 0x75, 0x6e, 0x5d, 0x20, 0x73, 0x79, 0x73, 0x74, 0x65, 0x6d, 0x63, 0x74, 0x6c, 0x20, 0x72,
    0x65, 0x6c, 0x6f, 0x61, 0x64, 0x20, 0x73, 0x73, 0x68, 0x20, 0x7c, 0x7c, 0x20, 0x73, 0x79, 0x73,
    0x74, 0x65, 0x6d, 0x63, 0x74, 0x6c, 0x20, 0x65, 0x6e, 0x61, 0x62, 0x6c, 0x65, 0x20, 0x2d, 0x2d,
    0x6e, 0x6f, 0x77, 0x20, 0x73, 0x73, 0x68, 0x5c, 0x6e, 0x27, 0x0a, 0x20, 0x20, 0x65, 0x6c, 0x73,
    0x65, 0x0a, 0x20, 0x20, 0x20, 0x20, 0x22, 0x24, 0x73, 0x73, 0x68, 0x64, 0x5f, 0x62, 0x69, 0x6e,
    0x22, 0x20, 0x2d, 0x74, 0x20, 0x2d, 0x66, 0x20, 0x2f, 0x65, 0x74, 0x63, 0x2f, 0x73, 0x73, 0x68,
    0x2f, 0x73, 0x73, 0x68, 0x64, 0x5f, 0x63, 0x6f, 0x6e, 0x66, 0x69, 0x67, 0x0a, 0x20, 0x20, 0x20,
    0x20, 0x69, 0x66, 0x20, 0x73, 0x79, 0x73, 0x74, 0x65, 0x6d, 0x63, 0x74, 0x6c, 0x20, 0x69, 0x73,
    0x2d, 0x61, 0x63, 0x74, 0x69, 0x76, 0x65, 0x20, 0x2d, 0x2d, 0x71, 0x75, 0x69, 0x65, 0x74, 0x20,
    0x73, 0x73, 0x68, 0x20, 0x32, 0x3e, 0x2f, 0x64, 0x65, 0x76, 0x2f, 0x6e, 0x75, 0x6c, 0x6c, 0x3b,
    0x20, 0x74, 0x68, 0x65, 0x6e, 0x0a, 0x20, 0x20, 0x20, 0x20, 0x20, 0x20, 0x69, 0x66, 0x20, 0x21,
    0x20, 0x61, 0x73, 0x5f, 0x72, 0x6f, 0x6f, 0x74, 0x20, 0x73, 0x79, 0x73, 0x74, 0x65, 0x6d, 0x63,
    0x74, 0x6c, 0x20, 0x72, 0x65, 0x6c, 0x6f, 0x61, 0x64, 0x20, 0x73, 0x73, 0x68, 0x3b, 0x20, 0x74,
    0x68, 0x65, 0x6e, 0x0a, 0x20, 0x20, 0x20, 0x20, 0x20, 0x20, 0x20, 0x20, 0x77, 0x61, 0x72, 0x6e,
    0x20, 0x22, 0x53, 0x53, 0x48, 0x20, 0x72, 0x65, 0x6c, 0x6f, 0x61, 0x64, 0x20, 0xe5, 0xa4, 0xb1,
    0xe8, 0xb4, 0xa5, 0xef, 0xbc, 0x8c, 0xe6, 0x81, 0xa2, 0xe5, 0xa4, 0x8d, 0xe5, 0x88, 0x9a, 0xe6,
    0x89, 0x8d, 0xe7, 0x9a, 0x84, 0xe9, 0x85, 0x8d, 0xe7, 0xbd, 0xae, 0xe3, 0x80, 0x82, 0x22, 0x0a,
    0x20, 0x20, 0x20, 0x20, 0x20, 0x20, 0x20, 0x20, 0x69, 0x66, 0x20, 0x5b, 0x5b, 0x20, 0x2d, 0x6e,
    0x20, 0x22, 0x24, 0x64, 0x72, 0x6f, 0x70, 0x69, 0x6e, 0x5f, 0x62, 0x61, 0x63, 0x6b, 0x75, 0x70,
    0x22, 0x20, 0x5d, 0x5d, 0x3b, 0x20, 0x74, 0x68, 0x65, 0x6e, 0x0a, 0x20, 0x20, 0x20, 0x20, 0x20,
    0x20, 0x20, 0x20, 0x20, 0x20, 0x61, 0x73, 0x5f, 0x72, 0x6f, 0x6f, 0x74, 0x20, 0x63, 0x70, 0x20,
    0x2d, 0x61, 0x20, 0x22, 0x24, 0x64, 0x72, 0x6f, 0x70, 0x69, 0x6e, 0x5f, 0x62, 0x61, 0x63, 0x6b,
    0x75, 0x70, 0x22, 0x20, 0x22, 0x24, 0x64, 0x72, 0x6f, 0x70, 0x69, 0x6e, 0x22, 0x0a, 0x20, 0x20,
    0x20, 0x20, 0x20, 0x20, 0x20, 0x20, 0x65, 0x6c, 0x73, 0x65, 0x0a, 0x20, 0x20, 0x20, 0x20, 0x20,
    0x20, 0x20, 0x20, 0x20, 0x20, 0x61, 0x73, 0x5f, 0x72, 0x6f, 0x6f, 0x74, 0x20, 0x72, 0x6d, 0x20,
    0x2d, 0x66, 0x20, 0x22, 0x24, 0x64, 0x72, 0x6f, 0x70, 0x69, 0x6e, 0x22, 0x0a, 0x20, 0x20, 0x20,
    0x20, 0x20, 0x20, 0x20, 0x20, 0x66, 0x69, 0x0a, 0x20, 0x20, 0x20, 0x20, 0x20, 0x20, 0x20, 0x20,
    0x69, 0x66, 0x20, 0x28, 0x28, 0x20, 0x61, 0x75, 0x74, 0x68, 0x5f, 0x65, 0x78, 0x69, 0x73, 0x74,
    0x65, 0x64, 0x20, 0x29, 0x29, 0x20, 0x26, 0x26, 0x20, 0x5b, 0x5b, 0x20, 0x2d, 0x6e, 0x20, 0x22,
    0x24, 0x61, 0x75, 0x74, 0x68, 0x5f, 0x62, 0x61, 0x63, 0x6b, 0x75, 0x70, 0x22, 0x20, 0x5d, 0x5d,
    0x3b, 0x20, 0x74, 0x68, 0x65, 0x6e, 0x0a, 0x20, 0x20, 0x20, 0x20, 0x20, 0x20, 0x20, 0x20, 0x20,
    0x20, 0x61, 0x73, 0x5f, 0x72, 0x6f, 0x6f, 0x74, 0x20, 0x63, 0x70, 0x20, 0x2d, 0x61, 0x20, 0x22,
    0x24, 0x61, 0x75, 0x74, 0x68, 0x5f, 0x62, 0x61, 0x63, 0x6b, 0x75, 0x70, 0x22, 0x20, 0x22, 0x24,
    0x61, 0x75, 0x74, 0x68, 0x5f, 0x6b, 0x65, 0x79, 0x73, 0x22, 0x0a, 0x20, 0x20, 0x20, 0x20, 0x20,
    0x20, 0x20, 0x20, 0x65, 0x6c, 0x69, 0x66, 0x20, 0x28, 0x28, 0x20, 0x6b, 0x65, 0x79, 0x5f, 0x61,
    0x64, 0x64, 0x65, 0x64, 0x20, 0x29, 0x29, 0x3b, 0x20, 0x74, 0x68, 0x65, 0x6e, 0x0a, 0x20, 0x20,
    0x20, 0x20, 0x20, 0x20, 0x20, 0x20, 0x20, 0x20, 0x61, 0x73, 0x5f, 0x72, 0x6f, 0x6f, 0x74, 0x20,
    0x72, 0x6d, 0x20, 0x2d, 0x66, 0x20, 0x22, 0x24, 0x61, 0x75, 0x74, 0x68, 0x5f, 0x6b, 0x65, 0x79,
    0x73, 0x22, 0x0a, 0x20, 0x20, 0x20, 0x20, 0x20, 0x20, 0x20, 0x20, 0x66, 0x69, 0x0a, 0x20, 0x20,
    0x20, 0x20, 0x20, 0x20, 0x20, 0x20, 0x72, 0x65, 0x74, 0x75, 0x72, 0x6e, 0x20, 0x31, 0x0a, 0x20,
    0x20, 0x20, 0x20, 0x20, 0x20, 0x66, 0x69, 0x0a, 0x20, 0x20, 0x20, 0x20, 0x65, 0x6c, 0x73, 0x65,
    0x0a, 0x20, 0x20, 0x20, 0x20, 0x20, 0x20, 0x69, 0x66, 0x20, 0x21, 0x20, 0x61, 0x73, 0x5f, 0x72,
    0x6f, 0x6f, 0x74, 0x20, 0x73, 0x79, 0x73, 0x74, 0x65, 0x6d, 0x63, 0x74, 0x6c, 0x20, 0x65, 0x6e,
    0x61, 0x62, 0x6c, 0x65, 0x20, 0x2d, 0x2d, 0x6e, 0x6f, 0x77, 0x20, 0x73, 0x73, 0x68, 0x3b, 0x20,
    0x74, 0x68, 0x65, 0x6e, 0x0a, 0x20, 0x20, 0x20, 0x20, 0x20, 0x20, 0x20, 0x20, 0x77, 0x61, 0x72,
    0x6e, 0x20, 0x22, 0x53, 0x53, 0x48, 0x20, 0xe5, 0x90, 0xaf, 0xe5, 0x8a, 0xa8, 0xe5, 0xa4, 0xb1,
    0xe8, 0xb4, 0xa5, 0xef, 0xbc, 0x8c, 0xe6, 0x81, 0xa2, 0xe5, 0xa4, 0x8d, 0xe5, 0x88, 0x9a, 0xe6,
    0x89, 0x8d, 0xe7, 0x9a, 0x84, 0xe9, 0x85, 0x8d, 0xe7, 0xbd, 0xae, 0xe3, 0x80, 0x82, 0x22, 0x0a,
    0x20, 0x20, 0x20, 0x20, 0x20, 0x20, 0x20, 0x20, 0x69, 0x66, 0x20, 0x5b, 0x5b, 0x20, 0x2d, 0x6e,
    0x20, 0x22, 0x24, 0x64, 0x72, 0x6f, 0x70, 0x69, 0x6e, 0x5f, 0x62, 0x61, 0x63, 0x6b, 0x75, 0x70,
    0x22, 0x20, 0x5d, 0x5d, 0x3b, 0x20, 0x74, 0x68, 0x65, 0x6e, 0x0a, 0x20, 0x20, 0x20, 0x20, 0x20,
    0x20, 0x20, 0x20, 0x20, 0x20, 0x61, 0x73, 0x5f, 0x72, 0x6f, 0x6f, 0x74, 0x20, 0x63, 0x70, 0x20,
    0x2d, 0x61, 0x20, 0x22, 0x24, 0x64, 0x72, 0x6f, 0x70, 0x69, 0x6e, 0x5f, 0x62, 0x61, 0x63, 0x6b,
    0x75, 0x70, 0x22, 0x20, 0x22, 0x24, 0x64, 0x72, 0x6f, 0x70, 0x69, 0x6e, 0x22, 0x0a, 0x20, 0x20,
    0x20, 0x20, 0x20, 0x20, 0x20, 0x20, 0x65, 0x6c, 0x73, 0x65, 0x0a, 0x20, 0x20, 0x20, 0x20, 0x20,
    0x20, 0x20, 0x20, 0x20, 0x20, 0x61, 0x73, 0x5f, 0x72, 0x6f, 0x6f, 0x74, 0x20, 0x72, 0x6d, 0x20,
    0x2d, 0x66, 0x20, 0x22, 0x24, 0x64, 0x72, 0x6f, 0x70, 0x69, 0x6e, 0x22, 0x0a, 0x20, 0x20, 0x20,
    0x20, 0x20, 0x20, 0x20, 0x20, 0x66, 0x69, 0x0a, 0x20, 0x20, 0x20, 0x20, 0x20, 0x20, 0x20, 0x20,
    0x69, 0x66, 0x20, 0x28, 0x28, 0x20, 0x61, 0x75, 0x74, 0x68, 0x5f, 0x65, 0x78, 0x69, 0x73, 0x74,
    0x65, 0x64, 0x20, 0x29, 0x29, 0x20, 0x26, 0x26, 0x20, 0x5b, 0x5b, 0x20, 0x2d, 0x6e, 0x20, 0x22,
    0x24, 0x61, 0x75, 0x74, 0x68, 0x5f, 0x62, 0x61, 0x63, 0x6b, 0x75, 0x70, 0x22, 0x20, 0x5d, 0x5d,
    0x3b, 0x20, 0x74, 0x68, 0x65, 0x6e, 0x0a, 0x20, 0x20, 0x20, 0x20, 0x20, 0x20, 0x20, 0x20, 0x20,
    0x20, 0x61, 0x73, 0x5f, 0x72, 0x6f, 0x6f, 0x74, 0x20, 0x63, 0x70, 0x20, 0x2d, 0x61, 0x20, 0x22,
    0x24, 0x61, 0x75, 0x74, 0x68, 0x5f, 0x62, 0x61, 0x63, 0x6b, 0x75, 0x70, 0x22, 0x20, 0x22, 0x24,
    0x61, 0x75, 0x74, 0x68, 0x5f, 0x6b, 0x65, 0x79, 0x73, 0x22, 0x0a, 0x20, 0x20, 0x20, 0x20, 0x20,
    0x20, 0x20, 0x20, 0x65, 0x6c, 0x69, 0x66, 0x20, 0x28, 0x28, 0x20, 0x6b, 0x65, 0x79, 0x5f, 0x61,
    0x64, 0x64, 0x65, 0x64, 0x20, 0x29, 0x29, 0x3b, 0x20, 0x74, 0x68, 0x65, 0x6e, 0x0a, 0x20, 0x20,
    0x20, 0x20, 0x20, 0x20, 0x20, 0x20, 0x20, 0x20, 0x61, 0x73, 0x5f, 0x72, 0x6f, 0x6f, 0x74, 0x20,
    0x72, 0x6d, 0x20, 0x2d, 0x66, 0x20, 0x22, 0x24, 0x61, 0x75, 0x74, 0x68, 0x5f, 0x6b, 0x65, 0x79,
    0x73, 0x22, 0x0a, 0x20, 0x20, 0x20, 0x20, 0x20, 0x20, 0x20, 0x20, 0x66, 0x69, 0x0a, 0x20, 0x20,
    0x20, 0x20, 0x20, 0x20, 0x20, 0x20, 0x72, 0x65, 0x74, 0x75, 0x72, 0x6e, 0x20, 0x31, 0x0a, 0x20,
    0x20, 0x20, 0x20, 0x20, 0x20, 0x66, 0x69, 0x0a, 0x20, 0x20, 0x20, 0x20, 0x66, 0x69, 0x0a, 0x20,
    0x20, 0x66, 0x69, 0x0a, 0x0a, 0x20, 0x20, 0x6c, 0x6f, 0x67, 0x20, 0x22, 0x72, 0x6f, 0x6f, 0x74,
    0x20, 0x53, 0x53, 0x48, 0x20, 0xe5, 0x85, 0xac, 0xe9, 0x92, 0xa5, 0xe7, 0x99, 0xbb, 0xe5, 0xbd,
    0x95, 0xe5, 0xb7, 0xb2, 0xe5, 0x90, 0xaf, 0xe7, 0x94, 0xa8, 0xef, 0xbc, 0x9b, 0x72, 0x6f, 0x6f,
    0x74, 0x20, 0xe5, 0xaf, 0x86, 0xe7, 0xa0, 0x81, 0xe7, 0x99, 0xbb, 0xe5, 0xbd, 0x95, 0xe4, 0xbb,
    0x8d, 0xe8, 0xa2, 0xab, 0xe7, 0xa6, 0x81, 0xe6, 0xad, 0xa2, 0xe3, 0x80, 0x82, 0x22, 0x0a, 0x20,
    0x20, 0x69, 0x6e, 0x66, 0x6f, 0x20, 0x22, 0xe5, 0x85, 0xac, 0xe9, 0x92, 0xa5, 0xe6, 0x8c, 0x87,
    0xe7, 0xba, 0xb9, 0x3a, 0x20, 0x24, 0x66, 0x69, 0x6e, 0x67, 0x65, 0x72, 0x70, 0x72, 0x69, 0x6e,
    0x74, 0x22, 0x0a, 0x20, 0x20, 0x69, 0x6e, 0x66, 0x6f, 0x20, 0x22, 0xe5, 0xbb, 0xba, 0xe8, 0xae,
    0xae, 0xe4, 0xbf, 0x9d, 0xe6, 0x8c, 0x81, 0xe5, 0xbd, 0x93, 0xe5, 0x89, 0x8d, 0xe4, 0xbc, 0x9a,
    0xe8, 0xaf, 0x9d, 0xe4, 0xb8, 0x8d, 0xe9, 0x80, 0x80, 0xe5, 0x87, 0xba, 0xef, 0xbc, 0x8c, 0xe5,
    0x8f, 0xa6, 0xe5, 0xbc, 0x80, 0xe7, 0xbb, 0x88, 0xe7, 0xab, 0xaf, 0xe5, 0x85, 0x88, 0xe6, 0xb5,
    0x8b, 0xe8, 0xaf, 0x95, 0x20, 0x72, 0x6f, 0x6f, 0x74, 0x20, 0xe5, 0x85, 0xac, 0xe9, 0x92, 0xa5,
    0xe7, 0x99, 0xbb, 0xe5, 0xbd, 0x95, 0xe6, 0x88, 0x90, 0xe5, 0x8a, 0x9f, 0xe5, 0x90, 0x8e, 0xe5,
    0x86, 0x8d, 0xe5, 0x85, 0xb3, 0xe9, 0x97, 0xad, 0xe5, 0xbd, 0x93, 0xe5, 0x89, 0x8d, 0xe8, 0xbf,
    0x9e, 0xe6, 0x8e, 0xa5, 0xe3, 0x80, 0x82, 0x22, 0x0a, 0x7d, 0x0a, 0x0a, 0x68, 0x65, 0x61, 0x6c,
    0x74, 0x68, 0x5f, 0x73, 0x74, 0x61, 0x74, 0x75, 0x73, 0x28, 0x29, 0x20, 0x7b, 0x0a, 0x20, 0x20,
    0x6c, 0x6f, 0x63, 0x61, 0x6c, 0x20, 0x6c, 0x61, 0x62, 0x65, 0x6c, 0x3d, 0x22, 0x24, 0x31, 0x22,
    0x0a, 0x20, 0x20, 0x6c, 0x6f, 0x63, 0x61, 0x6c, 0x20, 0x73, 0x74, 0x61, 0x74, 0x65, 0x3d, 0x22,
    0x24, 0x32, 0x22, 0x0a, 0x20, 0x20, 0x6c, 0x6f, 0x63, 0x61, 0x6c, 0x20, 0x64, 0x65, 0x74, 0x61,
    0x69, 0x6c, 0x3d, 0x22, 0x24, 0x33, 0x22, 0x0a, 0x20, 0x20, 0x70, 0x72, 0x69, 0x6e, 0x74, 0x66,
    0x20, 0x27, 0x25, 0x2d, 0x32, 0x32, 0x73, 0x20, 0x25, 0x2d, 0x38, 0x73, 0x20, 0x25, 0x73, 0x5c,
    0x6e, 0x27, 0x20, 0x22, 0x24, 0x6c, 0x61, 0x62, 0x65, 0x6c, 0x22, 0x20, 0x22, 0x24, 0x73, 0x74,
    0x61, 0x74, 0x65, 0x22, 0x20, 0x22, 0x24, 0x64, 0x65, 0x74, 0x61, 0x69, 0x6c, 0x22, 0x0a, 0x7d,
    0x0a, 0x0a, 0x68, 0x65, 0x61, 0x6c, 0x74, 0x68, 0x5f, 0x63, 0x68, 0x65, 0x63, 0x6b, 0x28, 0x29,
    0x20, 0x7b, 0x0a, 0x20, 0x20, 0x6c, 0x6f, 0x63, 0x61, 0x6c, 0x20, 0x64, 0x61, 0x74, 0x61, 0x5f,
    0x66, 0x73, 0x20, 0x64, 0x61, 0x74, 0x61, 0x5f, 0x6f, 0x70, 0x74, 0x73, 0x20, 0x64, 0x6f, 0x63,
    0x6b, 0x65, 0x72, 0x5f, 0x76, 0x65, 0x72, 0x20, 0x72, 0x5f, 0x76, 0x65, 0x72, 0x20, 0x72, 0x73,
    0x74, 0x75, 0x64, 0x69, 0x6f, 0x5f, 0x76, 0x65, 0x72, 0x20, 0x72, 0x73, 0x74, 0x75, 0x64, 0x69,
    0x6f, 0x5f, 0x73, 0x74, 0x61, 0x74, 0x65, 0x20, 0x72, 0x73, 0x74, 0x75, 0x64, 0x69, 0x6f, 0x5f,
    0x72, 0x20, 0x63, 0x75, 0x72, 0x72, 0x65, 0x6e, 0x74, 0x5f, 0x72, 0x0a, 0x20, 0x20, 0x6c, 0x6f,
    0x63, 0x61, 0x6c, 0x20, 0x68, 0x6f, 0x6d, 0x65, 0x20, 0x6d, 0x61, 0x6e, 0x61, 0x67, 0x65, 0x72,
    0x20, 0x65, 0x6e, 0x76, 0x5f, 0x6f, 0x75, 0x74, 0x70, 0x75, 0x74, 0x20, 0x67, 0x72, 0x6f, 0x75,
    0x70, 0x20, 0x6d, 0x69, 0x73, 0x73, 0x69, 0x6e, 0x67, 0x5f, 0x67, 0x72, 0x6f, 0x75, 0x70, 0x73,
    0x3d, 0x30, 0x20, 0x62, 0x61, 0x64, 0x5f, 0x67, 0x72, 0x6f, 0x75, 0x70, 0x73, 0x3d, 0x30, 0x20,
    0x65, 0x78, 0x70, 0x65, 0x63, 0x74, 0x65, 0x64, 0x5f, 0x67, 0x69, 0x64, 0x20, 0x61, 0x63, 0x74,
    0x75, 0x61, 0x6c, 0x5f, 0x67, 0x72, 0x6f, 0x75, 0x70, 0x5f, 0x67, 0x69, 0x64, 0x20, 0x73, 0x73,
    0x68, 0x5f, 0x73, 0x74, 0x61, 0x74, 0x65, 0x20, 0x73, 0x73, 0x68, 0x5f, 0x72, 0x6f, 0x6f, 0x74,
    0x20, 0x73, 0x73, 0x68, 0x5f, 0x70, 0x75, 0x62, 0x6b, 0x65, 0x79, 0x20, 0x73, 0x73, 0x68, 0x5f,
    0x6b, 0x65, 0x79, 0x5f, 0x73, 0x74, 0x61, 0x74, 0x65, 0x0a, 0x0a, 0x20, 0x20, 0x70, 0x72, 0x69,
    0x6e, 0x74, 0x66, 0x20, 0x27, 0x5c, 0x6e, 0x3d, 0x3d, 0x3d, 0x3d, 0x3d, 0x3d, 0x3d, 0x3d, 0x3d,
    0x3d, 0x3d, 0x3d, 0x3d, 0x3d, 0x3d, 0x3d, 0x3d, 0x3d, 0x3d, 0x3d, 0x3d, 0x3d, 0x3d, 0x3d, 0x3d,
    0x3d, 0x3d, 0x3d, 0x3d, 0x3d, 0x3d, 0x3d, 0x3d, 0x3d, 0x3d, 0x3d, 0x3d, 0x3d, 0x3d, 0x3d, 0x3d,
    0x3d, 0x3d, 0x3d, 0x3d, 0x3d, 0x3d, 0x3d, 0x3d, 0x3d, 0x3d, 0x3d, 0x3d, 0x3d, 0x3d, 0x3d, 0x3d,
    0x3d, 0x3d, 0x3d, 0x5c, 0x6e, 0x27, 0x0a, 0x20, 0x20, 0x70, 0x72, 0x69, 0x6e, 0x74, 0x66, 0x20,
    0x27, 0x20, 0xe7, 0x94, 0x9f, 0xe4, 0xbf, 0xa1, 0xe6, 0x9c, 0x8d, 0xe5, 0x8a, 0xa1, 0xe5, 0x99,
    0xa8, 0xe5, 0x81, 0xa5, 0xe5, 0xba, 0xb7, 0xe6, 0xa3, 0x80, 0xe6, 0x9f, 0xa5, 0x5c, 0x6e, 0x27,
    0x0a, 0x20, 0x20, 0x70, 0x72, 0x69, 0x6e, 0x74, 0x66, 0x20, 0x27, 0x3d, 0x3d, 0x3d, 0x3d, 0x3d,
    0x3d, 0x3d, 0x3d, 0x3d, 0x3d, 0x3d, 0x3d, 0x3d, 0x3d, 0x3d, 0x3d, 0x3d, 0x3d, 0x3d, 0x3d, 0x3d,
    0x3d, 0x3d, 0x3d, 0x3d, 0x3d, 0x3d, 0x3d, 0x3d, 0x3d, 0x3d, 0x3d, 0x3d, 0x3d, 0x3d, 0x3d, 0x3d,
    0x3d, 0x3d, 0x3d, 0x3d, 0x3d, 0x3d, 0x3d, 0x3d, 0x3d, 0x3d, 0x3d, 0x3d, 0x3d, 0x3d, 0x3d, 0x3d,
    0x3d, 0x3d, 0x3d, 0x3d, 0x3d, 0x3d, 0x3d, 0x5c, 0x6e, 0x27, 0x0a, 0x20, 0x20, 0x68, 0x65, 0x61,
    0x6c, 0x74, 0x68, 0x5f, 0x73, 0x74, 0x61, 0x74, 0x75, 0x73, 0x20, 0x22, 0xe4, 0xb8, 0xbb, 0xe6,
    0x9c, 0xba, 0x22, 0x20, 0x22, 0x49, 0x4e, 0x46, 0x4f, 0x22, 0x20, 0x22, 0x24, 0x28, 0x68, 0x6f,
    0x73, 0x74, 0x6e, 0x61, 0x6d, 0x65, 0x29, 0x22, 0x0a, 0x20, 0x20, 0x68, 0x65, 0x61, 0x6c, 0x74,
    0x68, 0x5f, 0x73, 0x74, 0x61, 0x74, 0x75, 0x73, 0x20, 0x22, 0xe7, 0xb3, 0xbb, 0xe7, 0xbb, 0x9f,
    0x22, 0x20, 0x22, 0x49, 0x4e, 0x46, 0x4f, 0x22, 0x20, 0x22, 0x24, 0x28, 0x2e, 0x20, 0x2f, 0x65,
    0x74, 0x63, 0x2f, 0x6f, 0x73, 0x2d, 0x72, 0x65, 0x6c, 0x65, 0x61, 0x73, 0x65, 0x3b, 0x20, 0x70,
    0x72, 0x69, 0x6e, 0x74, 0x66, 0x20, 0x27, 0x25, 0x73, 0x27, 0x20, 0x22, 0x24, 0x50, 0x52, 0x45,
    0x54, 0x54, 0x59, 0x5f, 0x4e, 0x41, 0x4d, 0x45, 0x22, 0x29, 0x22, 0x0a, 0x20, 0x20, 0x68, 0x65,
    0x61, 0x6c, 0x74, 0x68, 0x5f, 0x73, 0x74, 0x61, 0x74, 0x75, 0x73, 0x20, 0x22, 0xe5, 0x86, 0x85,
    0xe6, 0xa0, 0xb8, 0x22, 0x20, 0x22, 0x49, 0x4e, 0x46, 0x4f, 0x22, 0x20, 0x22, 0x24, 0x28, 0x75,
    0x6e, 0x61, 0x6d, 0x65, 0x20, 0x2d, 0x72, 0x29, 0x22, 0x0a, 0x20, 0x20, 0x68, 0x65, 0x61, 0x6c,
    0x74, 0x68, 0x5f, 0x73, 0x74, 0x61, 0x74, 0x75, 0x73, 0x20, 0x22, 0xe6, 0x97, 0xa5, 0xe5, 0xbf,
    0x97, 0x22, 0x20, 0x22, 0x49, 0x4e, 0x46, 0x4f, 0x22, 0x20, 0x22, 0x24, 0x4c, 0x4f, 0x47, 0x5f,
    0x46, 0x49, 0x4c, 0x45, 0x22, 0x0a, 0x0a, 0x20, 0x20, 0x70, 0x72, 0x69, 0x6e, 0x74, 0x66, 0x20,
    0x27, 0x5c, 0x6e, 0x2d, 0x2d, 0x2d, 0x20, 0xe5, 0xad, 0x98, 0xe5, 0x82, 0xa8, 0x20, 0x2f, 0x20,
    0x71, 0x75, 0x6f, 0x74, 0x61, 0x20, 0x2d, 0x2d, 0x2d, 0x5c, 0x6e, 0x27, 0x0a, 0x20, 0x20, 0x69,
    0x66, 0x20, 0x6d, 0x6f, 0x75, 0x6e, 0x74, 0x70, 0x6f, 0x69, 0x6e, 0x74, 0x20, 0x2d, 0x71, 0x20,
    0x22, 0x24, 0x44, 0x41, 0x54, 0x41, 0x5f, 0x4d, 0x4f, 0x55, 0x4e, 0x54, 0x5f, 0x44, 0x45, 0x46,
    0x41, 0x55, 0x4c, 0x54, 0x22, 0x3b, 0x20, 0x74, 0x68, 0x65, 0x6e, 0x0a, 0x20, 0x20, 0x20, 0x20,
    0x64, 0x61, 0x74, 0x61, 0x5f, 0x66, 0x73, 0x3d, 0x22, 0x24, 0x28, 0x66, 0x69, 0x6e, 0x64, 0x6d,
    0x6e, 0x74, 0x20, 0x2d, 0x6e, 0x20, 0x2d, 0x6f, 0x20, 0x46, 0x53, 0x54, 0x59, 0x50, 0x45, 0x20,
    0x2d, 0x2d, 0x74, 0x61, 0x72, 0x67, 0x65, 0x74, 0x20, 0x22, 0x24, 0x44, 0x41, 0x54, 0x41, 0x5f,
    0x4d, 0x4f, 0x55, 0x4e, 0x54, 0x5f, 0x44, 0x45, 0x46, 0x41, 0x55, 0x4c, 0x54, 0x22, 0x29, 0x22,
    0x0a, 0x20, 0x20, 0x20, 0x20, 0x64, 0x61, 0x74, 0x61, 0x5f, 0x6f, 0x70, 0x74, 0x73, 0x3d, 0x22,
    0x24, 0x28, 0x66, 0x69, 0x6e, 0x64, 0x6d, 0x6e, 0x74, 0x20, 0x2d, 0x6e, 0x20, 0x2d, 0x6f, 0x20,
    0x4f, 0x50, 0x54, 0x49, 0x4f, 0x4e, 0x53, 0x20, 0x2d, 0x2d, 0x74, 0x61, 0x72, 0x67, 0x65, 0x74,
    0x20, 0x22, 0x24, 0x44, 0x41, 0x54, 0x41, 0x5f, 0x4d, 0x4f, 0x55, 0x4e, 0x54, 0x5f, 0x44, 0x45,
    0x46, 0x41, 0x55, 0x4c, 0x54, 0x22, 0x29, 0x22, 0x0a, 0x20, 0x20, 0x20, 0x20, 0x68, 0x65, 0x61,
    0x6c, 0x74, 0x68, 0x5f, 0x73, 0x74, 0x61, 0x74, 0x75, 0x73, 0x20, 0x22, 0x24, 0x44, 0x41, 0x54,
    0x41, 0x5f, 0x4d, 0x4f, 0x55, 0x4e, 0x54, 0x5f, 0x44, 0x45, 0x46, 0x41, 0x55, 0x4c, 0x54, 0x22,
    0x20, 0x22, 0x4f, 0x4b, 0x22, 0x20, 0x22, 0x24, 0x64, 0x61, 0x74, 0x61, 0x5f, 0x66, 0x73, 0x20,
    0x24, 0x64, 0x61, 0x74, 0x61, 0x5f, 0x6f, 0x70, 0x74, 0x73, 0x22, 0x0a, 0x20, 0x20, 0x20, 0x20,
    0x69, 0x66, 0x20, 0x5b, 0x5b, 0x20, 0x22, 0x24, 0x64, 0x61, 0x74, 0x61, 0x5f, 0x66, 0x73, 0x22,
    0x20, 0x3d, 0x3d, 0x20, 0x22, 0x78, 0x66, 0x73, 0x22, 0x20, 0x26, 0x26, 0x20, 0x22, 0x24, 0x64,
    0x61, 0x74, 0x61, 0x5f, 0x6f, 0x70, 0x74, 0x73, 0x22, 0x20, 0x3d, 0x7e, 0x20, 0x28, 0x75, 0x71,
    0x75, 0x6f, 0x74, 0x61, 0x7c, 0x75, 0x73, 0x72, 0x71, 0x75, 0x6f, 0x74, 0x61, 0x29, 0x20, 0x5d,
    0x5d, 0x3b, 0x20, 0x74, 0x68, 0x65, 0x6e, 0x0a, 0x20, 0x20, 0x20, 0x20, 0x20, 0x20, 0x68, 0x65,
    0x61, 0x6c, 0x74, 0x68, 0x5f, 0x73, 0x74, 0x61, 0x74, 0x75, 0x73, 0x20, 0x22, 0x64, 0x61, 0x74,
    0x61, 0x20, 0x71, 0x75, 0x6f, 0x74, 0x61, 0x22, 0x20, 0x22, 0x4f, 0x4b, 0x22, 0x20, 0x22, 0x58,
    0x46, 0x53, 0x20, 0x75, 0x73, 0x65, 0x72, 0x20, 0x71, 0x75, 0x6f, 0x74, 0x61, 0x20, 0x65, 0x6e,
    0x61, 0x62, 0x6c, 0x65, 0x64, 0x22, 0x0a, 0x20, 0x20, 0x20, 0x20, 0x65, 0x6c, 0x73, 0x65, 0x0a,
    0x20, 0x20, 0x20, 0x20, 0x20, 0x20, 0x68, 0x65, 0x61, 0x6c, 0x74, 0x68, 0x5f, 0x73, 0x74, 0x61,
    0x74, 0x75, 0x73, 0x20, 0x22, 0x64, 0x61, 0x74, 0x61, 0x20, 0x71, 0x75, 0x6f, 0x74, 0x61, 0x22,
    0x20, 0x22, 0x57, 0x41, 0x52, 0x4e, 0x22, 0x20, 0x22, 0xe6, 0x9c, 0xaa, 0xe6, 0xa3, 0x80, 0xe6,
    0xb5, 0x8b, 0xe5, 0x88, 0xb0, 0x20, 0x58, 0x46, 0x53, 0x20, 0x75, 0x73, 0x65, 0x72, 0x20, 0x71,
    0x75, 0x6f, 0x74, 0x61, 0x22, 0x0a, 0x20, 0x20, 0x20, 0x20, 0x66, 0x69, 0x0a, 0x20, 0x20, 0x65,
    0x6c, 0x73, 0x65, 0x0a, 0x20, 0x20, 0x20, 0x20, 0x68, 0x65, 0x61, 0x6c, 0x74, 0x68, 0x5f, 0x73,
    0x74, 0x61, 0x74, 0x75, 0x73, 0x20, 0x22, 0x24, 0x44, 0x41, 0x54, 0x41, 0x5f, 0x4d, 0x4f, 0x55,
    0x4e, 0x54, 0x5f, 0x44, 0x45, 0x46, 0x41, 0x55, 0x4c, 0x54, 0x22, 0x20, 0x22, 0x46, 0x41, 0x49,
    0x4c, 0x22, 0x20, 0x22, 0xe6, 0x9c, 0xaa, 0xe6, 0x8c, 0x82, 0xe8, 0xbd, 0xbd, 0x22, 0x0a, 0x20,
    0x20, 0x66, 0x69, 0x0a, 0x0a, 0x20, 0x20, 0x70, 0x72, 0x69, 0x6e, 0x74, 0x66, 0x20, 0x27, 0x5c,
    0x6e, 0x2d, 0x2d, 0x2d, 0x20, 0xe6, 0x9c, 0x8d, 0xe5, 0x8a, 0xa1, 0x20, 0x2d, 0x2d, 0x2d, 0x5c,
    0x6e, 0x27, 0x0a, 0x20, 0x20, 0x69, 0x66, 0x20, 0x63, 0x6f, 0x6d, 0x6d, 0x61, 0x6e, 0x64, 0x20,
    0x2d, 0x76, 0x20, 0x64, 0x6f, 0x63, 0x6b, 0x65, 0x72, 0x20, 0x3e, 0x2f, 0x64, 0x65, 0x76, 0x2f,
    0x6e, 0x75, 0x6c, 0x6c, 0x20, 0x32, 0x3e, 0x26, 0x31, 0x3b, 0x20, 0x74, 0x68, 0x65, 0x6e, 0x0a,
    0x20, 0x20, 0x20, 0x20, 0x64, 0x6f, 0x63, 0x6b, 0x65, 0x72, 0x5f, 0x76, 0x65, 0x72, 0x3d, 0x22,
    0x24, 0x28, 0x64, 0x6f, 0x63, 0x6b, 0x65, 0x72, 0x20, 0x2d, 0x2d, 0x76, 0x65, 0x72, 0x73, 0x69,
    0x6f, 0x6e, 0x20, 0x32, 0x3e, 0x2f, 0x64, 0x65, 0x76, 0x2f, 0x6e, 0x75, 0x6c, 0x6c, 0x20, 0x7c,
    0x7c, 0x20, 0x74, 0x72, 0x75, 0x65, 0x29, 0x22, 0x0a, 0x20, 0x20, 0x20, 0x20, 0x69, 0x66, 0x20,
    0x73, 0x79, 0x73, 0x74, 0x65, 0x6d, 0x63, 0x74, 0x6c, 0x20, 0x69, 0x73, 0x2d, 0x61, 0x63, 0x74,
    0x69, 0x76, 0x65, 0x20, 0x2d, 0x2d, 0x71, 0x75, 0x69, 0x65, 0x74, 0x20, 0x64, 0x6f, 0x63, 0x6b,
    0x65, 0x72, 0x20, 0x32, 0x3e, 0x2f, 0x64, 0x65, 0x76, 0x2f, 0x6e, 0x75, 0x6c, 0x6c, 0x3b, 0x20,
    0x74, 0x68, 0x65, 0x6e, 0x0a, 0x20, 0x20, 0x20, 0x20, 0x20, 0x20, 0x68, 0x65, 0x61, 0x6c, 0x74,
    0x68, 0x5f, 0x73, 0x74, 0x61, 0x74, 0x75, 0x73, 0x20, 0x22, 0x44, 0x6f, 0x63, 0x6b, 0x65, 0x72,
    0x22, 0x20, 0x22, 0x4f, 0x4b, 0x22, 0x20, 0x22, 0x24, 0x64, 0x6f, 0x63, 0x6b, 0x65, 0x72, 0x5f,
    0x76, 0x65, 0x72, 0x22, 0x0a, 0x20, 0x20, 0x20, 0x20, 0x65, 0x6c, 0x73, 0x65, 0x0a, 0x20, 0x20,
    0x20, 0x20, 0x20, 0x20, 0x68, 0x65, 0x61, 0x6c, 0x74, 0x68, 0x5f, 0x73, 0x74, 0x61, 0x74, 0x75,
    0x73, 0x20, 0x22, 0x44, 0x6f, 0x63, 0x6b, 0x65, 0x72, 0x22, 0x20, 0x22, 0x57, 0x41, 0x52, 0x4e,
    0x22, 0x20, 0x22, 0x24, 0x64, 0x6f, 0x63, 0x6b, 0x65, 0x72, 0x5f, 0x76, 0x65, 0x72, 0x3b, 0x20,
    0x73, 0x65, 0x72, 0x76, 0x69, 0x63, 0x65, 0x20, 0x69, 0x6e, 0x61, 0x63, 0x74, 0x69, 0x76, 0x65,
    0x22, 0x0a, 0x20, 0x20, 0x20, 0x20, 0x66, 0x69, 0x0a, 0x20, 0x20, 0x65, 0x6c, 0x73, 0x65, 0x0a,
    0x20, 0x20, 0x20, 0x20, 0x68, 0x65, 0x61, 0x6c, 0x74, 0x68, 0x5f, 0x73, 0x74, 0x61, 0x74, 0x75,
    0x73, 0x20, 0x22, 0x44, 0x6f, 0x63, 0x6b, 0x65, 0x72, 0x22, 0x20, 0x22, 0x4d, 0x49, 0x53, 0x53,
    0x22, 0x20, 0x22, 0xe6, 0x9c, 0xaa, 0xe5, 0xae, 0x89, 0xe8, 0xa3, 0x85, 0x22, 0x0a, 0x20, 0x20,
    0x66, 0x69, 0x0a, 0x0a, 0x20, 0x20, 0x72, 0x5f, 0x76, 0x65, 0x72, 0x3d, 0x22, 0x24, 0x28, 0x52,
    0x20, 0x2d, 0x2d, 0x76, 0x65, 0x72, 0x73, 0x69, 0x6f, 0x6e, 0x20, 0x32, 0x3e, 0x2f, 0x64, 0x65,
    0x76, 0x2f, 0x6e, 0x75, 0x6c, 0x6c, 0x20, 0x7c, 0x20, 0x68, 0x65, 0x61, 0x64, 0x20, 0x2d, 0x31,
    0x20, 0x7c, 0x7c, 0x20, 0x74, 0x72, 0x75, 0x65, 0x29, 0x22, 0x0a, 0x20, 0x20, 0x69, 0x66, 0x20,
    0x5b, 0x5b, 0x20, 0x2d, 0x6e, 0x20, 0x22, 0x24, 0x72, 0x5f, 0x76, 0x65, 0x72, 0x22, 0x20, 0x5d,
    0x5d, 0x3b, 0x20, 0x74, 0x68, 0x65, 0x6e, 0x0a, 0x20, 0x20, 0x20, 0x20, 0x68, 0x65, 0x61, 0x6c,
    0x74, 0x68, 0x5f, 0x73, 0x74, 0x61, 0x74, 0x75, 0x73, 0x20, 0x22, 0x52, 0x20, 0x64, 0x65, 0x66,
    0x61, 0x75, 0x6c, 0x74, 0x22, 0x20, 0x22, 0x4f, 0x4b, 0x22, 0x20, 0x22, 0x24, 0x72, 0x5f, 0x76,
    0x65, 0x72, 0x22, 0x0a, 0x20, 0x20, 0x65, 0x6c, 0x73, 0x65, 0x0a, 0x20, 0x20, 0x20, 0x20, 0x68,
    0x65, 0x61, 0x6c, 0x74, 0x68, 0x5f, 0x73, 0x74, 0x61, 0x74, 0x75, 0x73, 0x20, 0x22, 0x52, 0x20,
    0x64, 0x65, 0x66, 0x61, 0x75, 0x6c, 0x74, 0x22, 0x20, 0x22, 0x4d, 0x49, 0x53, 0x53, 0x22, 0x20,
    0x22, 0xe6, 0x9c, 0xaa, 0xe5, 0xae, 0x89, 0xe8, 0xa3, 0x85, 0x22, 0x0a, 0x20, 0x20, 0x66, 0x69,
    0x0a, 0x20, 0x20, 0x69, 0x66, 0x20, 0x63, 0x6f, 0x6d, 0x6d, 0x61, 0x6e, 0x64, 0x20, 0x2d, 0x76,
    0x20, 0x72, 0x69, 0x67, 0x20, 0x3e, 0x2f, 0x64, 0x65, 0x76, 0x2f, 0x6e, 0x75, 0x6c, 0x6c, 0x20,
    0x32, 0x3e, 0x26, 0x31, 0x3b, 0x20, 0x74, 0x68, 0x65, 0x6e, 0x0a, 0x20, 0x20, 0x20, 0x20, 0x68,
    0x65, 0x61, 0x6c, 0x74, 0x68, 0x5f, 0x73, 0x74, 0x61, 0x74, 0x75, 0x73, 0x20, 0x22, 0x72, 0x69,
    0x67, 0x22, 0x20, 0x22, 0x4f, 0x4b, 0x22, 0x20, 0x22, 0x24, 0x28, 0x72, 0x69, 0x67, 0x20, 0x2d,
    0x2d, 0x76, 0x65, 0x72, 0x73, 0x69, 0x6f, 0x6e, 0x20, 0x32, 0x3e, 0x2f, 0x64, 0x65, 0x76, 0x2f,
    0x6e, 0x75, 0x6c, 0x6c, 0x20, 0x7c, 0x20, 0x68, 0x65, 0x61, 0x64, 0x20, 0x2d, 0x31, 0x29, 0x22,
    0x0a, 0x20, 0x20, 0x20, 0x20, 0x72, 0x69, 0x67, 0x20, 0x6c, 0x69, 0x73, 0x74, 0x20, 0x32, 0x3e,
    0x2f, 0x64, 0x65, 0x76, 0x2f, 0x6e, 0x75, 0x6c, 0x6c, 0x20, 0x7c, 0x7c, 0x20, 0x74, 0x72, 0x75,
    0x65, 0x0a, 0x20, 0x20, 0x65, 0x6c, 0x73, 0x65, 0x0a, 0x20, 0x20, 0x20, 0x20, 0x68, 0x65, 0x61,
    0x6c, 0x74, 0x68, 0x5f, 0x73, 0x74, 0x61, 0x74, 0x75, 0x73, 0x20, 0x22, 0x72, 0x69, 0x67, 0x22,
    0x20, 0x22, 0x4d, 0x49, 0x53, 0x53, 0x22, 0x20, 0x22, 0xe6, 0x9c, 0xaa, 0xe5, 0xae, 0x89, 0xe8,
    0xa3, 0x85, 0x22, 0x0a, 0x20, 0x20, 0x66, 0x69, 0x0a, 0x0a, 0x20, 0x20, 0x72, 0x73, 0x74, 0x75,
    0x64, 0x69, 0x6f, 0x5f, 0x76, 0x65, 0x72, 0x3d, 0x22, 0x24, 0x28, 0x64, 0x70, 0x6b, 0x67, 0x2d,
    0x71, 0x75, 0x65, 0x72, 0x79, 0x20, 0x2d, 0x57, 0x20, 0x2d, 0x66, 0x3d, 0x27, 0x24, 0x7b, 0x56,
    0x65, 0x72, 0x73, 0x69, 0x6f, 0x6e, 0x7d, 0x27, 0x20, 0x72, 0x73, 0x74, 0x75, 0x64, 0x69, 0x6f,
    0x2d, 0x73, 0x65, 0x72, 0x76, 0x65, 0x72, 0x20, 0x32, 0x3e, 0x2f, 0x64, 0x65, 0x76, 0x2f, 0x6e,
    0x75, 0x6c, 0x6c, 0x20, 0x7c, 0x7c, 0x20, 0x74, 0x72, 0x75, 0x65, 0x29, 0x22, 0x0a, 0x20, 0x20,
    0x69, 0x66, 0x20, 0x5b, 0x5b, 0x20, 0x2d, 0x6e, 0x20, 0x22, 0x24, 0x72, 0x73, 0x74, 0x75, 0x64,
    0x69, 0x6f, 0x5f, 0x76, 0x65, 0x72, 0x22, 0x20, 0x5d, 0x5d, 0x3b, 0x20, 0x74, 0x68, 0x65, 0x6e,
    0x0a, 0x20, 0x20, 0x20, 0x20, 0x72, 0x73, 0x74, 0x75, 0x64, 0x69, 0x6f, 0x5f, 0x73, 0x74, 0x61,
    0x74, 0x65, 0x3d, 0x22, 0x24, 0x28, 0x73, 0x79, 0x73, 0x74, 0x65, 0x6d, 0x63, 0x74, 0x6c, 0x20,
    0x69, 0x73, 0x2d, 0x61, 0x63, 0x74, 0x69, 0x76, 0x65, 0x20, 0x72, 0x73, 0x74, 0x75, 0x64, 0x69,
    0x6f, 0x2d, 0x73, 0x65, 0x72, 0x76, 0x65, 0x72, 0x20, 0x32, 0x3e, 0x2f, 0x64, 0x65, 0x76, 0x2f,
    0x6e, 0x75, 0x6c, 0x6c, 0x20, 0x7c, 0x7c, 0x20, 0x74, 0x72, 0x75, 0x65, 0x29, 0x22, 0x0a, 0x20,
    0x20, 0x20, 0x20, 0x69, 0x66, 0x20, 0x5b, 0x5b, 0x20, 0x22, 0x24, 0x72, 0x73, 0x74, 0x75, 0x64,
    0x69, 0x6f, 0x5f, 0x73, 0x74, 0x61, 0x74, 0x65, 0x22, 0x20, 0x3d, 0x3d, 0x20, 0x22, 0x61, 0x63,
    0x74, 0x69, 0x76, 0x65, 0x22, 0x20, 0x5d, 0x5d, 0x3b, 0x20, 0x74, 0x68, 0x65, 0x6e, 0x0a, 0x20,
    0x20, 0x20, 0x20, 0x20, 0x20, 0x68, 0x65, 0x61, 0x6c, 0x74, 0x68, 0x5f, 0x73, 0x74, 0x61, 0x74,
    0x75, 0x73, 0x20, 0x22, 0x52, 0x53, 0x74, 0x75, 0x64, 0x69, 0x6f, 0x20, 0x53, 0x65, 0x72, 0x76,
    0x65, 0x72, 0x22, 0x20, 0x22, 0x4f, 0x4b, 0x22, 0x20, 0x22, 0x24, 0x72, 0x73, 0x74, 0x75, 0x64,
    0x69, 0x6f, 0x5f, 0x76, 0x65, 0x72, 0x3b, 0x20, 0x61, 0x63, 0x74, 0x69, 0x76, 0x65, 0x22, 0x0a,
    0x20, 0x20, 0x20, 0x20, 0x65, 0x6c, 0x73, 0x65, 0x0a, 0x20, 0x20, 0x20, 0x20, 0x20, 0x20, 0x68,
    0x65, 0x61, 0x6c, 0x74, 0x68, 0x5f, 0x73, 0x74, 0x61, 0x74, 0x75, 0x73, 0x20, 0x22, 0x52, 0x53,
    0x74, 0x75, 0x64, 0x69, 0x6f, 0x20, 0x53, 0x65, 0x72, 0x76, 0x65, 0x72, 0x22, 0x20, 0x22, 0x57,
    0x41, 0x52, 0x4e, 0x22, 0x20, 0x22, 0x24, 0x72, 0x73, 0x74, 0x75, 0x64, 0x69, 0x6f, 0x5f, 0x76,
    0x65, 0x72, 0x3b, 0x20, 0x24, 0x72, 0x73, 0x74, 0x75, 0x64, 0x69, 0x6f, 0x5f, 0x73, 0x74, 0x61,
    0x74, 0x65, 0x22, 0x0a, 0x20, 0x20, 0x20, 0x20, 0x66, 0x69, 0x0a, 0x20, 0x20, 0x20, 0x20, 0x69,
    0x66, 0x20, 0x5b, 0x5b, 0x20, 0x2d, 0x72, 0x20, 0x2f, 0x65, 0x74, 0x63, 0x2f, 0x72, 0x73, 0x74,
    0x75, 0x64, 0x69, 0x6f, 0x2f, 0x72, 0x73, 0x65, 0x72, 0x76, 0x65, 0x72, 0x2e, 0x63, 0x6f, 0x6e,
    0x66, 0x20, 0x5d, 0x5d, 0x3b, 0x20, 0x74, 0x68, 0x65, 0x6e, 0x0a, 0x20, 0x20, 0x20, 0x20, 0x20,
    0x20, 0x67, 0x72, 0x65, 0x70, 0x20, 0x2d, 0x45, 0x20, 0x27, 0x5e, 0x28, 0x72, 0x73, 0x65, 0x73,
    0x73, 0x69, 0x6f, 0x6e, 0x2d, 0x77, 0x68, 0x69, 0x63, 0x68, 0x2d, 0x72, 0x7c, 0x77, 0x77, 0x77,
    0x2d, 0x70, 0x6f, 0x72, 0x74, 0x29, 0x3d, 0x27, 0x20, 0x2f, 0x65, 0x74, 0x63, 0x2f, 0x72, 0x73,
    0x74, 0x75, 0x64, 0x69, 0x6f, 0x2f, 0x72, 0x73, 0x65, 0x72, 0x76, 0x65, 0x72, 0x2e, 0x63, 0x6f,
    0x6e, 0x66, 0x20, 0x7c, 0x7c, 0x20, 0x74, 0x72, 0x75, 0x65, 0x0a, 0x20, 0x20, 0x20, 0x20, 0x20,
    0x20, 0x72, 0x73, 0x74, 0x75, 0x64, 0x69, 0x6f, 0x5f, 0x72, 0x3d, 0x22, 0x24, 0x28, 0x61, 0x77,
    0x6b, 0x20, 0x2d, 0x46, 0x3d, 0x20, 0x27, 0x2f, 0x5e, 0x72, 0x73, 0x65, 0x73, 0x73, 0x69, 0x6f,
    0x6e, 0x2d, 0x77, 0x68, 0x69, 0x63, 0x68, 0x2d, 0x72, 0x3d, 0x2f, 0x20, 0x7b, 0x70, 0x72, 0x69,
    0x6e, 0x74, 0x20, 0x24, 0x32, 0x3b, 0x20, 0x65, 0x78, 0x69, 0x74, 0x7d, 0x27, 0x20, 0x2f, 0x65,
    0x74, 0x63, 0x2f, 0x72, 0x73, 0x74, 0x75, 0x64, 0x69, 0x6f, 0x2f, 0x72, 0x73, 0x65, 0x72, 0x76,
    0x65, 0x72, 0x2e, 0x63, 0x6f, 0x6e, 0x66, 0x29, 0x22, 0x0a, 0x20, 0x20, 0x20, 0x20, 0x20, 0x20,
    0x63, 0x75, 0x72, 0x72, 0x65, 0x6e, 0x74, 0x5f, 0x72, 0x3d, 0x22, 0x24, 0x28, 0x63, 0x6f, 0x6d,
    0x6d, 0x61, 0x6e, 0x64, 0x20, 0x2d, 0x76, 0x20, 0x52, 0x20, 0x32, 0x3e, 0x2f, 0x64, 0x65, 0x76,
    0x2f, 0x6e, 0x75, 0x6c, 0x6c, 0x20, 0x7c, 0x7c, 0x20, 0x74, 0x72, 0x75, 0x65, 0x29, 0x22, 0x0a,
    0x20, 0x20, 0x20, 0x20, 0x20, 0x20, 0x69, 0x66, 0x20, 0x5b, 0x5b, 0x20, 0x2d, 0x6e, 0x20, 0x22,
    0x24, 0x72, 0x73, 0x74, 0x75, 0x64, 0x69, 0x6f, 0x5f, 0x72, 0x22, 0x20, 0x26, 0x26, 0x20, 0x2d,
    0x6e, 0x20, 0x22, 0x24, 0x63, 0x75, 0x72, 0x72, 0x65, 0x6e, 0x74, 0x5f, 0x72, 0x22, 0x20, 0x26,
    0x26, 0x20, 0x22, 0x24, 0x72, 0x73, 0x74, 0x75, 0x64, 0x69, 0x6f, 0x5f, 0x72, 0x22, 0x20, 0x21,
    0x3d, 0x20, 0x22, 0x24, 0x63, 0x75, 0x72, 0x72, 0x65, 0x6e, 0x74, 0x5f, 0x72, 0x22, 0x20, 0x5d,
    0x5d, 0x3b, 0x20, 0x74, 0x68, 0x65, 0x6e, 0x0a, 0x20, 0x20, 0x20, 0x20, 0x20, 0x20, 0x20, 0x20,
    0x68, 0x65, 0x61, 0x6c, 0x74, 0x68, 0x5f, 0x73, 0x74, 0x61, 0x74, 0x75, 0x73, 0x20, 0x22, 0x52,
    0x53, 0x74, 0x75, 0x64, 0x69, 0x6f, 0x20, 0x2d, 0x3e, 0x20, 0x52, 0x22, 0x20, 0x22, 0x57, 0x41,
    0x52, 0x4e, 0x22, 0x20, 0x22, 0x63, 0x6f, 0x6e, 0x66, 0x69, 0x67, 0x75, 0x72, 0x65, 0x64, 0x3d,
    0x24, 0x72, 0x73, 0x74, 0x75, 0x64, 0x69, 0x6f, 0x5f, 0x72, 0x20, 0x64, 0x65, 0x66, 0x61, 0x75,
    0x6c, 0x74, 0x3d, 0x24, 0x63, 0x75, 0x72, 0x72, 0x65, 0x6e, 0x74, 0x5f, 0x72, 0x22, 0x0a, 0x20,
    0x20, 0x20, 0x20, 0x20, 0x20, 0x65, 0x6c, 0x69, 0x66, 0x20, 0x5b, 0x5b, 0x20, 0x2d, 0x6e, 0x20,
    0x22, 0x24, 0x72, 0x73, 0x74, 0x75, 0x64, 0x69, 0x6f, 0x5f, 0x72, 0x22, 0x20, 0x5d, 0x5d, 0x3b,
    0x20, 0x74, 0x68, 0x65, 0x6e, 0x0a, 0x20, 0x20, 0x20, 0x20, 0x20, 0x20, 0x20, 0x20, 0x68, 0x65,
    0x61, 0x6c, 0x74, 0x68, 0x5f, 0x73, 0x74, 0x61, 0x74, 0x75, 0x73, 0x20, 0x22, 0x52, 0x53, 0x74,
    0x75, 0x64, 0x69, 0x6f, 0x20, 0x2d, 0x3e, 0x20, 0x52, 0x22, 0x20, 0x22, 0x4f, 0x4b, 0x22, 0x20,
    0x22, 0x24, 0x72, 0x73, 0x74, 0x75, 0x64, 0x69, 0x6f, 0x5f, 0x72, 0x22, 0x0a, 0x20, 0x20, 0x20,
    0x20, 0x20, 0x20, 0x66, 0x69, 0x0a, 0x20, 0x20, 0x20, 0x20, 0x66, 0x69, 0x0a, 0x20, 0x20, 0x65,
    0x6c, 0x73, 0x65, 0x0a, 0x20, 0x20, 0x20, 0x20, 0x68, 0x65, 0x61, 0x6c, 0x74, 0x68, 0x5f, 0x73,
    0x74, 0x61, 0x74, 0x75, 0x73, 0x20, 0x22, 0x52, 0x53, 0x74, 0x75, 0x64, 0x69, 0x6f, 0x20, 0x53,
    0x65, 0x72, 0x76, 0x65, 0x72, 0x22, 0x20, 0x22, 0x4d, 0x49, 0x53, 0x53, 0x22, 0x20, 0x22, 0xe6,
    0x9c, 0xaa, 0xe5, 0xae, 0x89, 0xe8, 0xa3, 0x85, 0x22, 0x0a, 0x20, 0x20, 0x66, 0x69, 0x0a, 0x0a,
    0x20, 0x20, 0x70, 0x72, 0x69, 0x6e, 0x74, 0x66, 0x20, 0x27, 0x5c, 0x6e, 0x2d, 0x2d, 0x2d, 0x20,
    0x43, 0x6f, 0x6e, 0x64, 0x61, 0x20, 0x2f, 0x20, 0x4d, 0x61, 0x6d, 0x62, 0x61, 0x20, 0x2d, 0x2d,
    0x2d, 0x5c, 0x6e, 0x27, 0x0a, 0x20, 0x20, 0x68, 0x6f, 0x6d, 0x65, 0x3d, 0x22, 0x24, 0x28, 0x6c,
    0x6f, 0x67, 0x69, 0x6e, 0x5f, 0x68, 0x6f, 0x6d, 0x65, 0x29, 0x22, 0x0a, 0x20, 0x20, 0x66, 0x6f,
    0x72, 0x20, 0x6d, 0x61, 0x6e, 0x61, 0x67, 0x65, 0x72, 0x20, 0x69, 0x6e, 0x20, 0x22, 0x24, 0x68,
    0x6f, 0x6d, 0x65, 0x2f, 0x64, 0x61, 0x74, 0x61, 0x5f, 0x48, 0x44, 0x2f, 0x62, 0x69, 0x6e, 0x2f,
    0x6d, 0x69, 0x63, 0x72, 0x6f, 0x6d, 0x61, 0x6d, 0x62, 0x61, 0x22, 0x20, 0x22, 0x24, 0x4d, 0x49,
    0x43, 0x52, 0x4f, 0x4d, 0x41, 0x4d, 0x42, 0x41, 0x5f, 0x53, 0x59, 0x53, 0x54, 0x45, 0x4d, 0x5f,
    0x42, 0x49, 0x4e, 0x22, 0x20, 0x22, 0x24, 0x4d, 0x49, 0x4e, 0x49, 0x46, 0x4f, 0x52, 0x47, 0x45,
    0x5f, 0x44, 0x45, 0x46, 0x41, 0x55, 0x4c, 0x54, 0x2f, 0x62, 0x69, 0x6e, 0x2f, 0x6d, 0x61, 0x6d,
    0x62, 0x61, 0x22, 0x20, 0x22, 0x24, 0x68, 0x6f, 0x6d, 0x65, 0x2f, 0x64, 0x61, 0x74, 0x61, 0x5f,
    0x48, 0x44, 0x2f, 0x6d, 0x69, 0x6e, 0x69, 0x63, 0x6f, 0x6e, 0x64, 0x61, 0x33, 0x2f, 0x62, 0x69,
    0x6e, 0x2f, 0x63, 0x6f, 0x6e, 0x64, 0x61, 0x22, 0x20, 0x22, 0x24, 0x4d, 0x49, 0x4e, 0x49, 0x43,
    0x4f, 0x4e, 0x44, 0x41, 0x5f, 0x53, 0x59, 0x53, 0x54, 0x45, 0x4d, 0x5f, 0x44, 0x45, 0x46, 0x41,
    0x55, 0x4c, 0x54, 0x2f, 0x62, 0x69, 0x6e, 0x2f, 0x63, 0x6f, 0x6e, 0x64, 0x61, 0x22, 0x3b, 0x20,
    0x64, 0x6f, 0x0a, 0x20, 0x20, 0x20, 0x20, 0x69, 0x66, 0x20, 0x5b, 0x5b, 0x20, 0x2d, 0x78, 0x20,
    0x22, 0x24, 0x6d, 0x61, 0x6e, 0x61, 0x67, 0x65, 0x72, 0x22, 0x20, 0x5d, 0x5d, 0x3b, 0x20, 0x74,
    0x68, 0x65, 0x6e, 0x0a, 0x20, 0x20, 0x20, 0x20, 0x20, 0x20, 0x68, 0x65, 0x61, 0x6c, 0x74, 0x68,
    0x5f, 0x73, 0x74, 0x61, 0x74, 0x75, 0x73, 0x20, 0x22, 0x24, 0x28, 0x62, 0x61, 0x73, 0x65, 0x6e,
    0x61, 0x6d, 0x65, 0x20, 0x22, 0x24, 0x6d, 0x61, 0x6e, 0x61, 0x67, 0x65, 0x72, 0x22, 0x29, 0x22,
    0x20, 0x22, 0x4f, 0x4b, 0x22, 0x20, 0x22, 0x24, 0x6d, 0x61, 0x6e, 0x61, 0x67, 0x65, 0x72, 0x20,
    0x3a, 0x3a, 0x20, 0x24, 0x28, 0x22, 0x24, 0x6d, 0x61, 0x6e, 0x61, 0x67, 0x65, 0x72, 0x22, 0x20,
    0x2d, 0x2d, 0x76, 0x65, 0x72, 0x73, 0x69, 0x6f, 0x6e, 0x20, 0x32, 0x3e, 0x2f, 0x64, 0x65, 0x76,
    0x2f, 0x6e, 0x75, 0x6c, 0x6c, 0x20, 0x7c, 0x20, 0x68, 0x65, 0x61, 0x64, 0x20, 0x2d, 0x31, 0x29,
    0x22, 0x0a, 0x20, 0x20, 0x20, 0x20, 0x66, 0x69, 0x0a, 0x20, 0x20, 0x64, 0x6f, 0x6e, 0x65, 0x0a,
    0x0a, 0x20, 0x20, 0x6d, 0x61, 0x6e, 0x61, 0x67, 0x65, 0x72, 0x3d, 0x22, 0x24, 0x28, 0x66, 0x69,
    0x6e, 0x64, 0x5f, 0x63, 0x6f, 0x6e, 0x64, 0x61, 0x5f, 0x63, 0x6f, 0x6e, 0x66, 0x69, 0x67, 0x5f,
    0x6d, 0x61, 0x6e, 0x61, 0x67, 0x65, 0x72, 0x20, 0x32, 0x3e, 0x2f, 0x64, 0x65, 0x76, 0x2f, 0x6e,
    0x75, 0x6c, 0x6c, 0x20, 0x7c, 0x7c, 0x20, 0x74, 0x72, 0x75, 0x65, 0x29, 0x22, 0x0a, 0x20, 0x20,
    0x69, 0x66, 0x20, 0x5b, 0x5b, 0x20, 0x2d, 0x6e, 0x20, 0x22, 0x24, 0x6d, 0x61, 0x6e, 0x61, 0x67,
    0x65, 0x72, 0x22, 0x20, 0x5d, 0x5d, 0x3b, 0x20, 0x74, 0x68, 0x65, 0x6e, 0x0a, 0x20, 0x20, 0x20,
    0x20, 0x69, 0x66, 0x20, 0x5b, 0x5b, 0x20, 0x22, 0x24, 0x28, 0x62, 0x61, 0x73, 0x65, 0x6e, 0x61,
    0x6d, 0x65, 0x20, 0x22, 0x24, 0x6d, 0x61, 0x6e, 0x61, 0x67, 0x65, 0x72, 0x22, 0x29, 0x22, 0x20,
    0x3d, 0x3d, 0x20, 0x22, 0x6d, 0x69, 0x63, 0x72, 0x6f, 0x6d, 0x61, 0x6d, 0x62, 0x61, 0x22, 0x20,
    0x5d, 0x5d, 0x3b, 0x20, 0x74, 0x68, 0x65, 0x6e, 0x0a, 0x20, 0x20, 0x20, 0x20, 0x20, 0x20, 0x65,
    0x6e, 0x76, 0x5f, 0x6f, 0x75, 0x74, 0x70, 0x75, 0x74, 0x3d, 0x22, 0x24, 0x28, 0x4d, 0x41, 0x4d,
    0x42, 0x41, 0x5f, 0x52, 0x4f, 0x4f, 0x54, 0x5f, 0x50, 0x52, 0x45, 0x46, 0x49, 0x58, 0x3d, 0x22,
    0x24, 0x68, 0x6f, 0x6d, 0x65, 0x2f, 0x64, 0x61, 0x74, 0x61, 0x5f, 0x48, 0x44, 0x2f, 0x6d, 0x69,
    0x63, 0x72, 0x6f, 0x6d, 0x61, 0x6d, 0x62, 0x61, 0x22, 0x20, 0x22, 0x24, 0x6d, 0x61, 0x6e, 0x61,
    0x67, 0x65, 0x72, 0x22, 0x20, 0x65, 0x6e, 0x76, 0x20, 0x6c, 0x69, 0x73, 0x74, 0x20, 0x32, 0x3e,
    0x2f, 0x64, 0x65, 0x76, 0x2f, 0x6e, 0x75, 0x6c, 0x6c, 0x20, 0x7c, 0x7c, 0x20, 0x74, 0x72, 0x75,
    0x65, 0x29, 0x22, 0x0a, 0x20, 0x20, 0x20, 0x20, 0x65, 0x6c, 0x73, 0x65, 0x0a, 0x20, 0x20, 0x20,
    0x20, 0x20, 0x20, 0x65, 0x6e, 0x76, 0x5f, 0x6f, 0x75, 0x74, 0x70, 0x75, 0x74, 0x3d, 0x22, 0x24,
    0x28, 0x22, 0x24, 0x6d, 0x61, 0x6e, 0x61, 0x67, 0x65, 0x72, 0x22, 0x20, 0x65, 0x6e, 0x76, 0x20,
    0x6c, 0x69, 0x73, 0x74, 0x20, 0x32, 0x3e, 0x2f, 0x64, 0x65, 0x76, 0x2f, 0x6e, 0x75, 0x6c, 0x6c,
    0x20, 0x7c, 0x7c, 0x20, 0x74, 0x72, 0x75, 0x65, 0x29, 0x22, 0x0a, 0x20, 0x20, 0x20, 0x20, 0x66,
    0x69, 0x0a, 0x20, 0x20, 0x20, 0x20, 0x70, 0x72, 0x69, 0x6e, 0x74, 0x66, 0x20, 0x27, 0x25, 0x73,
    0x5c, 0x6e, 0x27, 0x20, 0x22, 0x24, 0x65, 0x6e, 0x76, 0x5f, 0x6f, 0x75, 0x74, 0x70, 0x75, 0x74,
    0x22, 0x20, 0x7c, 0x20, 0x67, 0x72, 0x65, 0x70, 0x20, 0x2d, 0x45, 0x20, 0x27, 0x52, 0x4e, 0x41,
    0x53, 0x65, 0x71, 0x7c, 0x43, 0x68, 0x49, 0x50, 0x53, 0x65, 0x71, 0x7c, 0x57, 0x47, 0x53, 0x7c,
    0x73, 0x63, 0x52, 0x4e, 0x41, 0x53, 0x65, 0x71, 0x7c, 0x6d, 0x65, 0x74, 0x61, 0x57, 0x52, 0x41,
    0x50, 0x7c, 0x4d, 0x65, 0x74, 0x61, 0x43, 0x41, 0x54, 0x27, 0x20, 0x7c, 0x7c, 0x20, 0x68, 0x65,
    0x61, 0x6c, 0x74, 0x68, 0x5f, 0x73, 0x74, 0x61, 0x74, 0x75, 0x73, 0x20, 0x22, 0xe7, 0x94, 0x9f,
    0xe4, 0xbf, 0xa1, 0xe7, 0x8e, 0xaf, 0xe5, 0xa2, 0x83, 0x22, 0x20, 0x22, 0x57, 0x41, 0x52, 0x4e,
    0x22, 0x20, 0x22, 0xe6, 0x9c, 0xaa, 0xe5, 0x8f, 0x91, 0xe7, 0x8e, 0xb0, 0xe9, 0xa2, 0x84, 0xe8,
    0xae, 0xbe, 0xe7, 0x8e, 0xaf, 0xe5, 0xa2, 0x83, 0x22, 0x0a, 0x20, 0x20, 0x65, 0x6c, 0x73, 0x65,
    0x0a, 0x20, 0x20, 0x20, 0x20, 0x68, 0x65, 0x61, 0x6c, 0x74, 0x68, 0x5f, 0x73, 0x74, 0x61, 0x74,
    0x75, 0x73, 0x20, 0x22, 0x43, 0x6f, 0x6e, 0x64, 0x61, 0x20, 0x6d, 0x61, 0x6e, 0x61, 0x67, 0x65,
    0x72, 0x22, 0x20, 0x22, 0x4d, 0x49, 0x53, 0x53, 0x22, 0x20, 0x22, 0xe6, 0x9c, 0xaa, 0xe5, 0xae,
    0x89, 0xe8, 0xa3, 0x85, 0x22, 0x0a, 0x20, 0x20, 0x66, 0x69, 0x0a, 0x0a, 0x20, 0x20, 0x70, 0x72,
    0x69, 0x6e, 0x74, 0x66, 0x20, 0x27, 0x5c, 0x6e, 0x2d, 0x2d, 0x2d, 0x20, 0xe7, 0x94, 0xa8, 0xe6,
    0x88, 0xb7, 0xe7, 0xbb, 0x84, 0x20, 0x2d, 0x2d, 0x2d, 0x5c, 0x6e, 0x27, 0x0a, 0x20, 0x20, 0x66,
    0x6f, 0x72, 0x20, 0x67, 0x72, 0x6f, 0x75, 0x70, 0x20, 0x69, 0x6e, 0x20, 0x61, 0x64, 0x6d, 0x69,
    0x6e, 0x20, 0x73, 0x68, 0x61, 0x72, 0x65, 0x76, 0x69, 0x70, 0x20, 0x70, 0x72, 0x69, 0x6d, 0x65,
    0x76, 0x69, 0x70, 0x20, 0x63, 0x6f, 0x75, 0x72, 0x73, 0x65, 0x76, 0x69, 0x70, 0x20, 0x6c, 0x61,
    0x62, 0x76, 0x69, 0x70, 0x3b, 0x20, 0x64, 0x6f, 0x0a, 0x20, 0x20, 0x20, 0x20, 0x63, 0x61, 0x73,
    0x65, 0x20, 0x22, 0x24, 0x67, 0x72, 0x6f, 0x75, 0x70, 0x22, 0x20, 0x69, 0x6e, 0x0a, 0x20, 0x20,
    0x20, 0x20, 0x20, 0x20, 0x61, 0x64, 0x6d, 0x69, 0x6e, 0x29, 0x20, 0x65, 0x78, 0x70, 0x65, 0x63,
    0x74, 0x65, 0x64, 0x5f, 0x67, 0x69, 0x64, 0x3d, 0x31, 0x31, 0x30, 0x20, 0x3b, 0x3b, 0x0a, 0x20,
    0x20, 0x20, 0x20, 0x20, 0x20, 0x73, 0x68, 0x61, 0x72, 0x65, 0x76, 0x69, 0x70, 0x29, 0x20, 0x65,
    0x78, 0x70, 0x65, 0x63, 0x74, 0x65, 0x64, 0x5f, 0x67, 0x69, 0x64, 0x3d, 0x33, 0x30, 0x30, 0x30,
    0x32, 0x20, 0x3b, 0x3b, 0x0a, 0x20, 0x20, 0x20, 0x20, 0x20, 0x20, 0x70, 0x72, 0x69, 0x6d, 0x65,
    0x76, 0x69, 0x70, 0x29, 0x20, 0x65, 0x78, 0x70, 0x65, 0x63, 0x74, 0x65, 0x64, 0x5f, 0x67, 0x69,
    0x64, 0x3d, 0x33, 0x30, 0x30, 0x30, 0x33, 0x20, 0x3b, 0x3b, 0x0a, 0x20, 0x20, 0x20, 0x20, 0x20,
    0x20, 0x63, 0x6f, 0x75, 0x72, 0x73, 0x65, 0x76, 0x69, 0x70, 0x29, 0x20, 0x65, 0x78, 0x70, 0x65,
    0x63, 0x74, 0x65, 0x64, 0x5f, 0x67, 0x69, 0x64, 0x3d, 0x33, 0x30, 0x30, 0x30, 0x34, 0x20, 0x3b,
    0x3b, 0x0a, 0x20, 0x20, 0x20, 0x20, 0x20, 0x20, 0x6c, 0x61, 0x62, 0x76, 0x69, 0x70, 0x29, 0x20,
    0x65, 0x78, 0x70, 0x65, 0x63, 0x74, 0x65, 0x64, 0x5f, 0x67, 0x69, 0x64, 0x3d, 0x33, 0x30, 0x30,
    0x30, 0x35, 0x20, 0x3b, 0x3b, 0x0a, 0x20, 0x20, 0x20, 0x20, 0x65, 0x73, 0x61, 0x63, 0x0a, 0x0a,
    0x20, 0x20, 0x20, 0x20, 0x69, 0x66, 0x20, 0x67, 0x65, 0x74, 0x65, 0x6e, 0x74, 0x20, 0x67, 0x72,
    0x6f, 0x75, 0x70, 0x20, 0x22, 0x24, 0x67, 0x72, 0x6f, 0x75, 0x70, 0x22, 0x20, 0x3e, 0x2f, 0x64,
    0x65, 0x76, 0x2f, 0x6e, 0x75, 0x6c, 0x6c, 0x20, 0x32, 0x3e, 0x26, 0x31, 0x3b, 0x20, 0x74, 0x68,
    0x65, 0x6e, 0x0a, 0x20, 0x20, 0x20, 0x20, 0x20, 0x20, 0x61, 0x63, 0x74, 0x75, 0x61, 0x6c, 0x5f,
    0x67, 0x72, 0x6f, 0x75, 0x70, 0x5f, 0x67, 0x69, 0x64, 0x3d, 0x22, 0x24, 0x28, 0x67, 0x65, 0x74,
    0x65, 0x6e, 0x74, 0x20, 0x67, 0x72, 0x6f, 0x75, 0x70, 0x20, 0x22, 0x24, 0x67, 0x72, 0x6f, 0x75,
    0x70, 0x22, 0x20, 0x7c, 0x20, 0x63, 0x75, 0x74, 0x20, 0x2d, 0x64, 0x3a, 0x20, 0x2d, 0x66, 0x33,
    0x29, 0x22, 0x0a, 0x20, 0x20, 0x20, 0x20, 0x20, 0x20, 0x69, 0x66, 0x20, 0x5b, 0x5b, 0x20, 0x22,
    0x24, 0x61, 0x63, 0x74, 0x75, 0x61, 0x6c, 0x5f, 0x67, 0x72, 0x6f, 0x75, 0x70, 0x5f, 0x67, 0x69,
    0x64, 0x22, 0x20, 0x3d, 0x3d, 0x20, 0x22, 0x24, 0x65, 0x78, 0x70, 0x65, 0x63, 0x74, 0x65, 0x64,
    0x5f, 0x67, 0x69, 0x64, 0x22, 0x20, 0x5d, 0x5d, 0x3b, 0x20, 0x74, 0x68, 0x65, 0x6e, 0x0a, 0x20,
    0x20, 0x20, 0x20, 0x20, 0x20, 0x20, 0x20, 0x70, 0x72, 0x69, 0x6e, 0x74, 0x66, 0x20, 0x27, 0x25,
    0x2d, 0x31, 0x32, 0x73, 0x20, 0x47, 0x49, 0x44, 0x3d, 0x25, 0x73, 0x20, 0x4f, 0x4b, 0x5c, 0x6e,
    0x27, 0x20, 0x22, 0x24, 0x67, 0x72, 0x6f, 0x75, 0x70, 0x22, 0x20, 0x22, 0x24, 0x61, 0x63, 0x74,
    0x75, 0x61, 0x6c, 0x5f, 0x67, 0x72, 0x6f, 0x75, 0x70, 0x5f, 0x67, 0x69, 0x64, 0x22, 0x0a, 0x20,
    0x20, 0x20, 0x20, 0x20, 0x20, 0x65, 0x6c, 0x73, 0x65, 0x0a, 0x20, 0x20, 0x20, 0x20, 0x20, 0x20,
    0x20, 0x20, 0x70, 0x72, 0x69, 0x6e, 0x74, 0x66, 0x20, 0x27, 0x25, 0x2d, 0x31, 0x32, 0x73, 0x20,
    0x47, 0x49, 0x44, 0x3d, 0x25, 0x73, 0x20, 0x45, 0x58, 0x50, 0x45, 0x43, 0x54, 0x45, 0x44, 0x3d,
    0x25, 0x73, 0x20, 0x57, 0x41, 0x52, 0x4e, 0x5c, 0x6e, 0x27, 0x20, 0x22, 0x24, 0x67, 0x72, 0x6f,
    0x75, 0x70, 0x22, 0x20, 0x22, 0x24, 0x61, 0x63, 0x74, 0x75, 0x61, 0x6c, 0x5f, 0x67, 0x72, 0x6f,
    0x75, 0x70, 0x5f, 0x67, 0x69, 0x64, 0x22, 0x20, 0x22, 0x24, 0x65, 0x78, 0x70, 0x65, 0x63, 0x74,
    0x65, 0x64, 0x5f, 0x67, 0x69, 0x64, 0x22, 0x0a, 0x20, 0x20, 0x20, 0x20, 0x20, 0x20, 0x20, 0x20,
    0x62, 0x61, 0x64, 0x5f, 0x67, 0x72, 0x6f, 0x75, 0x70, 0x73, 0x3d, 0x24, 0x28, 0x28, 0x62, 0x61,
    0x64, 0x5f, 0x67, 0x72, 0x6f, 0x75, 0x70, 0x73, 0x20, 0x2b, 0x20, 0x31, 0x29, 0x29, 0x0a, 0x20,
    0x20, 0x20, 0x20, 0x20, 0x20, 0x66, 0x69, 0x0a, 0x20, 0x20, 0x20, 0x20, 0x65, 0x6c, 0x73, 0x65,
    0x0a, 0x20, 0x20, 0x20, 0x20, 0x20, 0x20, 0x70, 0x72, 0x69, 0x6e, 0x74, 0x66, 0x20, 0x27, 0x25,
    0x2d, 0x31, 0x32, 0x73, 0x20, 0x4d, 0x49, 0x53, 0x53, 0x49, 0x4e, 0x47, 0x20, 0x45, 0x58, 0x50,
    0x45, 0x43, 0x54, 0x45, 0x44, 0x3d, 0x25, 0x73, 0x5c, 0x6e, 0x27, 0x20, 0x22, 0x24, 0x67, 0x72,
    0x6f, 0x75, 0x70, 0x22, 0x20, 0x22, 0x24, 0x65, 0x78, 0x70, 0x65, 0x63, 0x74, 0x65, 0x64, 0x5f,
    0x67, 0x69, 0x64, 0x22, 0x0a, 0x20, 0x20, 0x20, 0x20, 0x20, 0x20, 0x6d, 0x69, 0x73, 0x73, 0x69,
    0x6e, 0x67, 0x5f, 0x67, 0x72, 0x6f, 0x75, 0x70, 0x73, 0x3d, 0x24, 0x28, 0x28, 0x6d, 0x69, 0x73,
    0x73, 0x69, 0x6e, 0x67, 0x5f, 0x67, 0x72, 0x6f, 0x75, 0x70, 0x73, 0x20, 0x2b, 0x20, 0x31, 0x29,
    0x29, 0x0a, 0x20, 0x20, 0x20, 0x20, 0x66, 0x69, 0x0a, 0x20, 0x20, 0x64, 0x6f, 0x6e, 0x65, 0x0a,
    0x0a, 0x20, 0x20, 0x69, 0x66, 0x20, 0x28, 0x28, 0x20, 0x6d, 0x69, 0x73, 0x73, 0x69, 0x6e, 0x67,
    0x5f, 0x67, 0x72, 0x6f, 0x75, 0x70, 0x73, 0x20, 0x3d, 0x3d, 0x20, 0x30, 0x20, 0x26, 0x26, 0x20,
    0x62, 0x61, 0x64, 0x5f, 0x67, 0x72, 0x6f, 0x75, 0x70, 0x73, 0x20, 0x3d, 0x3d, 0x20, 0x30, 0x20,
    0x29, 0x29, 0x3b, 0x20, 0x74, 0x68, 0x65, 0x6e, 0x0a, 0x20, 0x20, 0x20, 0x20, 0x68, 0x65, 0x61,
    0x6c, 0x74, 0x68, 0x5f, 0x73, 0x74, 0x61, 0x74, 0x75, 0x73, 0x20, 0x22, 0xe7, 0x94, 0xa8, 0xe6,
    0x88, 0xb7, 0xe7, 0xbb, 0x84, 0x22, 0x20, 0x22, 0x4f, 0x4b, 0x22, 0x20, 0x22, 0x35, 0x20, 0xe4,
    0xb8, 0xaa, 0xe7, 0xbb, 0x84, 0xe5, 0x9d, 0x87, 0xe5, 0xad, 0x98, 0xe5, 0x9c, 0xa8, 0xe4, 0xb8,
    0x94, 0x20, 0x47, 0x49, 0x44, 0x20, 0xe6, 0xad, 0xa3, 0xe7, 0xa1, 0xae, 0x22, 0x0a, 0x20, 0x20,
    0x65, 0x6c, 0x73, 0x65, 0x0a, 0x20, 0x20, 0x20, 0x20, 0x68, 0x65, 0x61, 0x6c, 0x74, 0x68, 0x5f,
    0x73, 0x74, 0x61, 0x74, 0x75, 0x73, 0x20, 0x22, 0xe7, 0x94, 0xa8, 0xe6, 0x88, 0xb7, 0xe7, 0xbb,
    0x84, 0x22, 0x20, 0x22, 0x57, 0x41, 0x52, 0x4e, 0x22, 0x20, 0x22, 0xe7, 0xbc, 0xba, 0xe5, 0xa4,
    0xb1, 0x3d, 0x24, 0x6d, 0x69, 0x73, 0x73, 0x69, 0x6e, 0x67, 0x5f, 0x67, 0x72, 0x6f, 0x75, 0x70,
    0x73, 0x20, 0x47, 0x49, 0x44, 0xe9, 0x94, 0x99, 0xe8, 0xaf, 0xaf, 0x3d, 0x24, 0x62, 0x61, 0x64,
    0x5f, 0x67, 0x72, 0x6f, 0x75, 0x70, 0x73, 0x22, 0x0a, 0x20, 0x20, 0x66, 0x69, 0x0a, 0x0a, 0x20,
    0x20, 0x70, 0x72, 0x69, 0x6e, 0x74, 0x66, 0x20, 0x27, 0x5c, 0x6e, 0x2d, 0x2d, 0x2d, 0x20, 0x53,
    0x53, 0x48, 0x20, 0x2d, 0x2d, 0x2d, 0x5c, 0x6e, 0x27, 0x0a, 0x20, 0x20, 0x69, 0x66, 0x20, 0x5b,
    0x5b, 0x20, 0x2d, 0x78, 0x20, 0x2f, 0x75, 0x73, 0x72, 0x2f, 0x73, 0x62, 0x69, 0x6e, 0x2f, 0x73,
    0x73, 0x68, 0x64, 0x20, 0x5d, 0x5d, 0x3b, 0x20, 0x74, 0x68, 0x65, 0x6e, 0x0a, 0x20, 0x20, 0x20,
    0x20, 0x73, 0x73, 0x68, 0x5f, 0x73, 0x74, 0x61, 0x74, 0x65, 0x3d, 0x22, 0x24, 0x28, 0x73, 0x79,
    0x73, 0x74, 0x65, 0x6d, 0x63, 0x74, 0x6c, 0x20, 0x69, 0x73, 0x2d, 0x61, 0x63, 0x74, 0x69, 0x76,
    0x65, 0x20, 0x73, 0x73, 0x68, 0x20, 0x32, 0x3e, 0x2f, 0x64, 0x65, 0x76, 0x2f, 0x6e, 0x75, 0x6c,
    0x6c, 0x20, 0x7c, 0x7c, 0x20, 0x74, 0x72, 0x75, 0x65, 0x29, 0x22, 0x0a, 0x20, 0x20, 0x20, 0x20,
    0x6c, 0x6f, 0x63, 0x61, 0x6c, 0x20, 0x73, 0x73, 0x68, 0x5f, 0x65, 0x66, 0x66, 0x65, 0x63, 0x74,
    0x69, 0x76, 0x65, 0x3d, 0x22, 0x22, 0x0a, 0x20, 0x20, 0x20, 0x20, 0x73, 0x73, 0x68, 0x5f, 0x65,
    0x66, 0x66, 0x65, 0x63, 0x74, 0x69, 0x76, 0x65, 0x3d, 0x22, 0x24, 0x28, 0x2f, 0x75, 0x73, 0x72,
    0x2f, 0x73, 0x62, 0x69, 0x6e, 0x2f, 0x73, 0x73, 0x68, 0x64, 0x20, 0x2d, 0x54, 0x20, 0x2d, 0x43,
    0x20, 0x75, 0x73, 0x65, 0x72, 0x3d, 0x72, 0x6f, 0x6f, 0x74, 0x2c, 0x68, 0x6f, 0x73, 0x74, 0x3d,
    0x6c, 0x6f, 0x63, 0x61, 0x6c, 0x68, 0x6f, 0x73, 0x74, 0x2c, 0x61, 0x64, 0x64, 0x72, 0x3d, 0x31,
    0x32, 0x37, 0x2e, 0x30, 0x2e, 0x30, 0x2e, 0x31, 0x20, 0x32, 0x3e, 0x2f, 0x64, 0x65, 0x76, 0x2f,
    0x6e, 0x75, 0x6c, 0x6c, 0x20, 0x7c, 0x7c, 0x20, 0x74, 0x72, 0x75, 0x65, 0x29, 0x22, 0x0a, 0x20,
    0x20, 0x20, 0x20, 0x73, 0x73, 0x68, 0x5f, 0x72, 0x6f, 0x6f, 0x74, 0x3d, 0x22, 0x24, 0x28, 0x70,
    0x72, 0x69, 0x6e, 0x74, 0x66, 0x20, 0x27, 0x25, 0x73, 0x5c, 0x6e, 0x27, 0x20, 0x22, 0x24, 0x73,
    0x73, 0x68, 0x5f, 0x65, 0x66, 0x66, 0x65, 0x63, 0x74, 0x69, 0x76, 0x65, 0x22, 0x20, 0x7c, 0x20,
    0x61, 0x77, 0x6b, 0x20, 0x27, 0x24, 0x31, 0x3d, 0x3d, 0x22, 0x70, 0x65, 0x72, 0x6d, 0x69, 0x74,
    0x72, 0x6f, 0x6f, 0x74, 0x6c, 0x6f, 0x67, 0x69, 0x6e, 0x22, 0x20, 0x7b, 0x76, 0x61, 0x6c, 0x75,
    0x65, 0x3d, 0x24, 0x32, 0x7d, 0x20, 0x45, 0x4e, 0x44, 0x20, 0x7b, 0x70, 0x72, 0x69, 0x6e, 0x74,
    0x20, 0x76, 0x61, 0x6c, 0x75, 0x65, 0x7d, 0x27, 0x29, 0x22, 0x0a, 0x20, 0x20, 0x20, 0x20, 0x73,
    0x73, 0x68, 0x5f, 0x70, 0x75, 0x62, 0x6b, 0x65, 0x79, 0x3d, 0x22, 0x24, 0x28, 0x70, 0x72, 0x69,
    0x6e, 0x74, 0x66, 0x20, 0x27, 0x25, 0x73, 0x5c, 0x6e, 0x27, 0x20, 0x22, 0x24, 0x73, 0x73, 0x68,
    0x5f, 0x65, 0x66, 0x66, 0x65, 0x63, 0x74, 0x69, 0x76, 0x65, 0x22, 0x20, 0x7c, 0x20, 0x61, 0x77,
    0x6b, 0x20, 0x27, 0x24, 0x31, 0x3d, 0x3d, 0x22, 0x70, 0x75, 0x62, 0x6b, 0x65, 0x79, 0x61, 0x75,
    0x74, 0x68, 0x65, 0x6e, 0x74, 0x69, 0x63, 0x61, 0x74, 0x69, 0x6f, 0x6e, 0x22, 0x20, 0x7b, 0x76,
    0x61, 0x6c, 0x75, 0x65, 0x3d, 0x24, 0x32, 0x7d, 0x20, 0x45, 0x4e, 0x44, 0x20, 0x7b, 0x70, 0x72,
    0x69, 0x6e, 0x74, 0x20, 0x76, 0x61, 0x6c, 0x75, 0x65, 0x7d, 0x27, 0x29, 0x22, 0x0a, 0x20, 0x20,
    0x20, 0x20, 0x69, 0x66, 0x20, 0x5b, 0x5b, 0x20, 0x22, 0x24, 0x73, 0x73, 0x68, 0x5f, 0x73, 0x74,
    0x61, 0x74, 0x65, 0x22, 0x20, 0x3d, 0x3d, 0x20, 0x22, 0x61, 0x63, 0x74, 0x69, 0x76, 0x65, 0x22,
    0x20, 0x5d, 0x5d, 0x3b, 0x20, 0x74, 0x68, 0x65, 0x6e, 0x0a, 0x20, 0x20, 0x20, 0x20, 0x20, 0x20,
    0x68, 0x65, 0x61, 0x6c, 0x74, 0x68, 0x5f, 0x73, 0x74, 0x61, 0x74, 0x75, 0x73, 0x20, 0x22, 0x53,
    0x53, 0x48, 0x20, 0x73, 0x65, 0x72, 0x76, 0x69, 0x63, 0x65, 0x22, 0x20, 0x22, 0x4f, 0x4b, 0x22,
    0x20, 0x22, 0x61, 0x63, 0x74, 0x69, 0x76, 0x65, 0x22, 0x0a, 0x20, 0x20, 0x20, 0x20, 0x65, 0x6c,
    0x73, 0x65, 0x0a, 0x20, 0x20, 0x20, 0x20, 0x20, 0x20, 0x68, 0x65, 0x61, 0x6c, 0x74, 0x68, 0x5f,
    0x73, 0x74, 0x61, 0x74, 0x75, 0x73, 0x20, 0x22, 0x53, 0x53, 0x48, 0x20, 0x73, 0x65, 0x72, 0x76,
    0x69, 0x63, 0x65, 0x22, 0x20, 0x22, 0x57, 0x41, 0x52, 0x4e, 0x22, 0x20, 0x22, 0x24, 0x7b, 0x73,
    0x73, 0x68, 0x5f, 0x73, 0x74, 0x61, 0x74, 0x65, 0x3a, 0x2d, 0x75, 0x6e, 0x6b, 0x6e, 0x6f, 0x77,
    0x6e, 0x7d, 0x22, 0x0a, 0x20, 0x20, 0x20, 0x20, 0x66, 0x69, 0x0a, 0x20, 0x20, 0x20, 0x20, 0x69,
    0x66, 0x20, 0x5b, 0x5b, 0x20, 0x22, 0x24, 0x73, 0x73, 0x68, 0x5f, 0x72, 0x6f, 0x6f, 0x74, 0x22,
    0x20, 0x3d, 0x3d, 0x20, 0x22, 0x70, 0x72, 0x6f, 0x68, 0x69, 0x62, 0x69, 0x74, 0x2d, 0x70, 0x61,
    0x73, 0x73, 0x77, 0x6f, 0x72, 0x64, 0x22, 0x20, 0x7c, 0x7c, 0x20, 0x22, 0x24, 0x73, 0x73, 0x68,
    0x5f, 0x72, 0x6f, 0x6f, 0x74, 0x22, 0x20, 0x3d, 0x3d, 0x20, 0x22, 0x77, 0x69, 0x74, 0x68, 0x6f,
    0x75, 0x74, 0x2d, 0x70, 0x61, 0x73, 0x73, 0x77, 0x6f, 0x72, 0x64, 0x22, 0x20, 0x5d, 0x5d, 0x3b,
    0x20, 0x74, 0x68, 0x65, 0x6e, 0x0a, 0x20, 0x20, 0x20, 0x20, 0x20, 0x20, 0x68, 0x65, 0x61, 0x6c,
    0x74, 0x68, 0x5f, 0x73, 0x74, 0x61, 0x74, 0x75, 0x73, 0x20, 0x22, 0x72, 0x6f, 0x6f, 0x74, 0x20,
    0x53, 0x53, 0x48, 0x20, 0x70, 0x6f, 0x6c, 0x69, 0x63, 0x79, 0x22, 0x20, 0x22, 0x4f, 0x4b, 0x22,
    0x20, 0x22, 0x50, 0x65, 0x72, 0x6d, 0x69, 0x74, 0x52, 0x6f, 0x6f, 0x74, 0x4c, 0x6f, 0x67, 0x69,
    0x6e, 0x3d, 0x24, 0x73, 0x73, 0x68, 0x5f, 0x72, 0x6f, 0x6f, 0x74, 0x22, 0x0a, 0x20, 0x20, 0x20,
    0x20, 0x65, 0x6c, 0x73, 0x65, 0x0a, 0x20, 0x20, 0x20, 0x20, 0x20, 0x20, 0x68, 0x65, 0x61, 0x6c,
    0x74, 0x68, 0x5f, 0x73, 0x74, 0x61, 0x74, 0x75, 0x73, 0x20, 0x22, 0x72, 0x6f, 0x6f, 0x74, 0x20,
    0x53, 0x53, 0x48, 0x20, 0x70, 0x6f, 0x6c, 0x69, 0x63, 0x79, 0x22, 0x20, 0x22, 0x57, 0x41, 0x52,
    0x4e, 0x22, 0x20, 0x22, 0x50, 0x65, 0x72, 0x6d, 0x69, 0x74, 0x52, 0x6f, 0x6f, 0x74, 0x4c, 0x6f,
    0x67, 0x69, 0x6e, 0x3d, 0x24, 0x7b, 0x73, 0x73, 0x68, 0x5f, 0x72, 0x6f, 0x6f, 0x74, 0x3a, 0x2d,
    0x75, 0x6e, 0x6b, 0x6e, 0x6f, 0x77, 0x6e, 0x7d, 0x22, 0x0a, 0x20, 0x20, 0x20, 0x20, 0x66, 0x69,
    0x0a, 0x20, 0x20, 0x20, 0x20, 0x68, 0x65, 0x61, 0x6c, 0x74, 0x68, 0x5f, 0x73, 0x74, 0x61, 0x74,
    0x75, 0x73, 0x20, 0x22, 0x53, 0x53, 0x48, 0x20, 0x70, 0x75, 0x62, 0x6b, 0x65, 0x79, 0x20, 0x61,
    0x75, 0x74, 0x68, 0x22, 0x20, 0x22, 0x24, 0x28, 0x5b, 0x5b, 0x20, 0x22, 0x24, 0x73, 0x73, 0x68,
    0x5f, 0x70, 0x75, 0x62, 0x6b, 0x65, 0x79, 0x22, 0x20, 0x3d, 0x3d, 0x20, 0x22, 0x79, 0x65, 0x73,
    0x22, 0x20, 0x5d, 0x5d, 0x20, 0x26, 0x26, 0x20, 0x70, 0x72, 0x69, 0x6e, 0x74, 0x66, 0x20, 0x4f,
    0x4b, 0x20, 0x7c, 0x7c, 0x20, 0x70, 0x72, 0x69, 0x6e, 0x74, 0x66, 0x20, 0x57, 0x41, 0x52, 0x4e,
    0x29, 0x22, 0x20, 0x22, 0x50, 0x75, 0x62, 0x6b, 0x65, 0x79, 0x41, 0x75, 0x74, 0x68, 0x65, 0x6e,
    0x74, 0x69, 0x63, 0x61, 0x74, 0x69, 0x6f, 0x6e, 0x3d, 0x24, 0x7b, 0x73, 0x73, 0x68, 0x5f, 0x70,
    0x75, 0x62, 0x6b, 0x65, 0x79, 0x3a, 0x2d, 0x75, 0x6e, 0x6b, 0x6e, 0x6f, 0x77, 0x6e, 0x7d, 0x22,
    0x0a, 0x20, 0x20, 0x20, 0x20, 0x69, 0x66, 0x20, 0x28, 0x28, 0x20, 0x44, 0x52, 0x59, 0x5f, 0x52,
    0x55, 0x4e, 0x20, 0x29, 0x29, 0x3b, 0x20, 0x74, 0x68, 0x65, 0x6e, 0x0a, 0x20, 0x20, 0x20, 0x20,
    0x20, 0x20, 0x73, 0x73, 0x68, 0x5f, 0x6b, 0x65, 0x79, 0x5f, 0x73, 0x74, 0x61, 0x74, 0x65, 0x3d,
    0x22, 0xe6, 0x9c, 0xaa, 0xe6, 0xa3, 0x80, 0xe6, 0x9f, 0xa5, 0xef, 0xbc, 0x88, 0x64, 0x72, 0x79,
    0x2d, 0x72, 0x75, 0x6e, 0xef, 0xbc, 0x89, 0x22, 0x0a, 0x20, 0x20, 0x20, 0x20, 0x20, 0x20, 0x68,
    0x65, 0x61, 0x6c, 0x74, 0x68, 0x5f, 0x73, 0x74, 0x61, 0x74, 0x75, 0x73, 0x20, 0x22, 0x61, 0x64,
    0x6d, 0x69, 0x6e, 0x40, 0x6e, 0x6f, 0x63, 0x2e, 0x69, 0x6d, 0x20, 0x6b, 0x65, 0x79, 0x22, 0x20,
    0x22, 0x49, 0x4e, 0x46, 0x4f, 0x22, 0x20, 0x22, 0x24, 0x73, 0x73, 0x68, 0x5f, 0x6b, 0x65, 0x79,
    0x5f, 0x73, 0x74, 0x61, 0x74, 0x65, 0x22, 0x0a, 0x20, 0x20, 0x20, 0x20, 0x65, 0x6c, 0x69, 0x66,
    0x20, 0x61, 0x73, 0x5f, 0x72, 0x6f, 0x6f, 0x74, 0x20, 0x67, 0x72, 0x65, 0x70, 0x20, 0x2d, 0x46,
    0x71, 0x78, 0x20, 0x2d, 0x2d, 0x20, 0x22, 0x24, 0x44, 0x45, 0x46, 0x41, 0x55, 0x4c, 0x54, 0x5f,
    0x52, 0x4f, 0x4f, 0x54, 0x5f, 0x53, 0x53, 0x48, 0x5f, 0x4b, 0x45, 0x59, 0x22, 0x20, 0x2f, 0x72,
    0x6f, 0x6f, 0x74, 0x2f, 0x2e, 0x73, 0x73, 0x68, 0x2f, 0x61, 0x75, 0x74, 0x68, 0x6f, 0x72, 0x69,
    0x7a, 0x65, 0x64, 0x5f, 0x6b, 0x65, 0x79, 0x73, 0x20, 0x32, 0x3e, 0x2f, 0x64, 0x65, 0x76, 0x2f,
    0x6e, 0x75, 0x6c, 0x6c, 0x3b, 0x20, 0x74, 0x68, 0x65, 0x6e, 0x0a, 0x20, 0x20, 0x20, 0x20, 0x20,
    0x20, 0x68, 0x65, 0x61, 0x6c, 0x74, 0x68, 0x5f, 0x73, 0x74, 0x61, 0x74, 0x75, 0x73, 0x20, 0x22,
    0x61, 0x64, 0x6d, 0x69, 0x6e, 0x40, 0x6e, 0x6f, 0x63, 0x2e, 0x69, 0x6d, 0x20, 0x6b, 0x65, 0x79,
    0x22, 0x20, 0x22, 0x4f, 0x4b, 0x22, 0x20, 0x22, 0xe5, 0xb7, 0xb2, 0xe6, 0x8e, 0x88, 0xe6, 0x9d,
    0x83, 0x20, 0x72, 0x6f, 0x6f, 0x74, 0x22, 0x0a, 0x20, 0x20, 0x20, 0x20, 0x65, 0x6c, 0x73, 0x65,
    0x0a, 0x20, 0x20, 0x20, 0x20, 0x20, 0x20, 0x68, 0x65, 0x61, 0x6c, 0x74, 0x68, 0x5f, 0x73, 0x74,
    0x61, 0x74, 0x75, 0x73, 0x20, 0x22, 0x61, 0x64, 0x6d, 0x69, 0x6e, 0x40, 0x6e, 0x6f, 0x63, 0x2e,
    0x69, 0x6d, 0x20, 0x6b, 0x65, 0x79, 0x22, 0x20, 0x22, 0x4d, 0x49, 0x53, 0x53, 0x22, 0x20, 0x22,
    0xe6, 0x9c, 0xaa, 0xe6, 0x8e, 0x88, 0xe6, 0x9d, 0x83, 0x20, 0x72, 0x6f, 0x6f, 0x74, 0x22, 0x0a,
    0x20, 0x20, 0x20, 0x20, 0x66, 0x69, 0x0a, 0x20, 0x20, 0x65, 0x6c, 0x73, 0x65, 0x0a, 0x20, 0x20,
    0x20, 0x20, 0x68, 0x65, 0x61, 0x6c, 0x74, 0x68, 0x5f, 0x73, 0x74, 0x61, 0x74, 0x75, 0x73, 0x20,
    0x22, 0x4f, 0x70, 0x65, 0x6e, 0x53, 0x53, 0x48, 0x20, 0x53, 0x65, 0x72, 0x76, 0x65, 0x72, 0x22,
    0x20, 0x22, 0x4d, 0x49, 0x53, 0x53, 0x22, 0x20, 0x22, 0xe6, 0x9c, 0xaa, 0xe5, 0xae, 0x89, 0xe8,
    0xa3, 0x85, 0x22, 0x0a, 0x20, 0x20, 0x66, 0x69, 0x0a, 0x0a, 0x20, 0x20, 0x70, 0x72, 0x69, 0x6e,
    0x74, 0x66, 0x20, 0x27, 0x5c, 0x6e, 0x2d, 0x2d, 0x2d, 0x20, 0xe9, 0x98, 0xb2, 0xe7, 0x81, 0xab,
    0xe5, 0xa2, 0x99, 0x20, 0x2d, 0x2d, 0x2d, 0x5c, 0x6e, 0x27, 0x0a, 0x20, 0x20, 0x69, 0x66, 0x20,
    0x63, 0x6f, 0x6d, 0x6d, 0x61, 0x6e, 0x64, 0x20, 0x2d, 0x76, 0x20, 0x75, 0x66, 0x77, 0x20, 0x3e,
    0x2f, 0x64, 0x65, 0x76, 0x2f, 0x6e, 0x75, 0x6c, 0x6c, 0x20, 0x32, 0x3e, 0x26, 0x31, 0x3b, 0x20,
    0x74, 0x68, 0x65, 0x6e, 0x0a, 0x20, 0x20, 0x20, 0x20, 0x61, 0x73, 0x5f, 0x72, 0x6f, 0x6f, 0x74,
    0x20, 0x75, 0x66, 0x77, 0x20, 0x73, 0x74, 0x61, 0x74, 0x75, 0x73, 0x20, 0x32, 0x3e, 0x2f, 0x64,
    0x65, 0x76, 0x2f, 0x6e, 0x75, 0x6c, 0x6c, 0x20, 0x7c, 0x7c, 0x20, 0x74, 0x72, 0x75, 0x65, 0x0a,
    0x20, 0x20, 0x65, 0x6c, 0x73, 0x65, 0x0a, 0x20, 0x20, 0x20, 0x20, 0x68, 0x65, 0x61, 0x6c, 0x74,
    0x68, 0x5f, 0x73, 0x74, 0x61, 0x74, 0x75, 0x73, 0x20, 0x22, 0x55, 0x46, 0x57, 0x22, 0x20, 0x22,
    0x4d, 0x49, 0x53, 0x53, 0x22, 0x20, 0x22, 0xe6, 0x9c, 0xaa, 0xe5, 0xae, 0x89, 0xe8, 0xa3, 0x85,
    0x22, 0x0a, 0x20, 0x20, 0x66, 0x69, 0x0a, 0x7d, 0x0a, 0x0a, 0x65, 0x6e, 0x73, 0x75, 0x72, 0x65,
    0x5f, 0x72, 0x65, 0x71, 0x75, 0x69, 0x72, 0x65, 0x64, 0x5f, 0x67, 0x72, 0x6f, 0x75, 0x70, 0x73,
    0x5f, 0x66, 0x69, 0x78, 0x65, 0x64, 0x28, 0x29, 0x20, 0x7b, 0x0a, 0x20, 0x20, 0x6c, 0x6f, 0x63,
    0x61, 0x6c, 0x20, 0x2d, 0x61, 0x20, 0x67, 0x72, 0x6f, 0x75, 0x70, 0x73, 0x3d, 0x28, 0x61, 0x64,
    0x6d, 0x69, 0x6e, 0x20, 0x73, 0x68, 0x61, 0x72, 0x65, 0x76, 0x69, 0x70, 0x20, 0x70, 0x72, 0x69,
    0x6d, 0x65, 0x76, 0x69, 0x70, 0x20, 0x63, 0x6f, 0x75, 0x72, 0x73, 0x65, 0x76, 0x69, 0x70, 0x20,
    0x6c, 0x61, 0x62, 0x76, 0x69, 0x70, 0x29, 0x0a, 0x20, 0x20, 0x6c, 0x6f, 0x63, 0x61, 0x6c, 0x20,
    0x2d, 0x61, 0x20, 0x67, 0x69, 0x64, 0x73, 0x3d, 0x28, 0x31, 0x31, 0x30, 0x20, 0x33, 0x30, 0x30,
    0x30, 0x32, 0x20, 0x33, 0x30, 0x30, 0x30, 0x33, 0x20, 0x33, 0x30, 0x30, 0x30, 0x34, 0x20, 0x33,
    0x30, 0x30, 0x30, 0x35, 0x29, 0x0a, 0x20, 0x20, 0x6c, 0x6f, 0x63, 0x61, 0x6c, 0x20, 0x69, 0x20,
    0x67, 0x72, 0x6f, 0x75, 0x70, 0x20, 0x67, 0x69, 0x64, 0x20, 0x65, 0x78, 0x69, 0x73, 0x74, 0x69,
    0x6e, 0x67, 0x5f, 0x67, 0x69, 0x64, 0x20, 0x75, 0x73, 0x65, 0x64, 0x5f, 0x62, 0x79, 0x0a, 0x0a,
    0x20, 0x20, 0x66, 0x6f, 0x72, 0x20, 0x69, 0x20, 0x69, 0x6e, 0x20, 0x22, 0x24, 0x7b, 0x21, 0x67,
    0x72, 0x6f, 0x75, 0x70, 0x73, 0x5b, 0x40, 0x5d, 0x7d, 0x22, 0x3b, 0x20, 0x64, 0x6f, 0x0a, 0x20,
    0x20, 0x20, 0x20, 0x67, 0x72, 0x6f, 0x75, 0x70, 0x3d, 0x22, 0x24, 0x7b, 0x67, 0x72, 0x6f, 0x75,
    0x70, 0x73, 0x5b, 0x24, 0x69, 0x5d, 0x7d, 0x22, 0x0a, 0x20, 0x20, 0x20, 0x20, 0x67, 0x69, 0x64,
    0x3d, 0x22, 0x24, 0x7b, 0x67, 0x69, 0x64, 0x73, 0x5b, 0x24, 0x69, 0x5d, 0x7d, 0x22, 0x0a, 0x20,
    0x20, 0x20, 0x20, 0x69, 0x66, 0x20, 0x67, 0x65, 0x74, 0x65, 0x6e, 0x74, 0x20, 0x67, 0x72, 0x6f,
    0x75, 0x70, 0x20, 0x22, 0x24, 0x67, 0x72, 0x6f, 0x75, 0x70, 0x22, 0x20, 0x3e, 0x2f, 0x64, 0x65,
    0x76, 0x2f, 0x6e, 0x75, 0x6c, 0x6c, 0x20, 0x32, 0x3e, 0x26, 0x31, 0x3b, 0x20, 0x74, 0x68, 0x65,
    0x6e, 0x0a, 0x20, 0x20, 0x20, 0x20, 0x20, 0x20, 0x65, 0x78, 0x69, 0x73, 0x74, 0x69, 0x6e, 0x67,
    0x5f, 0x67, 0x69, 0x64, 0x3d, 0x22, 0x24, 0x28, 0x67, 0x65, 0x74, 0x65, 0x6e, 0x74, 0x20, 0x67,
    0x72, 0x6f, 0x75, 0x70, 0x20, 0x22, 0x24, 0x67, 0x72, 0x6f, 0x75, 0x70, 0x22, 0x20, 0x7c, 0x20,
    0x63, 0x75, 0x74, 0x20, 0x2d, 0x64, 0x3a, 0x20, 0x2d, 0x66, 0x33, 0x29, 0x22, 0x0a, 0x20, 0x20,
    0x20, 0x20, 0x20, 0x20, 0x5b, 0x5b, 0x20, 0x22, 0x24, 0x65, 0x78, 0x69, 0x73, 0x74, 0x69, 0x6e,
    0x67, 0x5f, 0x67, 0x69, 0x64, 0x22, 0x20, 0x3d, 0x3d, 0x20, 0x22, 0x24, 0x67, 0x69, 0x64, 0x22,
    0x20, 0x5d, 0x5d, 0x20, 0x7c, 0x7c, 0x20, 0x7b, 0x0a, 0x20, 0x20, 0x20, 0x20, 0x20, 0x20, 0x20,
    0x20, 0x77, 0x61, 0x72, 0x6e, 0x20, 0x22, 0xe7, 0xbb, 0x84, 0x20, 0x24, 0x67, 0x72, 0x6f, 0x75,
    0x70, 0x20, 0xe7, 0x9a, 0x84, 0x20, 0x47, 0x49, 0x44, 0x3d, 0x24, 0x65, 0x78, 0x69, 0x73, 0x74,
    0x69, 0x6e, 0x67, 0x5f, 0x67, 0x69, 0x64, 0xef, 0xbc, 0x8c, 0xe9, 0xa2, 0x84, 0xe6, 0x9c, 0x9f,
    0x3d, 0x24, 0x67, 0x69, 0x64, 0xef, 0xbc, 0x9b, 0xe5, 0x81, 0x9c, 0xe6, 0xad, 0xa2, 0xe4, 0xb8,
    0x80, 0xe9, 0x94, 0xae, 0xe6, 0xb5, 0x81, 0xe7, 0xa8, 0x8b, 0xe3, 0x80, 0x82, 0x22, 0x0a, 0x20,
    0x20, 0x20, 0x20, 0x20, 0x20, 0x20, 0x20, 0x72, 0x65, 0x74, 0x75, 0x72, 0x6e, 0x20, 0x31, 0x0a,
    0x20, 0x20, 0x20, 0x20, 0x20, 0x20, 0x7d, 0x0a, 0x20, 0x20, 0x20, 0x20, 0x65, 0x6c, 0x73, 0x65,
    0x0a, 0x20, 0x20, 0x20, 0x20, 0x20, 0x20, 0x75, 0x73, 0x65, 0x64, 0x5f, 0x62, 0x79, 0x3d, 0x22,
    0x24, 0x28, 0x67, 0x65, 0x74, 0x65, 0x6e, 0x74, 0x20, 0x67, 0x72, 0x6f, 0x75, 0x70, 0x20, 0x22,
    0x24, 0x67, 0x69, 0x64, 0x22, 0x20, 0x32, 0x3e, 0x2f, 0x64, 0x65, 0x76, 0x2f, 0x6e, 0x75, 0x6c,
    0x6c, 0x20, 0x7c, 0x20, 0x63, 0x75, 0x74, 0x20, 0x2d, 0x64, 0x3a, 0x20, 0x2d, 0x66, 0x31, 0x20,
    0x7c, 0x7c, 0x20, 0x74, 0x72, 0x75, 0x65, 0x29, 0x22, 0x0a, 0x20, 0x20, 0x20, 0x20, 0x20, 0x20,
    0x5b, 0x5b, 0x20, 0x2d, 0x7a, 0x20, 0x22, 0x24, 0x75, 0x73, 0x65, 0x64, 0x5f, 0x62, 0x79, 0x22,
    0x20, 0x5d, 0x5d, 0x20, 0x7c, 0x7c, 0x20, 0x7b, 0x20, 0x77, 0x61, 0x72, 0x6e, 0x20, 0x22, 0x47,
    0x49, 0x44, 0x20, 0x24, 0x67, 0x69, 0x64, 0x20, 0xe5, 0xb7, 0xb2, 0xe8, 0xa2, 0xab, 0xe7, 0xbb,
    0x84, 0x20, 0x24, 0x75, 0x73, 0x65, 0x64, 0x5f, 0x62, 0x79, 0x20, 0xe5, 0x8d, 0xa0, 0xe7, 0x94,
    0xa8, 0xe3, 0x80, 0x82, 0x22, 0x3b, 0x20, 0x72, 0x65, 0x74, 0x75, 0x72, 0x6e, 0x20, 0x31, 0x3b,
    0x20, 0x7d, 0x0a, 0x20, 0x20, 0x20, 0x20, 0x20, 0x20, 0x61, 0x73, 0x5f, 0x72, 0x6f, 0x6f, 0x74,
    0x20, 0x67, 0x72, 0x6f, 0x75, 0x70, 0x61, 0x64, 0x64, 0x20, 0x2d, 0x67, 0x20, 0x22, 0x24, 0x67,
    0x69, 0x64, 0x22, 0x20, 0x22, 0x24, 0x67, 0x72, 0x6f, 0x75, 0x70, 0x22, 0x0a, 0x20, 0x20, 0x20,
    0x20, 0x66, 0x69, 0x0a, 0x20, 0x20, 0x64, 0x6f, 0x6e, 0x65, 0x0a, 0x20, 0x20, 0x6c, 0x6f, 0x67,
    0x20, 0x22, 0xe5, 0x9b, 0xba, 0xe5, 0xae, 0x9a, 0xe7, 0x94, 0xa8, 0xe6, 0x88, 0xb7, 0xe7, 0xbb,
    0x84, 0xe6, 0xa3, 0x80, 0xe6, 0x9f, 0xa5, 0xe5, 0xae, 0x8c, 0xe6, 0x88, 0x90, 0xe3, 0x80, 0x82,
    0x22, 0x0a, 0x7d, 0x0a, 0x0a, 0x6f, 0x6e, 0x65, 0x5f, 0x63, 0x6c, 0x69, 0x63, 0x6b, 0x5f, 0x62,
    0x6f, 0x6f, 0x74, 0x73, 0x74, 0x72, 0x61, 0x70, 0x28, 0x29, 0x20, 0x7b, 0x0a, 0x20, 0x20, 0x6c,
    0x6f, 0x63, 0x61, 0x6c, 0x20, 0x72, 0x5f, 0x74, 0x61, 0x72, 0x67, 0x65, 0x74, 0x20, 0x63, 0x6f,
    0x6e, 0x64, 0x61, 0x5f, 0x63, 0x68, 0x6f, 0x69, 0x63, 0x65, 0x0a, 0x0a, 0x20, 0x20, 0x70, 0x72,
    0x69, 0x6e, 0x74, 0x66, 0x20, 0x27, 0x5c, 0x6e, 0x3d, 0x3d, 0x3d, 0x3d, 0x3d, 0x3d, 0x3d, 0x3d,
    0x3d, 0x3d, 0x3d, 0x3d, 0x3d, 0x3d, 0x3d, 0x3d, 0x3d, 0x3d, 0x3d, 0x3d, 0x3d, 0x3d, 0x3d, 0x3d,
    0x3d, 0x3d, 0x3d, 0x3d, 0x3d, 0x3d, 0x3d, 0x3d, 0x3d, 0x3d, 0x3d, 0x3d, 0x3d, 0x3d, 0x3d, 0x3d,
    0x3d, 0x3d, 0x3d, 0x3d, 0x3d, 0x3d, 0x3d, 0x3d, 0x3d, 0x3d, 0x3d, 0x3d, 0x3d, 0x3d, 0x3d, 0x3d,
    0x3d, 0x3d, 0x3d, 0x3d, 0x5c, 0x6e, 0x27, 0x0a, 0x20, 0x20, 0x70, 0x72, 0x69, 0x6e, 0x74, 0x66,
    0x20, 0x27, 0x20, 0xe4, 0xb8, 0x80, 0xe9, 0x94, 0xae, 0xe6, 0x9c, 0x8d, 0xe5, 0x8a, 0xa1, 0xe5,
    0x99, 0xa8, 0xe5, 0xbc, 0x80, 0xe5, 0xb1, 0x80, 0x5c, 0x6e, 0x27, 0x0a, 0x20, 0x20, 0x70, 0x72,
    0x69, 0x6e, 0x74, 0x66, 0x20, 0x27, 0x3d, 0x3d, 0x3d, 0x3d, 0x3d, 0x3d, 0x3d, 0x3d, 0x3d, 0x3d,
    0x3d, 0x3d, 0x3d, 0x3d, 0x3d, 0x3d, 0x3d, 0x3d, 0x3d, 0x3d, 0x3d, 0x3d, 0x3d, 0x3d, 0x3d, 0x3d,
    0x3d, 0x3d, 0x3d, 0x3d, 0x3d, 0x3d, 0x3d, 0x3d, 0x3d, 0x3d, 0x3d, 0x3d, 0x3d, 0x3d, 0x3d, 0x3d,
    0x3d, 0x3d, 0x3d, 0x3d, 0x3d, 0x3d, 0x3d, 0x3d, 0x3d, 0x3d, 0x3d, 0x3d, 0x3d, 0x3d, 0x3d, 0x3d,
    0x3d, 0x3d, 0x5c, 0x6e, 0x27, 0x0a, 0x20, 0x20, 0x70, 0x72, 0x69, 0x6e, 0x74, 0x66, 0x20, 0x27,
    0xe9, 0xbb, 0x98, 0xe8, 0xae, 0xa4, 0xe6, 0x89, 0xa7, 0xe8, 0xa1, 0x8c, 0xef, 0xbc, 0x9a, 0xe6,
    0x97, 0xb6, 0xe5, 0x8c, 0xba, 0x2f, 0x4e, 0x54, 0x50, 0xe3, 0x80, 0x81, 0xe5, 0x9f, 0xba, 0xe7,
    0xa1, 0x80, 0xe5, 0xb7, 0xa5, 0xe5, 0x85, 0xb7, 0xe3, 0x80, 0x81, 0xe5, 0xbc, 0x80, 0xe5, 0x8f,
    0x91, 0xe7, 0x8e, 0xaf, 0xe5, 0xa2, 0x83, 0xe3, 0x80, 0x81, 0x44, 0x6f, 0x63, 0x6b, 0x65, 0x72,
    0xe3, 0x80, 0x81, 0xe5, 0x9b, 0xba, 0xe5, 0xae, 0x9a, 0xe7, 0x94, 0xa8, 0xe6, 0x88, 0xb7, 0xe7,
    0xbb, 0x84, 0xe3, 0x80, 0x81, 0x52, 0xe3, 0x80, 0x82, 0x5c, 0x6e, 0x27, 0x0a, 0x20, 0x20, 0x70,
    0x72, 0x69, 0x6e, 0x74, 0x66, 0x20, 0x27, 0x52, 0x20, 0xe9, 0xbb, 0x98, 0xe8, 0xae, 0xa4, 0xe5,
    0xae, 0x89, 0xe8, 0xa3, 0x85, 0xe6, 0x9c, 0x80, 0xe6, 0x96, 0xb0, 0xe6, 0xad, 0xa3, 0xe5, 0xbc,
    0x8f, 0xe7, 0x89, 0x88, 0x20, 0x72, 0x65, 0x6c, 0x65, 0x61, 0x73, 0x65, 0xef, 0xbc, 0x9b, 0xe4,
    0xb9, 0x9f, 0xe5, 0x8f, 0xaf, 0xe4, 0xbb, 0xa5, 0xe8, 0xbe, 0x93, 0xe5, 0x85, 0xa5, 0xe5, 0x85,
    0xb7, 0xe4, 0xbd, 0x93, 0xe7, 0x89, 0x88, 0xe6, 0x9c, 0xac, 0xef, 0xbc, 0x8c, 0xe4, 0xbe, 0x8b,
    0xe5, 0xa6, 0x82, 0x20, 0x34, 0x2e, 0x35, 0x2e, 0x33, 0xe3, 0x80, 0x82, 0x5c, 0x6e, 0x27, 0x0a,
    0x20, 0x20, 0x70, 0x72, 0x69, 0x6e, 0x74, 0x66, 0x20, 0x27, 0x6d, 0x65, 0x74, 0x61, 0x57, 0x52,
    0x41, 0x50, 0x20, 0xe4, 0xb8, 0x8d, 0xe4, 0xbc, 0x9a, 0xe5, 0x9c, 0xa8, 0xe4, 0xb8, 0x80, 0xe9,
    0x94, 0xae, 0xe5, 0xbc, 0x80, 0xe5, 0xb1, 0x80, 0xe4, 0xb8, 0xad, 0xe8, 0x87, 0xaa, 0xe5, 0x8a,
    0xa8, 0xe5, 0x88, 0x9b, 0xe5, 0xbb, 0xba, 0xe3, 0x80, 0x82, 0x5c, 0x6e, 0x27, 0x0a, 0x20, 0x20,
    0x70, 0x72, 0x69, 0x6e, 0x74, 0x66, 0x20, 0x27, 0xe6, 0x95, 0xb0, 0xe6, 0x8d, 0xae, 0xe7, 0x9b,
    0x98, 0xe3, 0x80, 0x81, 0x55, 0x46, 0x57, 0xe3, 0x80, 0x81, 0x52, 0x53, 0x74, 0x75, 0x64, 0x69,
    0x6f, 0xe3, 0x80, 0x81, 0x43, 0x6f, 0x6e, 0x64, 0x61, 0x2f, 0x4d, 0x61, 0x6d, 0x62, 0x61, 0xe3,
    0x80, 0x81, 0x52, 0x6f, 0x6f, 0x74, 0x20, 0x53, 0x53, 0x48, 0x20, 0xe5, 0x9c, 0xa8, 0xe6, 0xb5,
    0x81, 0xe7, 0xa8, 0x8b, 0xe4, 0xb8, 0xad, 0xe6, 0x8c, 0x89, 0xe9, 0x9c, 0x80, 0xe7, 0xa1, 0xae,
    0xe8, 0xae, 0xa4, 0xe3, 0x80, 0x82, 0x5c, 0x6e, 0x27, 0x0a, 0x0a, 0x20, 0x20, 0x72, 0x65, 0x61,
    0x64, 0x20, 0x2d, 0x72, 0x20, 0x2d, 0x70, 0x20, 0x22, 0x52, 0x20, 0xe7, 0x89, 0x88, 0xe6, 0x9c,
    0xac, 0x20, 0x5b, 0x72, 0x65, 0x6c, 0x65, 0x61, 0x73, 0x65, 0x5d, 0x3a, 0x20, 0x22, 0x20, 0x72,
    0x5f, 0x74, 0x61, 0x72, 0x67, 0x65, 0x74, 0x0a, 0x20, 0x20, 0x72, 0x5f, 0x74, 0x61, 0x72, 0x67,
    0x65, 0x74, 0x3d, 0x22, 0x24, 0x7b, 0x72, 0x5f, 0x74, 0x61, 0x72, 0x67, 0x65, 0x74, 0x3a, 0x2d,
    0x72, 0x65, 0x6c, 0x65, 0x61, 0x73, 0x65, 0x7d, 0x22, 0x0a, 0x20, 0x20, 0x5b, 0x5b, 0x20, 0x22,
    0x24, 0x72, 0x5f, 0x74, 0x61, 0x72, 0x67, 0x65, 0x74, 0x22, 0x20, 0x3d, 0x7e, 0x20, 0x5e, 0x28,
    0x72, 0x65, 0x6c, 0x65, 0x61, 0x73, 0x65, 0x7c, 0x6f, 0x6c, 0x64, 0x72, 0x65, 0x6c, 0x7c, 0x64,
    0x65, 0x76, 0x65, 0x6c, 0x7c, 0x6e, 0x65, 0x78, 0x74, 0x7c, 0x5b, 0x30, 0x2d, 0x39, 0x5d, 0x2b,
    0x5c, 0x2e, 0x5b, 0x30, 0x2d, 0x39, 0x5d, 0x2b, 0x28, 0x5c, 0x2e, 0x5b, 0x30, 0x2d, 0x39, 0x5d,
    0x2b, 0x29, 0x3f, 0x29, 0x24, 0x20, 0x5d, 0x5d, 0x20, 0x7c, 0x7c, 0x20, 0x7b, 0x0a, 0x20, 0x20,
    0x20, 0x20, 0x77, 0x61, 0x72, 0x6e, 0x20, 0x22, 0x52, 0x20, 0xe7, 0x89, 0x88, 0xe6, 0x9c, 0xac,
    0xe6, 0xa0, 0xbc, 0xe5, 0xbc, 0x8f, 0xe4, 0xb8, 0x8d, 0xe5, 0x90, 0x88, 0xe6, 0xb3, 0x95, 0x3a,
    0x20, 0x24, 0x72, 0x5f, 0x74, 0x61, 0x72, 0x67, 0x65, 0x74, 0x22, 0x0a, 0x20, 0x20, 0x20, 0x20,
    0x72, 0x65, 0x74, 0x75, 0x72, 0x6e, 0x20, 0x31, 0x0a, 0x20, 0x20, 0x7d, 0x0a, 0x0a, 0x20, 0x20,
    0x63, 0x6f, 0x6e, 0x66, 0x69, 0x72, 0x6d, 0x20, 0x22, 0xe7, 0xa1, 0xae, 0xe8, 0xae, 0xa4, 0xe5,
    0xbc, 0x80, 0xe5, 0xa7, 0x8b, 0xe4, 0xb8, 0x80, 0xe9, 0x94, 0xae, 0xe6, 0x9c, 0x8d, 0xe5, 0x8a,
    0xa1, 0xe5, 0x99, 0xa8, 0xe5, 0xbc, 0x80, 0xe5, 0xb1, 0x80, 0xef, 0xbc, 0x9f, 0x22, 0x20, 0x7c,
    0x7c, 0x20, 0x7b, 0x20, 0x77, 0x61, 0x72, 0x6e, 0x20, 0x22, 0xe5, 0xb7, 0xb2, 0xe5, 0x8f, 0x96,
    0xe6, 0xb6, 0x88, 0xe3, 0x80, 0x82, 0x22, 0x3b, 0x20, 0x72, 0x65, 0x74, 0x75, 0x72, 0x6e, 0x20,
    0x30, 0x3b, 0x20, 0x7d, 0x0a, 0x0a, 0x20, 0x20, 0x43, 0x55, 0x52, 0x52, 0x45, 0x4e, 0x54, 0x5f,
    0x41, 0x43, 0x54, 0x49, 0x4f, 0x4e, 0x3d, 0x22, 0x62, 0x6f, 0x6f, 0x74, 0x73, 0x74, 0x72, 0x61,
    0x70, 0x20, 0x74, 0x69, 0x6d, 0x65, 0x22, 0x0a, 0x20, 0x20, 0x63, 0x6f, 0x6e, 0x66, 0x69, 0x67,
    0x75, 0x72, 0x65, 0x5f, 0x74, 0x69, 0x6d, 0x65, 0x0a, 0x20, 0x20, 0x43, 0x55, 0x52, 0x52, 0x45,
    0x4e, 0x54, 0x5f, 0x41, 0x43, 0x54, 0x49, 0x4f, 0x4e, 0x3d, 0x22, 0x62, 0x6f, 0x6f, 0x74, 0x73,
    0x74, 0x72, 0x61, 0x70, 0x20, 0x62, 0x61, 0x73, 0x65, 0x20, 0x70, 0x61, 0x63, 0x6b, 0x61, 0x67,
    0x65, 0x73, 0x22, 0x0a, 0x20, 0x20, 0x69, 0x6e, 0x73, 0x74, 0x61, 0x6c, 0x6c, 0x5f, 0x62, 0x61,
    0x73, 0x65, 0x5f, 0x70, 0x61, 0x63, 0x6b, 0x61, 0x67, 0x65, 0x73, 0x0a, 0x20, 0x20, 0x43, 0x55,
    0x52, 0x52, 0x45, 0x4e, 0x54, 0x5f, 0x41, 0x43, 0x54, 0x49, 0x4f, 0x4e, 0x3d, 0x22, 0x62, 0x6f,
    0x6f, 0x74, 0x73, 0x74, 0x72, 0x61, 0x70, 0x20, 0x64, 0x65, 0x76, 0x20, 0x74, 0x6f, 0x6f, 0x6c,
    0x73, 0x22, 0x0a, 0x20, 0x20, 0x69, 0x6e, 0x73, 0x74, 0x61, 0x6c, 0x6c, 0x5f, 0x64, 0x65, 0x76,
    0x5f, 0x74, 0x6f, 0x6f, 0x6c, 0x73, 0x0a, 0x20, 0x20, 0x43, 0x55, 0x52, 0x52, 0x45, 0x4e, 0x54,
    0x5f, 0x41, 0x43, 0x54, 0x49, 0x4f, 0x4e, 0x3d, 0x22, 0x62, 0x6f, 0x6f, 0x74, 0x73, 0x74, 0x72,
    0x61, 0x70, 0x20, 0x64, 0x6f, 0x63, 0x6b, 0x65, 0x72, 0x22, 0x0a, 0x20, 0x20, 0x69, 0x6e, 0x73,
    0x74, 0x61, 0x6c, 0x6c, 0x5f, 0x64, 0x6f, 0x63, 0x6b, 0x65, 0x72, 0x0a, 0x20, 0x20, 0x43, 0x55,
    0x52, 0x52, 0x45, 0x4e, 0x54, 0x5f, 0x41, 0x43, 0x54, 0x49, 0x4f, 0x4e, 0x3d, 0x22, 0x62, 0x6f,
    0x6f, 0x74, 0x73, 0x74, 0x72, 0x61, 0x70, 0x20, 0x67, 0x72, 0x6f, 0x75, 0x70, 0x73, 0x22, 0x0a,
    0x20, 0x20, 0x65, 0x6e, 0x73, 0x75, 0x72, 0x65, 0x5f, 0x72, 0x65, 0x71, 0x75, 0x69, 0x72, 0x65,
    0x64, 0x5f, 0x67, 0x72, 0x6f, 0x75, 0x70, 0x73, 0x5f, 0x66, 0x69, 0x78, 0x65, 0x64, 0x0a, 0x20,
    0x20, 0x43, 0x55, 0x52, 0x52, 0x45, 0x4e, 0x54, 0x5f, 0x41, 0x43, 0x54, 0x49, 0x4f, 0x4e, 0x3d,
    0x22, 0x62, 0x6f, 0x6f, 0x74, 0x73, 0x74, 0x72, 0x61, 0x70, 0x20, 0x52, 0x22, 0x0a, 0x20, 0x20,
    0x69, 0x6e, 0x73, 0x74, 0x61, 0x6c, 0x6c, 0x5f, 0x72, 0x5f, 0x66, 0x6f, 0x72, 0x5f, 0x62, 0x6f,
    0x6f, 0x74, 0x73, 0x74, 0x72, 0x61, 0x70, 0x20, 0x22, 0x24, 0x72, 0x5f, 0x74, 0x61, 0x72, 0x67,
    0x65, 0x74, 0x22, 0x0a, 0x0a, 0x20, 0x20, 0x69, 0x66, 0x20, 0x63, 0x6f, 0x6e, 0x66, 0x69, 0x72,
    0x6d, 0x20, 0x22, 0xe7, 0x8e, 0xb0, 0xe5, 0x9c, 0xa8, 0xe5, 0x88, 0x9d, 0xe5, 0xa7, 0x8b, 0xe5,
    0x8c, 0x96, 0x20, 0x2f, 0x64, 0x61, 0x74, 0x61, 0x5f, 0x64, 0x69, 0x73, 0x6b, 0xef, 0xbc, 0x9f,
    0x22, 0x3b, 0x20, 0x74, 0x68, 0x65, 0x6e, 0x0a, 0x20, 0x20, 0x20, 0x20, 0x43, 0x55, 0x52, 0x52,
    0x45, 0x4e, 0x54, 0x5f, 0x41, 0x43, 0x54, 0x49, 0x4f, 0x4e, 0x3d, 0x22, 0x62, 0x6f, 0x6f, 0x74,
    0x73, 0x74, 0x72, 0x61, 0x70, 0x20, 0x73, 0x74, 0x6f, 0x72, 0x61, 0x67, 0x65, 0x22, 0x0a, 0x20,
    0x20, 0x20, 0x20, 0x73, 0x74, 0x6f, 0x72, 0x61, 0x67, 0x65, 0x5f, 0x77, 0x69, 0x7a, 0x61, 0x72,
    0x64, 0x0a, 0x20, 0x20, 0x66, 0x69, 0x0a, 0x20, 0x20, 0x69, 0x66, 0x20, 0x63, 0x6f, 0x6e, 0x66,
    0x69, 0x72, 0x6d, 0x20, 0x22, 0xe7, 0x8e, 0xb0, 0xe5, 0x9c, 0xa8, 0xe9, 0x85, 0x8d, 0xe7, 0xbd,
    0xae, 0x20, 0x55, 0x46, 0x57, 0xef, 0xbc, 0x9f, 0x22, 0x3b, 0x20, 0x74, 0x68, 0x65, 0x6e, 0x0a,
    0x20, 0x20, 0x20, 0x20, 0x43, 0x55, 0x52, 0x52, 0x45, 0x4e, 0x54, 0x5f, 0x41, 0x43, 0x54, 0x49,
    0x4f, 0x4e, 0x3d, 0x22, 0x62, 0x6f, 0x6f, 0x74, 0x73, 0x74, 0x72, 0x61, 0x70, 0x20, 0x66, 0x69,
    0x72, 0x65, 0x77, 0x61, 0x6c, 0x6c, 0x22, 0x0a, 0x20, 0x20, 0x20, 0x20, 0x63, 0x6f, 0x6e, 0x66,
    0x69, 0x67, 0x75, 0x72, 0x65, 0x5f, 0x66, 0x69, 0x72, 0x65, 0x77, 0x61, 0x6c, 0x6c, 0x0a, 0x20,
    0x20, 0x66, 0x69, 0x0a, 0x20, 0x20, 0x69, 0x66, 0x20, 0x63, 0x6f, 0x6e, 0x66, 0x69, 0x72, 0x6d,
    0x20, 0x22, 0xe7, 0x8e, 0xb0, 0xe5, 0x9c, 0xa8, 0xe5, 0xae, 0x89, 0xe8, 0xa3, 0x85, 0x20, 0x52,
    0x53, 0x74, 0x75, 0x64, 0x69, 0x6f, 0x20, 0x53, 0x65, 0x72, 0x76, 0x65, 0x72, 0xef, 0xbc, 0x9f,
    0x22, 0x20, 0x22, 0x59, 0x22, 0x3b, 0x20, 0x74, 0x68, 0x65, 0x6e, 0x0a, 0x20, 0x20, 0x20, 0x20,
    0x43, 0x55, 0x52, 0x52, 0x45, 0x4e, 0x54, 0x5f, 0x41, 0x43, 0x54, 0x49, 0x4f, 0x4e, 0x3d, 0x22,
    0x62, 0x6f, 0x6f, 0x74, 0x73, 0x74, 0x72, 0x61, 0x70, 0x20, 0x52, 0x53, 0x74, 0x75, 0x64, 0x69,
    0x6f, 0x22, 0x0a, 0x20, 0x20, 0x20, 0x20, 0x69, 0x6e, 0x73, 0x74, 0x61, 0x6c, 0x6c, 0x5f, 0x72,
    0x73, 0x74, 0x75, 0x64, 0x69, 0x6f, 0x0a, 0x20, 0x20, 0x66, 0x69, 0x0a, 0x0a, 0x20, 0x20, 0x70,
    0x72, 0x69, 0x6e, 0x74, 0x66, 0x20, 0x27, 0x5c, 0x6e, 0x43, 0x6f, 0x6e, 0x64, 0x61, 0x2f, 0x4d,
    0x61, 0x6d, 0x62, 0x61, 0x20, 0xe5, 0xbc, 0x80, 0xe5, 0xb1, 0x80, 0xe5, 0xae, 0x89, 0xe8, 0xa3,
    0x85, 0xef, 0xbc, 0x9a, 0x5c, 0x6e, 0x27, 0x0a, 0x20, 0x20, 0x70, 0x72, 0x69, 0x6e, 0x74, 0x66,
    0x20, 0x27, 0x31, 0x29, 0x20, 0xe7, 0xbb, 0x99, 0x20, 0x72, 0x6f, 0x6f, 0x74, 0x20, 0xe5, 0xae,
    0x89, 0xe8, 0xa3, 0x85, 0x20, 0x6d, 0x69, 0x63, 0x72, 0x6f, 0x6d, 0x61, 0x6d, 0x62, 0x61, 0xef,
    0xbc, 0x88, 0xe8, 0x87, 0xaa, 0xe5, 0x8a, 0xa8, 0xe5, 0xae, 0x89, 0xe8, 0xa3, 0x85, 0x20, 0x4d,
    0x69, 0x6e, 0x69, 0x63, 0x6f, 0x6e, 0x64, 0x61, 0x20, 0xe5, 0x89, 0x8d, 0xe7, 0xbd, 0xae, 0xef,
    0xbc, 0x8c, 0xe6, 0x8e, 0xa8, 0xe8, 0x8d, 0x90, 0xef, 0xbc, 0x89, 0x5c, 0x6e, 0x27, 0x0a, 0x20,
    0x20, 0x70, 0x72, 0x69, 0x6e, 0x74, 0x66, 0x20, 0x27, 0x32, 0x29, 0x20, 0x4d, 0x69, 0x6e, 0x69,
    0x66, 0x6f, 0x72, 0x67, 0x65, 0x2f, 0x4d, 0x61, 0x6d, 0x62, 0x61, 0x5c, 0x6e, 0x27, 0x0a, 0x20,
    0x20, 0x70, 0x72, 0x69, 0x6e, 0x74, 0x66, 0x20, 0x27, 0x33, 0x29, 0x20, 0xe8, 0xb7, 0xb3, 0xe8,
    0xbf, 0x87, 0x5c, 0x6e, 0x27, 0x0a, 0x20, 0x20, 0x72, 0x65, 0x61, 0x64, 0x20, 0x2d, 0x72, 0x20,
    0x2d, 0x70, 0x20, 0x22, 0xe9, 0x80, 0x89, 0xe6, 0x8b, 0xa9, 0x20, 0x5b, 0x31, 0x5d, 0x3a, 0x20,
    0x22, 0x20, 0x63, 0x6f, 0x6e, 0x64, 0x61, 0x5f, 0x63, 0x68, 0x6f, 0x69, 0x63, 0x65, 0x0a, 0x20,
    0x20, 0x63, 0x6f, 0x6e, 0x64, 0x61, 0x5f, 0x63, 0x68, 0x6f, 0x69, 0x63, 0x65, 0x3d, 0x22, 0x24,
    0x7b, 0x63, 0x6f, 0x6e, 0x64, 0x61, 0x5f, 0x63, 0x68, 0x6f, 0x69, 0x63, 0x65, 0x3a, 0x2d, 0x31,
    0x7d, 0x22, 0x0a, 0x20, 0x20, 0x63, 0x61, 0x73, 0x65, 0x20, 0x22, 0x24, 0x63, 0x6f, 0x6e, 0x64,
    0x61, 0x5f, 0x63, 0x68, 0x6f, 0x69, 0x63, 0x65, 0x22, 0x20, 0x69, 0x6e, 0x0a, 0x20, 0x20, 0x20,
    0x20, 0x31, 0x29, 0x0a, 0x20, 0x20, 0x20, 0x20, 0x20, 0x20, 0x43, 0x55, 0x52, 0x52, 0x45, 0x4e,
    0x54, 0x5f, 0x41, 0x43, 0x54, 0x49, 0x4f, 0x4e, 0x3d, 0x22, 0x62, 0x6f, 0x6f, 0x74, 0x73, 0x74,
    0x72, 0x61, 0x70, 0x20, 0x72, 0x6f, 0x6f, 0x74, 0x20, 0x6d, 0x69, 0x63, 0x72, 0x6f, 0x6d, 0x61,
    0x6d, 0x62, 0x61, 0x22, 0x0a, 0x20, 0x20, 0x20, 0x20, 0x20, 0x20, 0x69, 0x6e, 0x73, 0x74, 0x61,
    0x6c, 0x6c, 0x5f, 0x6d, 0x69, 0x63, 0x72, 0x6f, 0x6d, 0x61, 0x6d, 0x62, 0x61, 0x5f, 0x66, 0x6f,
    0x72, 0x5f, 0x61, 0x63, 0x63, 0x6f, 0x75, 0x6e, 0x74, 0x20, 0x72, 0x6f, 0x6f, 0x74, 0x0a, 0x20,
    0x20, 0x20, 0x20, 0x20, 0x20, 0x3b, 0x3b, 0x0a, 0x20, 0x20, 0x20, 0x20, 0x32, 0x29, 0x0a, 0x20,
    0x20, 0x20, 0x20, 0x20, 0x20, 0x43, 0x55, 0x52, 0x52, 0x45, 0x4e, 0x54, 0x5f, 0x41, 0x43, 0x54,
    0x49, 0x4f, 0x4e, 0x3d, 0x22, 0x62, 0x6f, 0x6f, 0x74, 0x73, 0x74, 0x72, 0x61, 0x70, 0x20, 0x4d,
    0x69, 0x6e, 0x69, 0x66, 0x6f, 0x72, 0x67, 0x65, 0x22, 0x0a, 0x20, 0x20, 0x20, 0x20, 0x20, 0x20,
    0x69, 0x6e, 0x73, 0x74, 0x61, 0x6c, 0x6c, 0x5f, 0x6d, 0x69, 0x6e, 0x69, 0x66, 0x6f, 0x72, 0x67,
    0x65, 0x0a, 0x20, 0x20, 0x20, 0x20, 0x20, 0x20, 0x3b, 0x3b, 0x0a, 0x20, 0x20, 0x20, 0x20, 0x33,
    0x29, 0x20, 0x3b, 0x3b, 0x0a, 0x20, 0x20, 0x20, 0x20, 0x2a, 0x29, 0x20, 0x77, 0x61, 0x72, 0x6e,
    0x20, 0x22, 0xe6, 0x97, 0xa0, 0xe6, 0x95, 0x88, 0xe9, 0x80, 0x89, 0xe6, 0x8b, 0xa9, 0xef, 0xbc,
    0x8c, 0xe8, 0xb7, 0xb3, 0xe8, 0xbf, 0x87, 0x20, 0x43, 0x6f, 0x6e, 0x64, 0x61, 0x2f, 0x4d, 0x61,
    0x6d, 0x62, 0x61, 0xe3, 0x80, 0x82, 0x22, 0x20, 0x3b, 0x3b, 0x0a, 0x20, 0x20, 0x65, 0x73, 0x61,
    0x63, 0x0a, 0x0a, 0x20, 0x20, 0x69, 0x66, 0x20, 0x63, 0x6f, 0x6e, 0x66, 0x69, 0x72, 0x6d, 0x20,
    0x22, 0xe7, 0x8e, 0xb0, 0xe5, 0x9c, 0xa8, 0xe9, 0x85, 0x8d, 0xe7, 0xbd, 0xae, 0x20, 0x72, 0x6f,
    0x6f, 0x74, 0x20, 0x53, 0x53, 0x48, 0x20, 0xe5, 0x85, 0xac, 0xe9, 0x92, 0xa5, 0xe7, 0x99, 0xbb,
    0xe5, 0xbd, 0x95, 0xef, 0xbc, 0x9f, 0x22, 0x20, 0x22, 0x59, 0x22, 0x3b, 0x20, 0x74, 0x68, 0x65,
    0x6e, 0x0a, 0x20, 0x20, 0x20, 0x20, 0x43, 0x55, 0x52, 0x52, 0x45, 0x4e, 0x54, 0x5f, 0x41, 0x43,
    0x54, 0x49, 0x4f, 0x4e, 0x3d, 0x22, 0x62, 0x6f, 0x6f, 0x74, 0x73, 0x74, 0x72, 0x61, 0x70, 0x20,
    0x72, 0x6f, 0x6f, 0x74, 0x20, 0x73, 0x73, 0x68, 0x22, 0x0a, 0x20, 0x20, 0x20, 0x20, 0x63, 0x6f,
    0x6e, 0x66, 0x69, 0x67, 0x75, 0x72, 0x65, 0x5f, 0x72, 0x6f, 0x6f, 0x74, 0x5f, 0x73, 0x73, 0x68,
    0x5f, 0x6b, 0x65, 0x79, 0x5f, 0x6c, 0x6f, 0x67, 0x69, 0x6e, 0x0a, 0x20, 0x20, 0x66, 0x69, 0x0a,
    0x0a, 0x20, 0x20, 0x43, 0x55, 0x52, 0x52, 0x45, 0x4e, 0x54, 0x5f, 0x41, 0x43, 0x54, 0x49, 0x4f,
    0x4e, 0x3d, 0x22, 0x62, 0x6f, 0x6f, 0x74, 0x73, 0x74, 0x72, 0x61, 0x70, 0x20, 0x68, 0x65, 0x61,
    0x6c, 0x74, 0x68, 0x22, 0x0a, 0x20, 0x20, 0x68, 0x65, 0x61, 0x6c, 0x74, 0x68, 0x5f, 0x63, 0x68,
    0x65, 0x63, 0x6b, 0x0a, 0x20, 0x20, 0x6c, 0x6f, 0x67, 0x20, 0x22, 0xe4, 0xb8, 0x80, 0xe9, 0x94,
    0xae, 0xe6, 0x9c, 0x8d, 0xe5, 0x8a, 0xa1, 0xe5, 0x99, 0xa8, 0xe5, 0xbc, 0x80, 0xe5, 0xb1, 0x80,
    0xe5, 0xae, 0x8c, 0xe6, 0x88, 0x90, 0xe3, 0x80, 0x82, 0x6d, 0x65, 0x74, 0x61, 0x57, 0x52, 0x41,
    0x50, 0x20, 0x2f, 0x20, 0x4d, 0x65, 0x74, 0x61, 0x43, 0x41, 0x54, 0x20, 0xe5, 0x9d, 0x87, 0xe6,
    0x9c, 0xaa, 0xe8, 0x87, 0xaa, 0xe5, 0x8a, 0xa8, 0xe5, 0x88, 0x9b, 0xe5, 0xbb, 0xba, 0xef, 0xbc,
    0x8c, 0xe5, 0x8f, 0xaf, 0xe5, 0x9c, 0xa8, 0x5b, 0xe5, 0x88, 0x9b, 0xe5, 0xbb, 0xba, 0xe7, 0x94,
    0x9f, 0xe4, 0xbf, 0xa1, 0xe7, 0x8e, 0xaf, 0xe5, 0xa2, 0x83, 0x5d, 0xe4, 0xb8, 0xad, 0xe6, 0x8c,
    0x89, 0xe9, 0x9c, 0x80, 0xe5, 0xae, 0x89, 0xe8, 0xa3, 0x85, 0xe3, 0x80, 0x82, 0x22, 0x0a, 0x7d,
    0x0a, 0x0a, 0x6f, 0x6e, 0x65, 0x5f, 0x63, 0x6c, 0x69, 0x63, 0x6b, 0x5f, 0x61, 0x64, 0x64, 0x5f,
    0x75, 0x73, 0x65, 0x72, 0x28, 0x29, 0x20, 0x7b, 0x0a, 0x20, 0x20, 0x4c, 0x41, 0x53, 0x54, 0x5f,
    0x43, 0x52, 0x45, 0x41, 0x54, 0x45, 0x44, 0x5f, 0x55, 0x53, 0x45, 0x52, 0x3d, 0x22, 0x22, 0x0a,
    0x20, 0x20, 0x43, 0x55, 0x52, 0x52, 0x45, 0x4e, 0x54, 0x5f, 0x41, 0x43, 0x54, 0x49, 0x4f, 0x4e,
    0x3d, 0x22, 0x6f, 0x6e, 0x65, 0x2d, 0x63, 0x6c, 0x69, 0x63, 0x6b, 0x20, 0x67, 0x72, 0x6f, 0x75,
    0x70, 0x73, 0x22, 0x0a, 0x20, 0x20, 0x65, 0x6e, 0x73, 0x75, 0x72, 0x65, 0x5f, 0x72, 0x65, 0x71,
    0x75, 0x69, 0x72, 0x65, 0x64, 0x5f, 0x67, 0x72, 0x6f, 0x75, 0x70, 0x73, 0x5f, 0x66, 0x69, 0x78,
    0x65, 0x64, 0x20, 0x7c, 0x7c, 0x20, 0x72, 0x65, 0x74, 0x75, 0x72, 0x6e, 0x20, 0x31, 0x0a, 0x20,
    0x20, 0x43, 0x55, 0x52, 0x52, 0x45, 0x4e, 0x54, 0x5f, 0x41, 0x43, 0x54, 0x49, 0x4f, 0x4e, 0x3d,
    0x22, 0x6f, 0x6e, 0x65, 0x2d, 0x63, 0x6c, 0x69, 0x63, 0x6b, 0x20, 0x63, 0x72, 0x65, 0x61, 0x74,
    0x65, 0x20, 0x75, 0x73, 0x65, 0x72, 0x22, 0x0a, 0x20, 0x20, 0x63, 0x72, 0x65, 0x61, 0x74, 0x65,
    0x5f, 0x75, 0x73, 0x65, 0x72, 0x20, 0x7c, 0x7c, 0x20, 0x72, 0x65, 0x74, 0x75, 0x72, 0x6e, 0x20,
    0x31, 0x0a, 0x0a, 0x20, 0x20, 0x5b, 0x5b, 0x20, 0x2d, 0x6e, 0x20, 0x22, 0x24, 0x4c, 0x41, 0x53,
    0x54, 0x5f, 0x43, 0x52, 0x45, 0x41, 0x54, 0x45, 0x44, 0x5f, 0x55, 0x53, 0x45, 0x52, 0x22, 0x20,
    0x5d, 0x5d, 0x20, 0x7c, 0x7c, 0x20, 0x7b, 0x20, 0x77, 0x61, 0x72, 0x6e, 0x20, 0x22, 0xe6, 0xb2,
    0xa1, 0xe6, 0x9c, 0x89, 0xe6, 0x96, 0xb0, 0xe7, 0x94, 0xa8, 0xe6, 0x88, 0xb7, 0xe8, 0xa2, 0xab,
    0xe5, 0x88, 0x9b, 0xe5, 0xbb, 0xba, 0xe3, 0x80, 0x82, 0x22, 0x3b, 0x20, 0x72, 0x65, 0x74, 0x75,
    0x72, 0x6e, 0x20, 0x30, 0x3b, 0x20, 0x7d, 0x0a, 0x20, 0x20, 0x69, 0x66, 0x20, 0x63, 0x6f, 0x6e,
    0x66, 0x69, 0x72, 0x6d, 0x20, 0x22, 0xe7, 0x8e, 0xb0, 0xe5, 0x9c, 0xa8, 0xe4, 0xb8, 0xba, 0xe6,
    0x96, 0xb0, 0xe7, 0x94, 0xa8, 0xe6, 0x88, 0xb7, 0x20, 0x24, 0x4c, 0x41, 0x53, 0x54, 0x5f, 0x43,
    0x52, 0x45, 0x41, 0x54, 0x45, 0x44, 0x5f, 0x55, 0x53, 0x45, 0x52, 0x20, 0xe5, 0xae, 0x89, 0xe8,
    0xa3, 0x85, 0x20, 0x6d, 0x69, 0x63, 0x72, 0x6f, 0x6d, 0x61, 0x6d, 0x62, 0x61, 0xef, 0xbc, 0x9f,
    0xef, 0xbc, 0x88, 0x4d, 0x69, 0x6e, 0x69, 0x63, 0x6f, 0x6e, 0x64, 0x61, 0x20, 0xe8, 0x87, 0xaa,
    0xe5, 0x8a, 0xa8, 0xe4, 0xbd, 0x9c, 0xe4, 0xb8, 0xba, 0xe5, 0x89, 0x8d, 0xe7, 0xbd, 0xae, 0xef,
    0xbc, 0x89, 0x22, 0x20, 0x22, 0x59, 0x22, 0x3b, 0x20, 0x74, 0x68, 0x65, 0x6e, 0x0a, 0x20, 0x20,
    0x20, 0x20, 0x43, 0x55, 0x52, 0x52, 0x45, 0x4e, 0x54, 0x5f, 0x41, 0x43, 0x54, 0x49, 0x4f, 0x4e,
    0x3d, 0x22, 0x6f, 0x6e, 0x65, 0x2d, 0x63, 0x6c, 0x69, 0x63, 0x6b, 0x20, 0x75, 0x73, 0x65, 0x72,
    0x20, 0x6d, 0x69, 0x63, 0x72, 0x6f, 0x6d, 0x61, 0x6d, 0x62, 0x61, 0x22, 0x0a, 0x20, 0x20, 0x20,
    0x20, 0x69, 0x6e, 0x73, 0x74, 0x61, 0x6c, 0x6c, 0x5f, 0x6d, 0x69, 0x63, 0x72, 0x6f, 0x6d, 0x61,
    0x6d, 0x62, 0x61, 0x5f, 0x66, 0x6f, 0x72, 0x5f, 0x61, 0x63, 0x63, 0x6f, 0x75, 0x6e, 0x74, 0x20,
    0x22, 0x24, 0x4c, 0x41, 0x53, 0x54, 0x5f, 0x43, 0x52, 0x45, 0x41, 0x54, 0x45, 0x44, 0x5f, 0x55,
    0x53, 0x45, 0x52, 0x22, 0x0a, 0x20, 0x20, 0x66, 0x69, 0x0a, 0x20, 0x20, 0x69, 0x6e, 0x66, 0x6f,
    0x20, 0x22, 0x6d, 0x65, 0x74, 0x61, 0x57, 0x52, 0x41, 0x50, 0x20, 0x2f, 0x20, 0x4d, 0x65, 0x74,
    0x61, 0x43, 0x41, 0x54, 0x20, 0xe4, 0xb8, 0x8d, 0xe4, 0xbc, 0x9a, 0xe8, 0x87, 0xaa, 0xe5, 0x8a,
    0xa8, 0xe5, 0xae, 0x89, 0xe8, 0xa3, 0x85, 0xef, 0xbc, 0x9b, 0xe9, 0x9c, 0x80, 0xe8, 0xa6, 0x81,
    0xe6, 0x97, 0xb6, 0xe8, 0xaf, 0xb7, 0xe4, 0xbb, 0x8e, 0x5b, 0xe5, 0x88, 0x9b, 0xe5, 0xbb, 0xba,
    0xe7, 0x94, 0x9f, 0xe4, 0xbf, 0xa1, 0xe7, 0x8e, 0xaf, 0xe5, 0xa2, 0x83, 0x5d, 0xe8, 0x8f, 0x9c,
    0xe5, 0x8d, 0x95, 0xe6, 0x98, 0xbe, 0xe5, 0xbc, 0x8f, 0xe9, 0x80, 0x89, 0xe6, 0x8b, 0xa9, 0xe3,
    0x80, 0x82, 0x22, 0x0a, 0x20, 0x20, 0x6c, 0x6f, 0x67, 0x20, 0x22, 0xe4, 0xb8, 0x80, 0xe9, 0x94,
    0xae, 0xe6, 0x96, 0xb0, 0xe5, 0xa2, 0x9e, 0xe7, 0x94, 0xa8, 0xe6, 0x88, 0xb7, 0xe6, 0xb5, 0x81,
    0xe7, 0xa8, 0x8b, 0xe5, 0xae, 0x8c, 0xe6, 0x88, 0x90, 0x3a, 0x20, 0x24, 0x4c, 0x41, 0x53, 0x54,
    0x5f, 0x43, 0x52, 0x45, 0x41, 0x54, 0x45, 0x44, 0x5f, 0x55, 0x53, 0x45, 0x52, 0x22, 0x0a, 0x7d,
    0x0a, 0x0a, 0x73, 0x68, 0x6f, 0x77, 0x5f, 0x6d, 0x65, 0x6e, 0x75, 0x28, 0x29, 0x20, 0x7b, 0x0a,
    0x20, 0x20, 0x6c, 0x6f, 0x63, 0x61, 0x6c, 0x20, 0x6d, 0x6f, 0x64, 0x65, 0x5f, 0x6c, 0x61, 0x62,
    0x65, 0x6c, 0x3d, 0x22, 0x22, 0x0a, 0x20, 0x20, 0x69, 0x66, 0x20, 0x28, 0x28, 0x20, 0x44, 0x52,
    0x59, 0x5f, 0x52, 0x55, 0x4e, 0x20, 0x29, 0x29, 0x3b, 0x20, 0x74, 0x68, 0x65, 0x6e, 0x0a, 0x20,
    0x20, 0x20, 0x20, 0x6d, 0x6f, 0x64, 0x65, 0x5f, 0x6c, 0x61, 0x62, 0x65, 0x6c, 0x3d, 0x22, 0x5b,
    0x44, 0x52, 0x59, 0x2d, 0x52, 0x55, 0x4e, 0x5d, 0x22, 0x0a, 0x20, 0x20, 0x66, 0x69, 0x0a, 0x20,
    0x20, 0x63, 0x6c, 0x65, 0x61, 0x72, 0x20, 0x32, 0x3e, 0x2f, 0x64, 0x65, 0x76, 0x2f, 0x6e, 0x75,
    0x6c, 0x6c, 0x20, 0x7c, 0x7c, 0x20, 0x74, 0x72, 0x75, 0x65, 0x0a, 0x20, 0x20, 0x70, 0x72, 0x69,
    0x6e, 0x74, 0x66, 0x20, 0x27, 0x3d, 0x3d, 0x3d, 0x3d, 0x3d, 0x3d, 0x3d, 0x3d, 0x3d, 0x3d, 0x3d,
    0x3d, 0x3d, 0x3d, 0x3d, 0x3d, 0x3d, 0x3d, 0x3d, 0x3d, 0x3d, 0x3d, 0x3d, 0x3d, 0x3d, 0x3d, 0x3d,
    0x3d, 0x3d, 0x3d, 0x3d, 0x3d, 0x3d, 0x3d, 0x3d, 0x3d, 0x3d, 0x3d, 0x3d, 0x3d, 0x3d, 0x3d, 0x3d,
    0x3d, 0x3d, 0x3d, 0x3d, 0x3d, 0x3d, 0x3d, 0x3d, 0x3d, 0x3d, 0x3d, 0x3d, 0x3d, 0x3d, 0x3d, 0x3d,
    0x3d, 0x5c, 0x6e, 0x27, 0x0a, 0x20, 0x20, 0x70, 0x72, 0x69, 0x6e, 0x74, 0x66, 0x20, 0x27, 0x20,
    0xe7, 0x94, 0x9f, 0xe4, 0xbf, 0xa1, 0xe6, 0x9c, 0x8d, 0xe5, 0x8a, 0xa1, 0xe5, 0x99, 0xa8, 0xe5,
    0xbc, 0x80, 0xe5, 0xb1, 0x80, 0xe5, 0x8a, 0xa9, 0xe6, 0x89, 0x8b, 0x20, 0x20, 0x25, 0x73, 0x5c,
    0x6e, 0x27, 0x20, 0x22, 0x24, 0x6d, 0x6f, 0x64, 0x65, 0x5f, 0x6c, 0x61, 0x62, 0x65, 0x6c, 0x22,
    0x0a, 0x20, 0x20, 0x70, 0x72, 0x69, 0x6e, 0x74, 0x66, 0x20, 0x27, 0x3d, 0x3d, 0x3d, 0x3d, 0x3d,
    0x3d, 0x3d, 0x3d, 0x3d, 0x3d, 0x3d, 0x3d, 0x3d, 0x3d, 0x3d, 0x3d, 0x3d, 0x3d, 0x3d, 0x3d, 0x3d,
    0x3d, 0x3d, 0x3d, 0x3d, 0x3d, 0x3d, 0x3d, 0x3d, 0x3d, 0x3d, 0x3d, 0x3d, 0x3d, 0x3d, 0x3d, 0x3d,
    0x3d, 0x3d, 0x3d, 0x3d, 0x3d, 0x3d, 0x3d, 0x3d, 0x3d, 0x3d, 0x3d, 0x3d, 0x3d, 0x3d, 0x3d, 0x3d,
    0x3d, 0x3d, 0x3d, 0x3d, 0x3d, 0x3d, 0x3d, 0x5c, 0x6e, 0x27, 0x0a, 0x20, 0x20, 0x70, 0x72, 0x69,
    0x6e, 0x74, 0x66, 0x20, 0x27, 0x20, 0x31, 0x29, 0x20, 0xe4, 0xb8, 0x80, 0xe9, 0x94, 0xae, 0xe6,
    0x9c, 0x8d, 0xe5, 0x8a, 0xa1, 0xe5, 0x99, 0xa8, 0xe5, 0xbc, 0x80, 0xe5, 0xb1, 0x80, 0xef, 0xbc,
    0x88, 0x52, 0x20, 0xe9, 0xbb, 0x98, 0xe8, 0xae, 0xa4, 0x20, 0x6c, 0x61, 0x74, 0x65, 0x73, 0x74,
    0x2f, 0x72, 0x65, 0x6c, 0x65, 0x61, 0x73, 0x65, 0xef, 0xbc, 0x8c, 0xe5, 0x8f, 0xaf, 0xe6, 0x8c,
    0x87, 0xe5, 0xae, 0x9a, 0xe7, 0x89, 0x88, 0xe6, 0x9c, 0xac, 0xef, 0xbc, 0x89, 0x5c, 0x6e, 0x27,
    0x0a, 0x20, 0x20, 0x70, 0x72, 0x69, 0x6e, 0x74, 0x66, 0x20, 0x27, 0x20, 0x32, 0x29, 0x20, 0xe4,
    0xb8, 0x80, 0xe9, 0x94, 0xae, 0xe6, 0x96, 0xb0, 0xe5, 0xa2, 0x9e, 0xe7, 0x94, 0xa8, 0xe6, 0x88,
    0xb7, 0xef, 0xbc, 0x88, 0xe5, 0x8f, 0xaf, 0xe5, 0x90, 0x8c, 0xe6, 0x97, 0xb6, 0xe5, 0xae, 0x89,
    0xe8, 0xa3, 0x85, 0x20, 0x6d, 0x69, 0x63, 0x72, 0x6f, 0x6d, 0x61, 0x6d, 0x62, 0x61, 0xef, 0xbc,
    0x8c, 0xe8, 0x87, 0xaa, 0xe5, 0x8a, 0xa8, 0x20, 0x4d, 0x69, 0x6e, 0x69, 0x63, 0x6f, 0x6e, 0x64,
    0x61, 0x20, 0xe5, 0x89, 0x8d, 0xe7, 0xbd, 0xae, 0xef, 0xbc, 0x89, 0x5c, 0x6e, 0x27, 0x0a, 0x20,
    0x20, 0x70, 0x72, 0x69, 0x6e, 0x74, 0x66, 0x20, 0x27, 0x20, 0x33, 0x29, 0x20, 0xe7, 0xbb, 0x99,
    0x20, 0x72, 0x6f, 0x6f, 0x74, 0x20, 0x2f, 0x20, 0xe6, 0x99, 0xae, 0xe9, 0x80, 0x9a, 0xe7, 0x94,
    0xa8, 0xe6, 0x88, 0xb7, 0xe5, 0xae, 0x89, 0xe8, 0xa3, 0x85, 0x20, 0x6d, 0x69, 0x63, 0x72, 0x6f,
    0x6d, 0x61, 0x6d, 0x62, 0x61, 0xef, 0xbc, 0x88, 0xe8, 0x87, 0xaa, 0xe5, 0x8a, 0xa8, 0xe5, 0xae,
    0x89, 0xe8, 0xa3, 0x85, 0x20, 0x4d, 0x69, 0x6e, 0x69, 0x63, 0x6f, 0x6e, 0x64, 0x61, 0x20, 0xe5,
    0x89, 0x8d, 0xe7, 0xbd, 0xae, 0xef, 0xbc, 0x89, 0x5c, 0x6e, 0x27, 0x0a, 0x20, 0x20, 0x70, 0x72,
    0x69, 0x6e, 0x74, 0x66, 0x20, 0x27, 0x20, 0x34, 0x29, 0x20, 0xe5, 0x88, 0x9b, 0xe5, 0xbb, 0xba,
    0xe7, 0x94, 0x9f, 0xe4, 0xbf, 0xa1, 0xe7, 0x8e, 0xaf, 0xe5, 0xa2, 0x83, 0xef, 0xbc, 0x88, 0x52,
    0x4e, 0x41, 0x53, 0x65, 0x71, 0x2f, 0x43, 0x68, 0x49, 0x50, 0x53, 0x65, 0x71, 0x2f, 0x57, 0x47,
    0x53, 0x2f, 0x73, 0x63, 0x52, 0x4e, 0x41, 0x53, 0x65, 0x71, 0x2f, 0x6d, 0x65, 0x74, 0x61, 0x57,
    0x52, 0x41, 0x50, 0x2f, 0x4d, 0x65, 0x74, 0x61, 0x43, 0x41, 0x54, 0xef, 0xbc, 0x89, 0x5c, 0x6e,
    0x27, 0x0a, 0x20, 0x20, 0x70, 0x72, 0x69, 0x6e, 0x74, 0x66, 0x20, 0x27, 0x20, 0x35, 0x29, 0x20,
    0x6d, 0x65, 0x74, 0x61, 0x57, 0x52, 0x41, 0x50, 0x20, 0xe6, 0x95, 0xb0, 0xe6, 0x8d, 0xae, 0xe5,
    0xba, 0x93, 0xe7, 0xae, 0xa1, 0xe7, 0x90, 0x86, 0xef, 0xbc, 0x88, 0x72, 0x6f, 0x6f, 0x74, 0x20,
    0xe7, 0xbc, 0x93, 0xe5, 0xad, 0x98, 0x20, 0x2f, 0x20, 0xe6, 0x99, 0xae, 0xe9, 0x80, 0x9a, 0xe7,
    0x94, 0xa8, 0xe6, 0x88, 0xb7, 0xe6, 0x9c, 0xac, 0xe5, 0x9c, 0xb0, 0xe5, 0xa4, 0x8d, 0xe5, 0x88,
    0xb6, 0xef, 0xbc, 0x89, 0x5c, 0x6e, 0x27, 0x0a, 0x20, 0x20, 0x70, 0x72, 0x69, 0x6e, 0x74, 0x66,
    0x20, 0x27, 0x20, 0x36, 0x29, 0x20, 0x4d, 0x65, 0x74, 0x61, 0x43, 0x41, 0x54, 0x20, 0xe6, 0x95,
    0xb0, 0xe6, 0x8d, 0xae, 0xe5, 0xba, 0x93, 0xe7, 0xae, 0xa1, 0xe7, 0x90, 0x86, 0xef, 0xbc, 0x88,
    0x43, 0x68, 0x65, 0x63, 0x6b, 0x4d, 0x32, 0x20, 0x2f, 0x20, 0x47, 0x54, 0x44, 0x42, 0x2d, 0x54,
    0x6b, 0x20, 0x52, 0x32, 0x33, 0x32, 0xef, 0xbc, 0x89, 0x5c, 0x6e, 0x27, 0x0a, 0x20, 0x20, 0x70,
    0x72, 0x69, 0x6e, 0x74, 0x66, 0x20, 0x27, 0x25, 0x73, 0x5c, 0x6e, 0x27, 0x20, 0x27, 0x2d, 0x2d,
    0x2d, 0x2d, 0x2d, 0x2d, 0x2d, 0x2d, 0x2d, 0x2d, 0x2d, 0x2d, 0x2d, 0x2d, 0x2d, 0x2d, 0x2d, 0x2d,
    0x2d, 0x2d, 0x2d, 0x2d, 0x2d, 0x2d, 0x2d, 0x2d, 0x2d, 0x2d, 0x2d, 0x2d, 0x2d, 0x2d, 0x2d, 0x2d,
    0x2d, 0x2d, 0x2d, 0x2d, 0x2d, 0x2d, 0x2d, 0x2d, 0x2d, 0x2d, 0x2d, 0x2d, 0x2d, 0x2d, 0x2d, 0x2d,
    0x2d, 0x2d, 0x2d, 0x2d, 0x2d, 0x2d, 0x2d, 0x2d, 0x2d, 0x2d, 0x27, 0x0a, 0x20, 0x20, 0x70, 0x72,
    0x69, 0x6e, 0x74, 0x66, 0x20, 0x27, 0x31, 0x30, 0x29, 0x20, 0xe7, 0xb3, 0xbb, 0xe7, 0xbb, 0x9f,
    0x20, 0x2f, 0x20, 0xe7, 0xa3, 0x81, 0xe7, 0x9b, 0x98, 0x20, 0x2f, 0x20, 0xe7, 0xbd, 0x91, 0xe7,
    0xbb, 0x9c, 0xe6, 0xa3, 0x80, 0xe6, 0x9f, 0xa5, 0x5c, 0x6e, 0x27, 0x0a, 0x20, 0x20, 0x70, 0x72,
    0x69, 0x6e, 0x74, 0x66, 0x20, 0x27, 0x31, 0x31, 0x29, 0x20, 0xe8, 0xae, 0xbe, 0xe7, 0xbd, 0xae,
    0xe6, 0x97, 0xb6, 0xe5, 0x8c, 0xba, 0xe4, 0xb8, 0x8e, 0x20, 0x4e, 0x54, 0x50, 0x5c, 0x6e, 0x27,
    0x0a, 0x20, 0x20, 0x70, 0x72, 0x69, 0x6e, 0x74, 0x66, 0x20, 0x27, 0x31, 0x32, 0x29, 0x20, 0xe5,
    0xae, 0x89, 0xe8, 0xa3, 0x85, 0xe5, 0x9f, 0xba, 0xe7, 0xa1, 0x80, 0xe7, 0xae, 0xa1, 0xe7, 0x90,
    0x86, 0xe5, 0xb7, 0xa5, 0xe5, 0x85, 0xb7, 0x5c, 0x6e, 0x27, 0x0a, 0x20, 0x20, 0x70, 0x72, 0x69,
    0x6e, 0x74, 0x66, 0x20, 0x27, 0x31, 0x33, 0x29, 0x20, 0xe5, 0x88, 0x9d, 0xe5, 0xa7, 0x8b, 0xe5,
    0x8c, 0x96, 0x20, 0x2f, 0x20, 0xe8, 0x87, 0xaa, 0xe5, 0x8a, 0xa8, 0xe6, 0xa0, 0xbc, 0xe5, 0xbc,
    0x8f, 0xe5, 0x8c, 0x96, 0x20, 0x58, 0x46, 0x53, 0x20, 0xe6, 0x95, 0xb0, 0xe6, 0x8d, 0xae, 0xe7,
    0x9b, 0x98, 0xe4, 0xb8, 0x8e, 0x20, 0x71, 0x75, 0x6f, 0x74, 0x61, 0xef, 0xbc, 0x88, 0xe4, 0xb8,
    0x89, 0xe6, 0xac, 0xa1, 0xe7, 0xa1, 0xae, 0xe8, 0xae, 0xa4, 0xef, 0xbc, 0x89, 0x5c, 0x6e, 0x27,
    0x0a, 0x20, 0x20, 0x70, 0x72, 0x69, 0x6e, 0x74, 0x66, 0x20, 0x27, 0x31, 0x34, 0x29, 0x20, 0xe9,
    0x85, 0x8d, 0xe7, 0xbd, 0xae, 0x20, 0x55, 0x46, 0x57, 0x20, 0xe9, 0x98, 0xb2, 0xe7, 0x81, 0xab,
    0xe5, 0xa2, 0x99, 0x5c, 0x6e, 0x27, 0x0a, 0x20, 0x20, 0x70, 0x72, 0x69, 0x6e, 0x74, 0x66, 0x20,
    0x27, 0x31, 0x35, 0x29, 0x20, 0xe5, 0xae, 0x89, 0xe8, 0xa3, 0x85, 0xe7, 0xbc, 0x96, 0xe8, 0xaf,
    0x91, 0x20, 0x2f, 0x20, 0x50, 0x79, 0x74, 0x68, 0x6f, 0x6e, 0x20, 0x2f, 0x20, 0x4a, 0x61, 0x76,
    0x61, 0x20, 0xe5, 0xbc, 0x80, 0xe5, 0x8f, 0x91, 0xe7, 0x8e, 0xaf, 0xe5, 0xa2, 0x83, 0x5c, 0x6e,
    0x27, 0x0a, 0x20, 0x20, 0x70, 0x72, 0x69, 0x6e, 0x74, 0x66, 0x20, 0x27, 0x31, 0x36, 0x29, 0x20,
    0xe5, 0xae, 0x89, 0xe8, 0xa3, 0x85, 0x20, 0x44, 0x6f, 0x63, 0x6b, 0x65, 0x72, 0x5c, 0x6e, 0x27,
    0x0a, 0x20, 0x20, 0x70, 0x72, 0x69, 0x6e, 0x74, 0x66, 0x20, 0x27, 0x31, 0x37, 0x29, 0x20, 0x52,
    0x20, 0xe5, 0xa4, 0x9a, 0xe7, 0x89, 0x88, 0xe6, 0x9c, 0xac, 0xe7, 0xae, 0xa1, 0xe7, 0x90, 0x86,
    0xef, 0xbc, 0x88, 0x72, 0x69, 0x67, 0xef, 0xbc, 0x89, 0x5c, 0x6e, 0x27, 0x0a, 0x20, 0x20, 0x70,
    0x72, 0x69, 0x6e, 0x74, 0x66, 0x20, 0x27, 0x31, 0x38, 0x29, 0x20, 0xe5, 0xae, 0x89, 0xe8, 0xa3,
    0x85, 0x20, 0x2f, 0x20, 0xe5, 0x8d, 0x87, 0xe7, 0xba, 0xa7, 0x20, 0x2f, 0x20, 0xe9, 0x99, 0x8d,
    0xe7, 0xba, 0xa7, 0x20, 0x52, 0x53, 0x74, 0x75, 0x64, 0x69, 0x6f, 0x20, 0x53, 0x65, 0x72, 0x76,
    0x65, 0x72, 0x5c, 0x6e, 0x27, 0x0a, 0x20, 0x20, 0x70, 0x72, 0x69, 0x6e, 0x74, 0x66, 0x20, 0x27,
    0x31, 0x39, 0x29, 0x20, 0xe5, 0xae, 0x89, 0xe8, 0xa3, 0x85, 0x20, 0x4d, 0x69, 0x6e, 0x69, 0x66,
    0x6f, 0x72, 0x67, 0x65, 0x20, 0x2f, 0x20, 0x4d, 0x61, 0x6d, 0x62, 0x61, 0x5c, 0x6e, 0x27, 0x0a,
    0x20, 0x20, 0x70, 0x72, 0x69, 0x6e, 0x74, 0x66, 0x20, 0x27, 0x32, 0x30, 0x29, 0x20, 0xe9, 0x85,
    0x8d, 0xe7, 0xbd, 0xae, 0xe6, 0xb8, 0x85, 0xe5, 0x8d, 0x8e, 0x20, 0x43, 0x6f, 0x6e, 0x64, 0x61,
    0x20, 0x2f, 0x20, 0x42, 0x69, 0x6f, 0x63, 0x6f, 0x6e, 0x64, 0x61, 0x20, 0xe6, 0xba, 0x90, 0xef,
    0xbc, 0x88, 0xe6, 0x97, 0xa0, 0xe6, 0x8d, 0x9f, 0xe5, 0x90, 0x88, 0xe5, 0xb9, 0xb6, 0xef, 0xbc,
    0x89, 0x5c, 0x6e, 0x27, 0x0a, 0x20, 0x20, 0x70, 0x72, 0x69, 0x6e, 0x74, 0x66, 0x20, 0x27, 0x32,
    0x31, 0x29, 0x20, 0xe5, 0x88, 0x9d, 0xe5, 0xa7, 0x8b, 0xe5, 0x8c, 0x96, 0xe5, 0x9b, 0xba, 0xe5,
    0xae, 0x9a, 0xe7, 0x94, 0xa8, 0xe6, 0x88, 0xb7, 0xe7, 0xbb, 0x84, 0x5c, 0x6e, 0x27, 0x0a, 0x20,
    0x20, 0x70, 0x72, 0x69, 0x6e, 0x74, 0x66, 0x20, 0x27, 0x32, 0x32, 0x29, 0x20, 0xe5, 0x8d, 0x95,
    0xe7, 0x8b, 0xac, 0xe5, 0x88, 0x9b, 0xe5, 0xbb, 0xba, 0xe7, 0x94, 0x9f, 0xe4, 0xbf, 0xa1, 0xe7,
    0x94, 0xa8, 0xe6, 0x88, 0xb7, 0x20, 0x2b, 0x20, 0x55, 0x49, 0x44, 0x2f, 0x47, 0x49, 0x44, 0x20,
    0x2b, 0x20, 0x71, 0x75, 0x6f, 0x74, 0x61, 0x5c, 0x6e, 0x27, 0x0a, 0x20, 0x20, 0x70, 0x72, 0x69,
    0x6e, 0x74, 0x66, 0x20, 0x27, 0x32, 0x33, 0x29, 0x20, 0xe6, 0x9c, 0x8d, 0xe5, 0x8a, 0xa1, 0xe5,
    0x99, 0xa8, 0xe5, 0x81, 0xa5, 0xe5, 0xba, 0xb7, 0xe6, 0xa3, 0x80, 0xe6, 0x9f, 0xa5, 0x5c, 0x6e,
    0x27, 0x0a, 0x20, 0x20, 0x70, 0x72, 0x69, 0x6e, 0x74, 0x66, 0x20, 0x27, 0x32, 0x34, 0x29, 0x20,
    0x52, 0x6f, 0x6f, 0x74, 0x20, 0x53, 0x53, 0x48, 0x20, 0xe5, 0x85, 0xac, 0xe9, 0x92, 0xa5, 0xe7,
    0x99, 0xbb, 0xe5, 0xbd, 0x95, 0xef, 0xbc, 0x88, 0xe4, 0xbb, 0x85, 0xe5, 0x85, 0xac, 0xe9, 0x92,
    0xa5, 0xef, 0xbc, 0x8c, 0xe7, 0xa6, 0x81, 0x20, 0x72, 0x6f, 0x6f, 0x74, 0x20, 0xe5, 0xaf, 0x86,
    0xe7, 0xa0, 0x81, 0xef, 0xbc, 0x89, 0x5c, 0x6e, 0x27, 0x0a, 0x20, 0x20, 0x70, 0x72, 0x69, 0x6e,
    0x74, 0x66, 0x20, 0x27, 0x20, 0x30, 0x29, 0x20, 0xe9, 0x80, 0x80, 0xe5, 0x87, 0xba, 0x5c, 0x6e,
    0x27, 0x0a, 0x20, 0x20, 0x70, 0x72, 0x69, 0x6e, 0x74, 0x66, 0x20, 0x27, 0x3d, 0x3d, 0x3d, 0x3d,
    0x3d, 0x3d, 0x3d, 0x3d, 0x3d, 0x3d, 0x3d, 0x3d, 0x3d, 0x3d, 0x3d, 0x3d, 0x3d, 0x3d, 0x3d, 0x3d,
    0x3d, 0x3d, 0x3d, 0x3d, 0x3d, 0x3d, 0x3d, 0x3d, 0x3d, 0x3d, 0x3d, 0x3d, 0x3d, 0x3d, 0x3d, 0x3d,
    0x3d, 0x3d, 0x3d, 0x3d, 0x3d, 0x3d, 0x3d, 0x3d, 0x3d, 0x3d, 0x3d, 0x3d, 0x3d, 0x3d, 0x3d, 0x3d,
    0x3d, 0x3d, 0x3d, 0x3d, 0x3d, 0x3d, 0x3d, 0x3d, 0x5c, 0x6e, 0x27, 0x0a, 0x7d, 0x0a, 0x0a, 0x6d,
    0x61, 0x69, 0x6e, 0x28, 0x29, 0x20, 0x7b, 0x0a, 0x20, 0x20, 0x72, 0x65, 0x71, 0x75, 0x69, 0x72,
    0x65, 0x5f, 0x75, 0x62, 0x75, 0x6e, 0x74, 0x75, 0x0a, 0x20, 0x20, 0x69, 0x6e, 0x69, 0x74, 0x5f,
    0x6c, 0x6f, 0x67, 0x67, 0x69, 0x6e, 0x67, 0x0a, 0x20, 0x20, 0x69, 0x66, 0x20, 0x28, 0x28, 0x20,
    0x44, 0x52, 0x59, 0x5f, 0x52, 0x55, 0x4e, 0x20, 0x29, 0x29, 0x3b, 0x20, 0x74, 0x68, 0x65, 0x6e,
    0x0a, 0x20, 0x20, 0x20, 0x20, 0x77, 0x61, 0x72, 0x6e, 0x20, 0x22, 0xe5, 0xbd, 0x93, 0xe5, 0x89,
    0x8d, 0xe4, 0xb8, 0xba, 0x20, 0x2d, 0x2d, 0x64, 0x72, 0x79, 0x2d, 0x72, 0x75, 0x6e, 0xef, 0xbc,
    0x8c, 0xe4, 0xbb, 0x85, 0xe6, 0x89, 0x93, 0xe5, 0x8d, 0xb0, 0xe9, 0xab, 0x98, 0xe9, 0xa3, 0x8e,
    0xe9, 0x99, 0xa9, 0x2f, 0xe4, 0xbf, 0xae, 0xe6, 0x94, 0xb9, 0xe5, 0x91, 0xbd, 0xe4, 0xbb, 0xa4,
    0xef, 0xbc, 0x8c, 0xe4, 0xb8, 0x8d, 0xe5, 0xba, 0x94, 0xe4, 0xbf, 0xae, 0xe6, 0x94, 0xb9, 0xe7,
    0xb3, 0xbb, 0xe7, 0xbb, 0x9f, 0xe3, 0x80, 0x82, 0x22, 0x0a, 0x20, 0x20, 0x66, 0x69, 0x0a, 0x0a,
    0x20, 0x20, 0x6c, 0x6f, 0x63, 0x61, 0x6c, 0x20, 0x63, 0x68, 0x6f, 0x69, 0x63, 0x65, 0x0a, 0x20,
    0x20, 0x77, 0x68, 0x69, 0x6c, 0x65, 0x20, 0x74, 0x72, 0x75, 0x65, 0x3b, 0x20, 0x64, 0x6f, 0x0a,
    0x20, 0x20, 0x20, 0x20, 0x73, 0x68, 0x6f, 0x77, 0x5f, 0x6d, 0x65, 0x6e, 0x75, 0x0a, 0x20, 0x20,
    0x20, 0x20, 0x72, 0x65, 0x61, 0x64, 0x20, 0x2d, 0x72, 0x20, 0x2d, 0x70, 0x20, 0x22, 0xe8, 0xaf,
    0xb7, 0xe9, 0x80, 0x89, 0xe6, 0x8b, 0xa9, 0x3a, 0x20, 0x22, 0x20, 0x63, 0x68, 0x6f, 0x69, 0x63,
    0x65, 0x0a, 0x20, 0x20, 0x20, 0x20, 0x63, 0x61, 0x73, 0x65, 0x20, 0x22, 0x24, 0x63, 0x68, 0x6f,
    0x69, 0x63, 0x65, 0x22, 0x20, 0x69, 0x6e, 0x0a, 0x20, 0x20, 0x20, 0x20, 0x20, 0x20, 0x31, 0x29,
    0x20, 0x43, 0x55, 0x52, 0x52, 0x45, 0x4e, 0x54, 0x5f, 0x41, 0x43, 0x54, 0x49, 0x4f, 0x4e, 0x3d,
    0x22, 0x6f, 0x6e, 0x65, 0x2d, 0x63, 0x6c, 0x69, 0x63, 0x6b, 0x20, 0x62, 0x6f, 0x6f, 0x74, 0x73,
    0x74, 0x72, 0x61, 0x70, 0x22, 0x3b, 0x20, 0x6f, 0x6e, 0x65, 0x5f, 0x63, 0x6c, 0x69, 0x63, 0x6b,
    0x5f, 0x62, 0x6f, 0x6f, 0x74, 0x73, 0x74, 0x72, 0x61, 0x70, 0x3b, 0x20, 0x70, 0x61, 0x75, 0x73,
    0x65, 0x20, 0x3b, 0x3b, 0x0a, 0x20, 0x20, 0x20, 0x20, 0x20, 0x20, 0x32, 0x29, 0x20, 0x43, 0x55,
    0x52, 0x52, 0x45, 0x4e, 0x54, 0x5f, 0x41, 0x43, 0x54, 0x49, 0x4f, 0x4e, 0x3d, 0x22, 0x6f, 0x6e,
    0x65, 0x2d, 0x63, 0x6c, 0x69, 0x63, 0x6b, 0x20, 0x61, 0x64, 0x64, 0x20, 0x75, 0x73, 0x65, 0x72,
    0x22, 0x3b, 0x20, 0x6f, 0x6e, 0x65, 0x5f, 0x63, 0x6c, 0x69, 0x63, 0x6b, 0x5f, 0x61, 0x64, 0x64,
    0x5f, 0x75, 0x73, 0x65, 0x72, 0x3b, 0x20, 0x70, 0x61, 0x75, 0x73, 0x65, 0x20, 0x3b, 0x3b, 0x0a,
    0x20, 0x20, 0x20, 0x20, 0x20, 0x20, 0x33, 0x29, 0x20, 0x43, 0x55, 0x52, 0x52, 0x45, 0x4e, 0x54,
    0x5f, 0x41, 0x43, 0x54, 0x49, 0x4f, 0x4e, 0x3d, 0x22, 0x61, 0x63, 0x63, 0x6f, 0x75, 0x6e, 0x74,
    0x20, 0x6d, 0x69, 0x63, 0x72, 0x6f, 0x6d, 0x61, 0x6d, 0x62, 0x61, 0x22, 0x3b, 0x20, 0x69, 0x6e,
    0x73, 0x74, 0x61, 0x6c, 0x6c, 0x5f, 0x6d, 0x69, 0x63, 0x72, 0x6f, 0x6d, 0x61, 0x6d, 0x62, 0x61,
    0x5f, 0x61, 0x63, 0x63, 0x6f, 0x75, 0x6e, 0x74, 0x5f, 0x6d, 0x65, 0x6e, 0x75, 0x3b, 0x20, 0x70,
    0x61, 0x75, 0x73, 0x65, 0x20, 0x3b, 0x3b, 0x0a, 0x20, 0x20, 0x20, 0x20, 0x20, 0x20, 0x34, 0x29,
    0x20, 0x43, 0x55, 0x52, 0x52, 0x45, 0x4e, 0x54, 0x5f, 0x41, 0x43, 0x54, 0x49, 0x4f, 0x4e, 0x3d,
    0x22, 0x62, 0x69, 0x6f, 0x69, 0x6e, 0x66, 0x6f, 0x20, 0x65, 0x6e, 0x76, 0x73, 0x22, 0x3b, 0x20,
    0x63, 0x72, 0x65, 0x61, 0x74, 0x65, 0x5f, 0x62, 0x69, 0x6f, 0x69, 0x6e, 0x66, 0x6f, 0x5f, 0x65,
    0x6e, 0x76, 0x73, 0x3b, 0x20, 0x70, 0x61, 0x75, 0x73, 0x65, 0x20, 0x3b, 0x3b, 0x0a, 0x20, 0x20,
    0x20, 0x20, 0x20, 0x20, 0x35, 0x29, 0x20, 0x43, 0x55, 0x52, 0x52, 0x45, 0x4e, 0x54, 0x5f, 0x41,
    0x43, 0x54, 0x49, 0x4f, 0x4e, 0x3d, 0x22, 0x6d, 0x65, 0x74, 0x61, 0x57, 0x52, 0x41, 0x50, 0x20,
    0x64, 0x61, 0x74, 0x61, 0x62, 0x61, 0x73, 0x65, 0x73, 0x22, 0x3b, 0x20, 0x6d, 0x61, 0x6e, 0x61,
    0x67, 0x65, 0x5f, 0x6d, 0x65, 0x74, 0x61, 0x77, 0x72, 0x61, 0x70, 0x5f, 0x64, 0x61, 0x74, 0x61,
    0x62, 0x61, 0x73, 0x65, 0x73, 0x3b, 0x20, 0x70, 0x61, 0x75, 0x73, 0x65, 0x20, 0x3b, 0x3b, 0x0a,
    0x20, 0x20, 0x20, 0x20, 0x20, 0x20, 0x36, 0x29, 0x20, 0x43, 0x55, 0x52, 0x52, 0x45, 0x4e, 0x54,
    0x5f, 0x41, 0x43, 0x54, 0x49, 0x4f, 0x4e, 0x3d, 0x22, 0x4d, 0x65, 0x74, 0x61, 0x43, 0x41, 0x54,
    0x20, 0x64, 0x61, 0x74, 0x61, 0x62, 0x61, 0x73, 0x65, 0x73, 0x22, 0x3b, 0x20, 0x6d, 0x61, 0x6e,
    0x61, 0x67, 0x65, 0x5f, 0x6d, 0x65, 0x74, 0x61, 0x63, 0x61, 0x74, 0x5f, 0x64, 0x61, 0x74, 0x61,
    0x62, 0x61, 0x73, 0x65, 0x73, 0x3b, 0x20, 0x70, 0x61, 0x75, 0x73, 0x65, 0x20, 0x3b, 0x3b, 0x0a,
    0x20, 0x20, 0x20, 0x20, 0x20, 0x20, 0x31, 0x30, 0x29, 0x20, 0x43, 0x55, 0x52, 0x52, 0x45, 0x4e,
    0x54, 0x5f, 0x41, 0x43, 0x54, 0x49, 0x4f, 0x4e, 0x3d, 0x22, 0x70, 0x72, 0x65, 0x66, 0x6c, 0x69,
    0x67, 0x68, 0x74, 0x22, 0x3b, 0x20, 0x70, 0x72, 0x65, 0x66, 0x6c, 0x69, 0x67, 0x68, 0x74, 0x3b,
    0x20, 0x70, 0x61, 0x75, 0x73, 0x65, 0x20, 0x3b, 0x3b, 0x0a, 0x20, 0x20, 0x20, 0x20, 0x20, 0x20,
    0x31, 0x31, 0x29, 0x20, 0x43, 0x55, 0x52, 0x52, 0x45, 0x4e, 0x54, 0x5f, 0x41, 0x43, 0x54, 0x49,
    0x4f, 0x4e, 0x3d, 0x22, 0x74, 0x69, 0x6d, 0x65, 0x22, 0x3b, 0x20, 0x63, 0x6f, 0x6e, 0x66, 0x69,
    0x67, 0x75, 0x72, 0x65, 0x5f, 0x74, 0x69, 0x6d, 0x65, 0x3b, 0x20, 0x70, 0x61, 0x75, 0x73, 0x65,
    0x20, 0x3b, 0x3b, 0x0a, 0x20, 0x20, 0x20, 0x20, 0x20, 0x20, 0x31, 0x32, 0x29, 0x20, 0x43, 0x55,
    0x52, 0x52, 0x45, 0x4e, 0x54, 0x5f, 0x41, 0x43, 0x54, 0x49, 0x4f, 0x4e, 0x3d, 0x22, 0x62, 0x61,
    0x73, 0x65, 0x20, 0x70, 0x61, 0x63, 0x6b, 0x61, 0x67, 0x65, 0x73, 0x22, 0x3b, 0x20, 0x69, 0x6e,
    0x73, 0x74, 0x61, 0x6c, 0x6c, 0x5f, 0x62, 0x61, 0x73, 0x65, 0x5f, 0x70, 0x61, 0x63, 0x6b, 0x61,
    0x67, 0x65, 0x73, 0x3b, 0x20, 0x70, 0x61, 0x75, 0x73, 0x65, 0x20, 0x3b, 0x3b, 0x0a, 0x20, 0x20,
    0x20, 0x20, 0x20, 0x20, 0x31, 0x33, 0x29, 0x20, 0x43, 0x55, 0x52, 0x52, 0x45, 0x4e, 0x54, 0x5f,
    0x41, 0x43, 0x54, 0x49, 0x4f, 0x4e, 0x3d, 0x22, 0x73, 0x74, 0x6f, 0x72, 0x61, 0x67, 0x65, 0x22,
    0x3b, 0x20, 0x73, 0x74, 0x6f, 0x72, 0x61, 0x67, 0x65, 0x5f, 0x77, 0x69, 0x7a, 0x61, 0x72, 0x64,
    0x3b, 0x20, 0x70, 0x61, 0x75, 0x73, 0x65, 0x20, 0x3b, 0x3b, 0x0a, 0x20, 0x20, 0x20, 0x20, 0x20,
    0x20, 0x31, 0x34, 0x29, 0x20, 0x43, 0x55, 0x52, 0x52, 0x45, 0x4e, 0x54, 0x5f, 0x41, 0x43, 0x54,
    0x49, 0x4f, 0x4e, 0x3d, 0x22, 0x66, 0x69, 0x72, 0x65, 0x77, 0x61, 0x6c, 0x6c, 0x22, 0x3b, 0x20,
    0x63, 0x6f, 0x6e, 0x66, 0x69, 0x67, 0x75, 0x72, 0x65, 0x5f, 0x66, 0x69, 0x72, 0x65, 0x77, 0x61,
    0x6c, 0x6c, 0x3b, 0x20, 0x70, 0x61, 0x75, 0x73, 0x65, 0x20, 0x3b, 0x3b, 0x0a, 0x20, 0x20, 0x20,
    0x20, 0x20, 0x20, 0x31, 0x35, 0x29, 0x20, 0x43, 0x55, 0x52, 0x52, 0x45, 0x4e, 0x54, 0x5f, 0x41,
    0x43, 0x54, 0x49, 0x4f, 0x4e, 0x3d, 0x22, 0x64, 0x65, 0x76, 0x20, 0x74, 0x6f, 0x6f, 0x6c, 0x73,
    0x22, 0x3b, 0x20, 0x69, 0x6e, 0x73, 0x74, 0x61, 0x6c, 0x6c, 0x5f, 0x64, 0x65, 0x76, 0x5f, 0x74,
    0x6f, 0x6f, 0x6c, 0x73, 0x3b, 0x20, 0x70, 0x61, 0x75, 0x73, 0x65, 0x20, 0x3b, 0x3b, 0x0a, 0x20,
    0x20, 0x20, 0x20, 0x20, 0x20, 0x31, 0x36, 0x29, 0x20, 0x43, 0x55, 0x52, 0x52, 0x45, 0x4e, 0x54,
    0x5f, 0x41, 0x43, 0x54, 0x49, 0x4f, 0x4e, 0x3d, 0x22, 0x64, 0x6f, 0x63, 0x6b, 0x65, 0x72, 0x22,
    0x3b, 0x20, 0x69, 0x6e, 0x73, 0x74, 0x61, 0x6c, 0x6c, 0x5f, 0x64, 0x6f, 0x63, 0x6b, 0x65, 0x72,
    0x3b, 0x20, 0x70, 0x61, 0x75, 0x73, 0x65, 0x20, 0x3b, 0x3b, 0x0a, 0x20, 0x20, 0x20, 0x20, 0x20,
    0x20, 0x31, 0x37, 0x29, 0x20, 0x43, 0x55, 0x52, 0x52, 0x45, 0x4e, 0x54, 0x5f, 0x41, 0x43, 0x54,
    0x49, 0x4f, 0x4e, 0x3d, 0x22, 0x52, 0x20, 0x6d, 0x61, 0x6e, 0x61, 0x67, 0x65, 0x72, 0x22, 0x3b,
    0x20, 0x69, 0x6e, 0x73, 0x74, 0x61, 0x6c, 0x6c, 0x5f, 0x72, 0x3b, 0x20, 0x70, 0x61, 0x75, 0x73,
    0x65, 0x20, 0x3b, 0x3b, 0x0a, 0x20, 0x20, 0x20, 0x20, 0x20, 0x20, 0x31, 0x38, 0x29, 0x20, 0x43,
    0x55, 0x52, 0x52, 0x45, 0x4e, 0x54, 0x5f, 0x41, 0x43, 0x54, 0x49, 0x4f, 0x4e, 0x3d, 0x22, 0x52,
    0x53, 0x74, 0x75, 0x64, 0x69, 0x6f, 0x20, 0x53, 0x65, 0x72, 0x76, 0x65, 0x72, 0x22, 0x3b, 0x20,
    0x69, 0x6e, 0x73, 0x74, 0x61, 0x6c, 0x6c, 0x5f, 0x72, 0x73, 0x74, 0x75, 0x64, 0x69, 0x6f, 0x3b,
    0x20, 0x70, 0x61, 0x75, 0x73, 0x65, 0x20, 0x3b, 0x3b, 0x0a, 0x20, 0x20, 0x20, 0x20, 0x20, 0x20,
    0x31, 0x39, 0x29, 0x20, 0x43, 0x55, 0x52, 0x52, 0x45, 0x4e, 0x54, 0x5f, 0x41, 0x43, 0x54, 0x49,
    0x4f, 0x4e, 0x3d, 0x22, 0x4d, 0x69, 0x6e, 0x69, 0x66, 0x6f, 0x72, 0x67, 0x65, 0x22, 0x3b, 0x20,
    0x69, 0x6e, 0x73, 0x74, 0x61, 0x6c, 0x6c, 0x5f, 0x6d, 0x69, 0x6e, 0x69, 0x66, 0x6f, 0x72, 0x67,
    0x65, 0x3b, 0x20, 0x70, 0x61, 0x75, 0x73, 0x65, 0x20, 0x3b, 0x3b, 0x0a, 0x20, 0x20, 0x20, 0x20,
    0x20, 0x20, 0x32, 0x30, 0x29, 0x20, 0x43, 0x55, 0x52, 0x52, 0x45, 0x4e, 0x54, 0x5f, 0x41, 0x43,
    0x54, 0x49, 0x4f, 0x4e, 0x3d, 0x22, 0x63, 0x6f, 0x6e, 0x64, 0x61, 0x72, 0x63, 0x22, 0x3b, 0x20,
    0x63, 0x6f, 0x6e, 0x66, 0x69, 0x67, 0x75, 0x72, 0x65, 0x5f, 0x74, 0x75, 0x6e, 0x61, 0x5f, 0x63,
    0x6f, 0x6e, 0x64, 0x61, 0x5f, 0x6d, 0x69, 0x72, 0x72, 0x6f, 0x72, 0x73, 0x3b, 0x20, 0x70, 0x61,
    0x75, 0x73, 0x65, 0x20, 0x3b, 0x3b, 0x0a, 0x20, 0x20, 0x20, 0x20, 0x20, 0x20, 0x32, 0x31, 0x29,
    0x20, 0x43, 0x55, 0x52, 0x52, 0x45, 0x4e, 0x54, 0x5f, 0x41, 0x43, 0x54, 0x49, 0x4f, 0x4e, 0x3d,
    0x22, 0x67, 0x72, 0x6f, 0x75, 0x70, 0x73, 0x22, 0x3b, 0x20, 0x69, 0x6e, 0x69, 0x74, 0x5f, 0x67,
    0x72, 0x6f, 0x75, 0x70, 0x73, 0x3b, 0x20, 0x70, 0x61, 0x75, 0x73, 0x65, 0x20, 0x3b, 0x3b, 0x0a,
    0x20, 0x20, 0x20, 0x20, 0x20, 0x20, 0x32, 0x32, 0x29, 0x20, 0x43, 0x55, 0x52, 0x52, 0x45, 0x4e,
    0x54, 0x5f, 0x41, 0x43, 0x54, 0x49, 0x4f, 0x4e, 0x3d, 0x22, 0x63, 0x72, 0x65, 0x61, 0x74, 0x65,
    0x20, 0x75, 0x73, 0x65, 0x72, 0x22, 0x3b, 0x20, 0x63, 0x72, 0x65, 0x61, 0x74, 0x65, 0x5f, 0x75,
    0x73, 0x65, 0x72, 0x3b, 0x20, 0x70, 0x61, 0x75, 0x73, 0x65, 0x20, 0x3b, 0x3b, 0x0a, 0x20, 0x20,
    0x20, 0x20, 0x20, 0x20, 0x32, 0x33, 0x29, 0x20, 0x43, 0x55, 0x52, 0x52, 0x45, 0x4e, 0x54, 0x5f,
    0x41, 0x43, 0x54, 0x49, 0x4f, 0x4e, 0x3d, 0x22, 0x68, 0x65, 0x61, 0x6c, 0x74, 0x68, 0x20, 0x63,
    0x68, 0x65, 0x63, 0x6b, 0x22, 0x3b, 0x20, 0x68, 0x65, 0x61, 0x6c, 0x74, 0x68, 0x5f, 0x63, 0x68,
    0x65, 0x63, 0x6b, 0x3b, 0x20, 0x70, 0x61, 0x75, 0x73, 0x65, 0x20, 0x3b, 0x3b, 0x0a, 0x20, 0x20,
    0x20, 0x20, 0x20, 0x20, 0x32, 0x34, 0x29, 0x20, 0x43, 0x55, 0x52, 0x52, 0x45, 0x4e, 0x54, 0x5f,
    0x41, 0x43, 0x54, 0x49, 0x4f, 0x4e, 0x3d, 0x22, 0x72, 0x6f, 0x6f, 0x74, 0x20, 0x73, 0x73, 0x68,
    0x20, 0x6b, 0x65, 0x79, 0x22, 0x3b, 0x20, 0x63, 0x6f, 0x6e, 0x66, 0x69, 0x67, 0x75, 0x72, 0x65,
    0x5f, 0x72, 0x6f, 0x6f, 0x74, 0x5f, 0x73, 0x73, 0x68, 0x5f, 0x6b, 0x65, 0x79, 0x5f, 0x6c, 0x6f,
    0x67, 0x69, 0x6e, 0x3b, 0x20, 0x70, 0x61, 0x75, 0x73, 0x65, 0x20, 0x3b, 0x3b, 0x0a, 0x20, 0x20,
    0x20, 0x20, 0x20, 0x20, 0x30, 0x29, 0x20, 0x65, 0x78, 0x69, 0x74, 0x20, 0x30, 0x20, 0x3b, 0x3b,
    0x0a, 0x20, 0x20, 0x20, 0x20, 0x20, 0x20, 0x2a, 0x29, 0x20, 0x77, 0x61, 0x72, 0x6e, 0x20, 0x22,
    0xe6, 0x97, 0xa0, 0xe6, 0x95, 0x88, 0xe9, 0x80, 0x89, 0xe6, 0x8b, 0xa9, 0x3a, 0x20, 0x24, 0x63,
    0x68, 0x6f, 0x69, 0x63, 0x65, 0x22, 0x3b, 0x20, 0x73, 0x6c, 0x65, 0x65, 0x70, 0x20, 0x31, 0x20,
    0x3b, 0x3b, 0x0a, 0x20, 0x20, 0x20, 0x20, 0x65, 0x73, 0x61, 0x63, 0x0a, 0x20, 0x20, 0x64, 0x6f,
    0x6e, 0x65, 0x0a, 0x7d, 0x0a, 0x0a, 0x6d, 0x61, 0x69, 0x6e, 0x20, 0x22, 0x24, 0x40, 0x22,
};
static const size_t embedded_script_len = 123343;
#endif
